愛国心,現代社会,自分の国を愛し、国の発展を願う心を何と言いますか？,自由権 公民権 社会権 福祉国家 国際協力 平和主義 多文化共生 消費者保護 男女共同参画 情報化社会
IT社会(情報社会),現代社会,コンピューターやインターネットを利用した情報のやり取りが中心となる社会を何と言いますか？,経済成長 多文化共生 グローバル化 地方分権 情報化社会 環境問題 人権尊重 消費社会 政治参加 平和主義
アイヌ,現代社会,日本の北海道地方に伝わる先住民族を何と言いますか？,韓国 朝鮮 琉球民族 沖縄県 アイヌ民族 中国 少数民族 大和民族 アイヌ文化 アイヌ文化振興法
アイヌ文化振興法,法,アイヌ民族の文化を守り、振興するために制定された法律は何ですか？,育児・介護休業法 個人情報保護法 消費者基本法 労働基準法 男女共同参画基本法 障害者基本法 民法 刑法 遺伝子操作法 環境基本法
アダム・スミス,経済,「国富論」を著し、自由経済の考え方を提唱した18世紀の経済学者は誰ですか？,カール・マルクス ジョン・メイナード・ケインズ アルフレッド・マーシャル ジョセフ・シュンペーター デヴィッド・リカード トマス・ピケティ ジョン・ロック フリードリヒ・リスト マルクス・ウェーバー ジョン・スチュアート・ミル
新しい人権,法,環境権やプライバシーの保護など、近年新たに認められてきた人権を何と言いますか？,基本的人権 自由権 社会権 平和権 参政権 児童の権利 労働基本権 国際人権 国連憲章 情報公開法
アメリカ独立宣言,政治,1776年にアメリカがイギリスからの独立を宣言した文書を何と言いますか？,権利章典 ワイマール憲法 憲法改正条項 フランス人権宣言 国連憲章 日本国憲法 憲法制定会議 国際人権規約 環境権 男女共同参画基本法
安全保障理事会 [国連],政治,国連の中で、国際平和と安全の維持を担当する機関は何ですか？,国際連合総会 国際司法裁判所 世界保健機関 ユネスコ 国際通貨基金 世界銀行 国連難民高等弁務官事務所 人権理事会 国連事務局 経済社会理事会
育児・介護休業法,法,仕事と家庭の両立を支援し、育児や介護のための休業を認める法律は何ですか？,労働基準法 労働組合法 男女雇用機会均等法 障害者基本法 個人情報保護法 消費者基本法 刑法 民法 商法 労働契約法
違憲立法審査権,法,裁判所が法律の憲法違反を判断する権限を何と言いますか？,司法権 立法権 行政権 国民審査 拒否権 修正権 否決権 弾劾権 選挙権 参政権
一票の格差,政治,選挙で一人一票の原則が守られず、地域ごとに票の価値が異なることを何と言いますか？,比例代表制 小選挙区制 選挙権 参政権 直接選挙 間接選挙 議会制民主主義 連邦制 二院制 地方自治
遺伝子操作,現代社会,生物の遺伝子を人工的に変える技術を何と言いますか？,クローン技術 バイオエシックス 生命倫理 遺伝子組み換え技術 バイオテクノロジー 先住民族保護環境権 プライバシー権 文化財保護法 知的財産権 公害対策
異文化理解,現代社会,異なる文化を尊重し、理解し合うことを何と言いますか？,多文化共生 グローバル化 国際協力 地域主義 アイデンティティ 保護主義 ナショナリズム 民族主義 民主主義 文化多様性
インターネット,現代社会,世界中のコンピューターを結ぶ情報通信網を何と言いますか？,ワールドワイドウェブ 電話網 放送網 モバイルネットワーク クラウドコンピューティング ソーシャルメディア ブロードバンド 無線通信 携帯電話 ネットワークセキュリティ
インフォームド・コンセント,法,医療の場面で患者が十分な説明を受けた上で同意することを何と言いますか？,代理人制度 裁判員制度 プライバシー権 自由権 公正取引契約 労働基本権 参政権 基本的人権 消費者保護 消費者基本法
インフレーション(インフレ),経済,物価が継続的に上昇し、通貨の価値が下がる現象を何と言いますか？,デフレーション 不況 好景気 供給過剰 需要不足 失業率 国際収支 財政赤字 経済成長 通貨危機
エイズ患者,現代社会,ヒト免疫不全ウイルス（HIV）に感染し、免疫力が低下した病気の患者を何と言いますか？,糖尿病患者 ガン患者 インフルエンザ患者 肺炎患者 結核患者 高血圧患者 脳卒中患者 アレルギー患者 認知症患者 生活習慣病患者
エネルギー,現代社会,仕事や生活に必要な力や燃料のことを何と言いますか？,資本 労働力 財 政策 技術 情報 資源 生産 手段 貿易
円高,経済,日本円の価値が外国通貨に対して高くなることを何と言いますか？,インフレーション デフレーション 輸出 超過供給 物価上昇 物価下落 金利上昇 金利低下 為替介入 円安
円安,経済,日本円の価値が外国通貨に対して低くなることは何と言いますか？,インフレーション デフレーション 輸出 超過供給 物価上昇 物価下落 金利上昇 金利低下 為替介入 円高
大きな政府,政治,政府の役割や規模が大きく、積極的に経済や社会に介入する政策を何と言いますか？,小さな政府 自由主義 保守主義 民主主義 立憲主義 直接民主制 間接民主制 連邦制 中央集権 制限政府
オゾン層,現代社会,地球を紫外線から守る成層圏にあるガスの層を何と言いますか？,温室効果層 地表層 寒冷前線 オゾ層 海洋層 大気圏 磁気圏 成層圏 赤道大気圏 オゾメン層
卸売業,経済,商品を大量に仕入れて小売業者に販売する業種を何と言いますか？,小売業 製造業 サービス業 農業 漁業 林業 鉱業 建設業 運輸業 金融業
温室効果ガス,現代社会,地球の気温を上昇させる原因となる大気中の気体を何と言いますか？,酸素 二酸化炭素 窒素 水素 メタン アンモニア オゾン 硫黄化合物 塩素 水蒸気
オンブズマン制度,法,行政の不正や不当な行為を監視し、改善を求める制度を何と言いますか？,裁判制度 監査制度 国会制度 立法制度 行政改革 制裁制度 行政裁判 所信表明 決議制度 司法権
外交,政治,国と国との関係を調整し、交渉や協力を行う活動を何と言いますか？,内政 政治運動 選挙活動 立法活動 行政活動 国際貿易 経済活動 国際協力 社会運動 情報活動
外国人差別,現代社会,日本に住む外国人に対して不当な扱いや偏見をすることを何と言いますか？,人種差別 性差別 障害者差別 年齢差別 宗教差別 国籍差別 地域差別 身分差別 職業差別 階級差別
外国人参政権,政治,日本に住む外国人に認めるべきか議論されている政治参加の権利を何と言いますか？,選挙権 被選挙権 投票権 議員権 住民投票権 立候補権 罷免権 直接民主権 間接民主権 参政権
介護保険,法,高齢者の介護を社会全体で支えるための保険制度を何と言いますか？,年金保険 健康保険 労災保険 失業保険 自賠責保険 火災保険 自動車保険 生命保険 傷害保険 損害保険
介護保険法,法,介護保険制度の内容を定めた法律を何と言いますか？,労働基準法 民法 刑法 労働契約法 男女雇用機会均等法 育児・介護休業法 消費者基本法 障害者基本法 遺伝子組み換え法 個人情報保護法
外務省,政治,日本の外交政策を担当する中央官庁はどこですか？,法務省 財務省 厚生労働省 経済産業省 内閣府 総務省 文部科学省 防衛省 警察庁 内務省
価格,経済,商品やサービスの売買における価値の交換比率を何と言いますか？,賃金 利子 配当 手数料 関税 税金 給料 所得 利益 資本
科学技術,現代社会,自然の法則に基づく知識やその応用を何と言いますか？,人文科学 社会科学 心理学 医学 経済学 情報通信技術 応用科学 自然科学 化学技術 物理技術
下級裁判所,法,日本の裁判所のうち、地方裁判所や家庭裁判所などを総称して何と言いますか？,最高裁判所 高等裁判所 検察庁 弁護士会 法務省 内閣法制局 裁判官会議 裁判所職員連盟 公証人役場 行政機関
核拡散防止条約,政治,核兵器の拡散を防ぐために各国が結んだ条約を何と言いますか？,地球温暖化防止条約 気候変動枠組条約 パリ協定 国連憲章 人権宣言 環境基本法 防衛白書 日米安全保障条約 連合国条約 国際刑事裁判所設立条約
核家族,現代社会,親と子どもだけの家族形態を何と言いますか？,拡大家族 単身世帯 夫婦のみ世帯 一人親家庭 祖父母同居世帯 共同生活世帯 同居家族 世帯別人口 単世帯 介護家族
閣議,政治,日本の内閣が重要な政策を決定する会議を何と言いますか？,国会 予算委員会 議会 衆議院 参議院 内閣総理大臣 会議室 省庁会議 国会運営委員会 連立会議
核兵器,政治,大きな破壊力を持つ原子力を利用した兵器を何と言いますか？,化学兵器 生物兵器 ミサイル 大砲 銃器 爆弾 手榴弾 機関銃 無人兵器 ドローン
家計,経済,家庭での収入と支出の管理を何と言いますか？,企業経営 財務会計 国家予算 投資運用 貿易収支 金融政策 経済成長 物価指数 労働市場 財政赤字
貸付,経済,お金を一定期間貸し出すことを何と言いますか？,預金 投資 配当 返済 利息 資産運用 保険料 収益 流動性 債権
化石燃料,現代社会,石炭や石油など、地中に長い時間かけてできた燃料を何と言いますか？,再生可能エネルギー 水力発電 太陽光発電 風力発電 原子力エネルギー バイオマスエネルギー 地熱エネルギー 潮力エネルギー 電気 エネルギー効率
寡占,経済,少数の企業が市場の大部分を支配している状態を何と言いますか？,独占 競争市場 完全競争 市場均衡 自由競争 価格競争 独占禁止法 市場介入 公正取引 需要と供給
過疎化,現代社会,人口が減少し、地域の活力が失われる現象を何と言いますか？,過密化 都市集中 少子化 高齢化 住宅過剰 地方分権 都市化 地域活性化 労働力不足 移民増加
家族,現代社会,血縁や婚姻などで結ばれた生活共同体を何と言いますか？,個人 友人集団 職場集団 政党 学校集団 近隣住民 集団就職 労働組合 地域共同体 社会集団
家庭裁判所,法,離婚や相続など家庭内の問題を扱う裁判所はどれですか？,最高裁判所 地方裁判所 高等裁判所 簡易裁判所 検察庁 労働審判所 行政裁判所 刑事裁判所 民事裁判所 国際裁判所
株式または株式会社,経済,企業が資金調達のために発行し、株主が出資する会社の仕組みを何と言いますか？,有限責任会社 合同会社 個人事業 主婦起業 合同労働組合 合同会社制度 公社 公団 独立行政法人 財団法人
株主,経済,株式会社に出資し、経営に参加する権利を持つ人を何と言いますか？,債権者 従業員 取締役 社長 会計士 税理士 弁護士 公認会計士 労働組合代表 消費者代表
貨幣,経済,商品やサービスの交換に用いるお金のことを何と言いますか？,物々交換 商品券 電子マネー クレジットカード 小切手 手形 株券 債券 預金通貨 金券
過密化,現代社会,人口が集中して密度が高くなることを何と言いますか？,過疎化 都市化 地方分権 少子高齢化 労働力流出 住宅不足 公害 増税 都市計画 交通渋滞
カルテル,経済,複数の企業が価格や生産量を協定して競争を避けることを何と言いますか？,独占 禁止法 競争促進 法規制 価格競争 自由市場 公正取引 独占禁止法 合同企業 共同体
過労死,現代社会,過度な労働によって健康を害し死亡することを何と言いますか？,失業 病気 障害 職業病 労働災害 労働争議 過労 入院 事故 介護
為替,経済,異なる通貨間の交換や支払いを何と言いますか？,株式 債券 貿易 物価 賃金 給料 貯蓄 利子 財政 赤字
簡易裁判所,法,比較的軽い事件を扱う裁判所を何と言いますか？,地方裁判所 高等裁判所 最高裁判所 家庭裁判所 行政裁判所 裁判員裁判所 民事裁判所 刑事裁判所 国際裁判所 司法委員会
環境アセスメント法,法,大規模開発事業が環境に与える影響を調査し、評価することを義務付ける法律はどれですか？,環境基本法 自然保護法 公害防止法 廃棄物処理法 水質汚濁防止法 騒音規制法 大気汚染防止法 森林法 地球温暖化対策法 自然環境保全法
環境基本法,法,日本の環境保全の基本的な方針を定めた法律はどれですか？,環境アセスメント法 公害防止法 水質汚濁防止法 騒音規制法 廃棄物処理法 地球温暖化対策法 森林法 自然保護法 自然環境保全法 環境教育法
環境権,法,健康で文化的な環境で生活する権利を何と言いますか？,生存権 労働基本権 自由権 社会権 参政権 基本的人権 受益権 財産権 公益権 環境保護権
環境立国,政治,環境保全を国の重要政策とする国家のあり方を何と言いますか？,経済立国 自由立国 安全保障 国家主権 地方分権 文化立国 技術立国 福祉国家 教育国家 交通国家
観光,現代社会,他の地域や国に行き、自然や文化を楽しむ活動を何と言いますか？,移住 出張 通勤 通学 旅行 留学 研修 商談 訪問 視察
観光立国,政治,観光産業を国の重要な成長戦略とする政策を何と言いますか？,農業立国 工業立国 技術立国 福祉国家 経済立国 環境立国 教育立国 軍事立国 貿易立国 文化立国
間接税,経済,消費者が税を負担するが、企業が代わりに納める税を何と言いますか？,直接税 所得税 法人税 固定資産税 贈与税 相続税 住民税 事業税 自動車税 消費税
間接民主制,政治,国民が代表者を選び、その代表が政治を行う制度を何と言いますか？,直接民主制 立憲君主制 絶対君主制 議会制 独裁制 専制政治 民主主義 君主制 共和制 社会主義
管理価格,経済,政府が価格の上限や下限を決めて調整する価格を何と言いますか？,市場価格 均衡価格 希望小売価格 競争価格 取引価格 公定価格 原価価格 参考価格 実勢価格 希少価格
議院内閣制,政治,国会が内閣の信任権を持ち、内閣が国会に責任を負う政治制度を何と言いますか？,大統領制 連邦制 直接民主制 独裁制 立憲君主制 議会制 絶対君主制 社会主義 民主主義 専制政治
飢餓,現代社会,食料不足で栄養失調や死に至る状態を何と言いますか？,飽食 栄養過多 過食 食物中毒 食品衛生 食品廃棄 食料自給率 食料浪費 食品安全 食料危機
議会制民主主義,政治,国民が選んだ代表が議会で法律を決める政治の仕組みを何と言いますか？,直接民主制 立憲君主制 独裁制 専制政治 社会主義 連邦制 大統領制 共和制 君主制 独立制
企業,経済,商品やサービスを生産・販売する組織を何と言いますか？,家族 消費者 労働者 市場 政府 投資家 取引先 銀行 公務員 商店
企業家,経済,新しい事業や商品を生み出す人を何と言いますか？,投資家 労働者 消費者 官僚 公務員 取締役 従業員 監査役 議員 研究者
棄権,政治,選挙の投票を行わないことを何と言いますか？,投票 当選 選出 選挙権 立候補 投票率 有権者 投票所 期日前投票 開票
技術革新,経済,新しい技術や製品が開発されることを何と言いますか？,経済成長 産業革命 生産性向上 市場拡大 資本主義 競争力向上 需要増加 労働力増加 市場縮小 労働生産性
規制緩和,政治,政府の規制を減らし、市場の自由を広げる政策を何と言いますか？,市場介入 保護主義 独占禁止法 福祉国家 自由貿易 保護関税 地方分権 中央集権 公共事業 労働組合
基本的人権,法,すべての人が生まれながらにして持つ自由や権利を何と言いますか？,財産権 契約自由 労働権 選挙権 参政権 社会権 自由権 平和権 環境権 議員資格
基本的人権の尊重,法,日本国憲法が国の基本原則として掲げる、人権を大切にする考え方を何と言いますか？,権利保障 平和主義 国民主権 立憲主義 民主主義 三権分立 法の支配 直接民主制 間接民主制 代表民主制
君が代,政治,日本の国歌を何と言いますか？,国旗 歌舞伎 日本国憲法 祝日 祭り 文化財 国家 議会 憲法裁判所 国際条約
義務,法,国民が法律や憲法に従って行わなければならない責任や行動を何と言いますか？,権利 自由 参政権 罷免権 監督権 選挙権 言論の自由 保障 権限 保護
旧敵国条項,政治,国連憲章にあり第二次世界大戦の戦勝国と敗戦国の関係を定めた条項を何と言いますか？,安全保障理事会 常任理事国 非常任理事国 国際連合総会 人権理事会 平和維持軍 国際刑事裁判所 国際通貨基金 世界銀行 国際司法裁判所
教育基本法,法,日本の教育の基本方針を定めた法律を何と言いますか？,学校教育法 教育委員会法 教育委員会規則 学校保健法 義務教育法 学校設置法 教育振興法 教育改革法 教育政策法 教育支援法
教育を受ける権利,法,すべての人が教育を受けることができる権利を何と言いますか？,参政権 労働権 財産権 自由権 受益権 基本的人権 社会権 平和権 環境権 選挙権
供給,経済,商品やサービスを市場に出す量を何と言いますか？,需要 消費 生産 投資 貯蓄 販売 利益 価格 賃金 労働力
行政,政治,法律に基づいて国や地方公共団体が行う仕事や活動を何と言いますか？,立法 政策決定 司法 選挙 監督 調査 改革 審査 計画 財政
行政改革,政治,行政の効率化や透明化を進める取り組みを何と言いますか？,市場開放 規制強化 政府介入 民主化 独裁制 地方分権 中央集権 行政監査 公務員制度改革 公共事業
行政権,政治,法律を実行し、国の政策を行う権限を何と言いますか？,立法権 司法権 選挙権 議会権 監督権 決定権 参政権 統治権 行政裁量権 自治権
行政権の肥大,政治,行政の権限や役割が過剰に大きくなることを何と言いますか？,権力分立 政府縮小 行政改革 行政監査 権力集中 立法肥大 司法肥大 行政独裁 市民参加 行政責任
競争,経済,企業や個人が利益や市場を獲得するために争うことを何と言いますか？,協力 独占 合意 協調 連携 競争排除 価格統制 競争制限 経済統制 価格協定
京都議定書,政治,温暖化防止のために各国が二酸化炭素の排出削減を約束した国際条約はどれですか？,パリ協定 国連憲章 気候変動枠組条約 生物多様性条約 国際労働機関条約 国際人権規約 地球温暖化防止法 廃棄物処理法 環境基本法 海洋法条約
郷土,現代社会,自分が生まれ育った土地や地域を何と言いますか？,首都 都市 国家 国土 県 市町村 村 落合 区 区域
拒否権,政治,特定の決定に対して拒否できる権利を何と言いますか？,承認権 決定権 議決権 否定権 人権 選挙権 選出権 否決権 否認権 罷免権
銀行,経済,預金や貸付などの金融業務を行う機関を何と言いますか？,証券会社 保険会社 証券取引所 中央銀行 信用金庫 投資信託 信用組合 労働金庫 住宅ローン会社 ノンバンク
均衡価格,経済,需要と供給が一致し、市場で決まる価格を何と言いますか？,希望価格 最高価格 最低価格 販売価格 公定価格 指定価格 基準価格 参考価格 交渉価格 入札価格
銀行の銀行,経済,他の銀行に資金を貸し出す中央銀行のことを何と言いますか？,普通銀行 信用金庫 証券会社 労働金庫 保険会社 投資銀行 信用組合 貸金業者 ノンバンク 金融庁
金融,経済,お金の流れや管理、貸し借りなどをまとめて何と言いますか？,貿易 資源 投資 生産 流通 消費 経済成長 物価 労働力 財政
金融機関,経済,預金や貸付、為替業務などを行う機関を何と言いますか？,証券会社 保険会社 証券取引所 信用金庫 投資信託 信用組合 労働金庫 住宅ローン会社 ノンバンク ファンドマネージャー
金融政策,経済,中央銀行が通貨供給量や金利を調整して景気を安定させる政策を何と言いますか？,財政政策 産業政策 貿易政策 規制政策 保護政策 輸出促進政策 租税政策 公共事業政策 賃金政策 物価政策
勤労所得,経済,働いて得られる賃金や給与のことを何と言いますか？,資本所得 利子配当 不労所得 事業所得 財産所得 配当所得 土地所得 賃貸所得 労働分配金 事業分配金
勤労の義務,法,日本国憲法で国民に課せられている、働くことの責任を何と言いますか？,勤労の権利 参政権 自由権 社会権 基本的人権 財産権 選挙権 義務教育 権利保障 保障
勤労の権利,法,働くことができる権利を日本国憲法で保障しているが、この権利を何と言いますか？,勤労の義務 参政権 自由権 社会権 基本的人権 財産権 選挙権 義務教育 権利保障 保障
クーリング・オフ,法,消費者が契約後一定期間内に無条件で契約を解除できる制度を何と言いますか？,返金制度 保証制度 保険制度 返品制度 消費者契約法 違約金制度 クレーム処理制度 消費者保護法 消費税制度 消費者相談制度
クールジャパン,現代社会,日本の文化や製品を海外に発信し、経済効果をねらう戦略を何と言いますか？,グローバル化 輸出促進 貿易摩擦 貿易赤字 貿易黒字 多国籍企業 国際協力 国際貿易 国際金融 貿易自由化
日本国憲法,法,日本国の最高法規はどれですか？,基本的人権 民法 刑法 労働基準法 教育基本法 地方自治法 国民の権利 国会法 税法 平和基本法
クレジットカード,経済,商品やサービスの代金を後払いで支払うことができるカードを何と言いますか？,デビットカード 電子マネー キャッシュカード ポイントカード プリペイドカード ギフトカード クーポン券 現金 小切手 手形
グローバル化,現代社会,世界各国が経済や文化、情報で密接につながることを何と言いますか？,地域化 独占資本主義 自給自足 保護主義 民族主義 閉鎖経済 貿易摩擦 内需拡大 資本主義 輸出自由化
グローバル人材,現代社会,国際社会で活躍できる能力を持つ人材を何と言いますか？,国内人材 地方人材 専門職員 事務職員 公務員 技術者 技能労働者 一般職員 教師 研究者
クローン技術,現代社会,遺伝的に同一の個体を人工的に作る技術を何と言いますか？,遺伝子組換え 遺伝子操作 遺伝子治療 遺伝子診断 遺伝子編集 遺伝子多型 遺伝子突然変異 遺伝子配列解析 遺伝子増幅 遺伝子発現
経営者,経済,企業の方針を決定し、経営を指導する人を何と言いますか？,従業員 労働者 監査役 株主 投資家 販売員 取引先 公務員 研究者 技術者
景気,経済,経済活動の活発さや停滞の状態を何と言いますか？,物価 指数 賃金 貿易収支 財政 赤字 黒字 失業率 物価上昇 金利
景気の変動,経済,好景気と不景気が繰り返される経済の動きを何と言いますか？,インフレ デフレ 失業率 賃金上昇 経済成長 物価安定 公共投資 財政再建 金融引締め 物価変動
経済,経済,人々が財やサービスを生産・分配・消費する活動を何と言いますか？,政治 文化 教育 技術 科学 医療 福祉 農業 工業 商業
経済活動の自由,法,経済活動を自由に行うことが認められている権利を何と言いますか？,経済制限 経済統制 経済規制 財産権 独占禁止権 労働基本権 参政権 社会権 環境権 自由権
経済成長,経済,一国の経済規模が長期間にわたり拡大することを何と言いますか？,経済停滞 経済後退 経済縮小 景気後退 物価下落 賃金減少 失業増加 財政赤字 金利上昇 貿易赤字
経済のサービス化・ソフト化,経済,物の生産からサービスや情報産業が中心になることを何と言いますか？,工業化 農業化 製造業化 資源産業化 建設業化 伝統産業化 重工業化 輸出産業化 造船業化 自動車産業化
経済の循環,経済,家計・企業・政府・海外間での貨幣や物の流れを何と言いますか？,貿易収支 生産連鎖 資本連鎖 物流網 金融網 財政政策 産業構造 労働市場 金融市場 貨幣政策
刑事裁判,法,犯罪に対して罪を裁く裁判を何と言いますか？,民事裁判 行政裁判 労働裁判 家庭裁判 国際裁判 商事裁判 仲裁 裁判員裁判 民事調停 調停委員会
刑事補償請求権,法,冤罪で損害を受けた被告人が国に補償を求める権利を何と言いますか？,損害賠償請求権 所得保障権 労働補償権 社会保障権 参政権 自由権 基本権 選挙権 財産権 表現の自由
芸術,現代社会,美や感情を表現する活動を何と言いますか？,科学 技術 工業 商業 政治 経済 教育 医療 福祉 スポーツ
経世済民,経済,国の政治や経済を治めて人々の生活を安定させることを表す言葉を何と言いますか？,政治腐敗 経済混乱 社会不安 政府無策 財政赤字 経済後退 物価高騰 賃金低下 失業増加 貧困拡大
契約,法,二者間で権利義務を取り決める約束を何と言いますか？,合意 解約 取消 無効 取消権 権利放棄 請求権 所有権 使用権 貸借権
ケインズ,経済,有効需要の不足が不況を引き起こすと説いた経済学者は誰ですか？,アダム・スミス マルクス リカード フリードマン サミュエルソン シュンペーター ハイエク ロック ルーズベルト カイン
原告,法,裁判で訴えを起こす側の人を何と言いますか？,被告 裁判官 弁護士 検察官 証人 陪審員 調停者 仲裁者 裁判員 書記官
検察官,法,犯罪を起訴して裁判で立証する役割を持つ人を何と言いますか？,弁護人 裁判官 被告 証人 陪審員 原告 書記官 調停者 仲裁者 裁判員
検察審査会,法,不起訴処分の妥当性を市民が審査する制度を何と言いますか？,裁判所 弁護団 警察庁 法務省 国会 裁判員制度 陪審制度 検察官委員会 弁護士会 公訴権
原子力発電,現代社会,核分裂のエネルギーを利用して電気をつくる発電方法を何と言いますか？,火力発電 水力発電 太陽光発電 風力発電 地熱発電 バイオマス発電 潮力発電 洋上風力発電 LNG発電 石炭火力発電
減税,経済,税金の負担を軽くすることを何と言いますか？,増税 課税 免税 申告 納税 控除 調整 税率引上げ 税収増加 予算削減
憲法,法,国の基本的なルールや国民の権利義務を定めた最高法規を何と言いますか？,法律 条例 規則 命令 規約 契約 約款 条項 章典 条例集
憲法改正,法,憲法の内容を変更することを何と言いますか？,法律改正 条例改正 規則変更 命令改正 契約変更 規約変更 章典改正 条項改正 条例変更 条約改正
憲法審査会,政治,国会内で憲法改正案の審議を行う機関を何と言いますか？,内閣委員会 司法委員会 監査委員会 財務委員会 法務委員会 外交委員会 議院運営委員会 文教委員会 予算委員会 憲法委員会
憲法の番人,法,憲法の遵守を守り、法律や行政の違憲を判断する裁判所を何と言いますか？,国会 行政機関 内閣 裁判所 検察庁 警察庁 弁護士会 法務省 公証人 監査院
権利,法,国民が持つ自由や利益を法律に基づいて主張できる力を何と言いますか？,義務 責任 義務権 利益 免責 権限 役割 職務 特権 責務
権利の章典,法,イギリスで1689年に制定され、国民の権利を保障した文書を何と言いますか？,マグナカルタ ワイマール憲法 アメリカ独立宣言 フランス人権宣言 日本国憲法 国際人権規約 バージニア権利章典 ナポレオン法典 ジュネーブ条約 国際労働機関憲章
権力分立,政治,国家の権力を三つに分けて相互に抑制・均衡させる仕組みを何と言いますか？,独裁制 専制政治 全体主義 民主主義 君主制 連邦制 協議制 直接民主制 代議制 軍事政権
合意,法,当事者同士が意見を一致させて決定することを何と言いますか？,対立 争議 反対 論争 不一致 紛争 争訟 反論 抗議 異議
公海,法,いずれの国にも属さず、すべての国が自由に利用できる海域を何と言いますか？,領海 内水 排他的経済水域 海峡 国際水域 公共水域 保護水域 排除水域 沿岸水域 水域管理区
公害,現代社会,工場や車の排出物などによって、自然や人の健康が損なわれる問題を何と言いますか？,温暖化 水質汚染 土壌汚染 騒音 交通渋滞 自然破壊 森林伐採 水不足 ごみ問題 地球温暖化
公害問題,現代社会,経済活動により発生する環境汚染に関する社会的な問題を何と言いますか？,資源枯渇 砂漠化 森林破壊 温暖化 自然災害 水不足 絶滅危惧種 環境保護 環境破壊 エコロジー
公海自由の原則,法,公海ではすべての国が自由に航行・漁業などを行えるとする国際法上の原則を何と言いますか？,排他的経済水域 領海 内水 海峡 自由貿易 保護水域 領土主権 海洋主権 制限水域 沿岸国権
公企業,経済,政府や地方公共団体が経営する企業を何と言いますか？,私企業 民間企業 株式会社 合同会社 有限会社 株主会社 ベンチャー企業 合弁会社 共同企業 公団
公共サービス,経済,教育・福祉・警察・消防など、社会全体に提供されるサービスを何と言いますか？,民間サービス 商業サービス 自由サービス 専門サービス 個人サービス 業務サービス 特別サービス 産業サービス 文化サービス 社会サービス
公共財,経済,誰もが利用でき、他人の使用を妨げない財やサービスを何と言いますか？,私的財 独占財 消費財 投資財 生産財 有形財 無形財 資本財 労働財 資源財
公共事業,経済,政府が道路やダムなどの建設を行う事業を何と言いますか？,民間事業 私企業 開発事業 環境事業 産業事業 商業事業 農業事業 林業事業 水産事業 観光事業
公共投資,経済,景気を調整するために政府が行う公共事業への支出を何と言いますか？,民間投資 外国投資 個人投資 設備投資 直接投資 間接投資 資本投資 金融投資 短期投資 長期投資
公共の精神,現代社会,自分だけでなく社会全体の利益を考えて行動する心構えを何と言いますか？,私利私欲 利己主義 独善 主観主義 自己中心 主体性 独立心 私有意識 自己利益 利己心
公共の福祉,法,すべての国民の利益を守るために、個人の権利が制限されることを何と言いますか？,基本的人権 自由権 社会権 平等権 財産権 参政権 生命権 教育権 勤労権 保障権
公共料金,経済,電気・水道・交通など生活に必要な基本サービスの料金を何と言いますか？,消費税 税金 保険料 罰金 寄付金 会費 使用料 手数料 保守費 維持費
好景気(好況),経済,経済活動が活発になり、所得や雇用が増える状態を何と言いますか？,不景気 不況 景気後退 景気停滞 デフレ リセッション 不況期 景気減退 景気低迷 景気減速
合計特殊出生率,現代社会,一人の女性が一生に産むとされる子どもの平均数を何と言いますか？,死亡率 平均寿命 自然増加率 人口増加率 失業率 婚姻率 離婚率 平均所得率 労働参加率 就業率
公債,経済,政府が資金調達のために発行する借金の証書を何と言いますか？,国債 税金 予算 収入 支出 財政 赤字 利子 資本 金融
公衆衛生,現代社会,人々の健康や衛生を守るために社会全体で取り組む活動を何と言いますか？,医療 介護 福祉 保健 環境衛生 医薬品 食品衛生 感染症対策 予防接種 健康診断
公職選挙法,法,国会議員や地方議員などの選挙の仕組みを定めた法律を何と言いますか？,選挙法 政党法 公共法 憲法 法律 条例 告示 命令 規則 規約
公正,法,差別や不公平がなく、正しく行われることを何と言いますか？,不公平 偏見 不正 侮辱 差別 不当 偏向 非倫理 無責任 不実
公正取引委員会,経済,独占や不当な取引を防ぐために設けられている国の機関を何と言いますか？,消費者庁 金融庁 公害委員会 労働基準監督署 農林水産省 厚生労働省 環境省 警察庁 財務省 文部科学省
控訴,法,第一審の判決に不服がある場合、上級の裁判所に訴えることを何と言いますか？,上告 起訴 陳述 弁論 調停 和解 裁決 告訴 検察 起訴取消
公的,法,国や地方公共団体が関わっていることを表す言葉は何ですか？,私的 民間 非公式 非公務 公開 非公開 独立 自主 自発 省庁
高等裁判所,法,控訴審を担当する、地方裁判所の上位にあたる裁判所を何と言いますか？,最高裁判所 地方裁判所 簡易裁判所 家庭裁判所 検察庁 裁判所 公証人役場 行政庁 公証役場 司法委員会
高度経済成長,経済,1950年代後半から1970年代初めまでの日本で急激に経済が成長した時期を何と言いますか？,バブル景気 不況 デフレ 低成長 景気後退 公害問題 失業率上昇 インフレーション リセッション 景気停滞
公民,現代社会,社会の中で主体的に参加し、権利と義務を果たす国民を何と言いますか？,被選挙人 住民 非市民 労働者 企業人 学生 消費者 職員 警察官 政治家
公務員,政治,国や地方公共団体で働く職員を何と言いますか？,民間社員 会社員 自営業者 政治家 警察官 司法書士 弁護士 教師 医師 看護師
公約,政治,選挙の際に候補者や政党が有権者に対して示す具体的な約束を何と言いますか？,公示 政策 法案 施策 誓約 宣言 条約 協定 計画 約束
小売業,経済,消費者に商品を直接販売する業種を何と言いますか？,卸売業 製造業 農業 林業 漁業 建設業 サービス業 金融業 運輸業 情報通信業
小売店,経済,商品を仕入れて消費者に直接販売する店舗を何と言いますか？,卸売店 工場 事務所 倉庫 支店 代理店 店舗 コンビニエンスストア スーパー デパート
効率,経済,できるだけ少ない労力や資源で最大の効果をあげることを何と言いますか？,無駄 増加 低下 減少 浪費 不効率 過剰 消費 不合理 失敗
国益,政治,国全体としての利益を何と言いますか？,私益 個人利益 利己心 独占 特権 私有 財産 権利 義務 免除
国債,経済,政府が資金調達のために発行する借金の証書を何と言いますか？,公債 税金 予算 支出 収入 財政 赤字 利息 債券 債務
国際慣習法,法,各国間で長年守られてきた行動様式から成立した国際法を何と言いますか？,国際条約 国際協定 国内法 国際判例 国連決議 国際規範 国際宣言 国際条項 国際協約 国際議定書
国際競争,経済,世界中の企業や製品が市場をめぐって行う競争を何と言いますか？,国内競争 地域競争 独占競争 公共競争 民間競争 独立競争 法定競争 自由競争 制限競争 政府競争
国際金融,経済,国と国の間で行われるお金の貸し借りや資金移動を何と言いますか？,国内金融 地方金融 個人金融 銀行融資 投資 信用貸付 証券取引 保険取引 債券取引 為替取引
国際司法裁判所,法,国家間の紛争を法に基づいて解決するために設置された国連の裁判所を何と言いますか？,国際刑事裁判所 世界貿易機関 国連安全保障理事会 国際刑事警察機構 世界保健機関 国際通貨基金 国際労働機関 国際連合教育科学文化機関 世界気象機関 国際民間航空機関
国際社会,現代社会,多くの国家が互いに関係を持って成り立っている世界全体の社会を何と言いますか？,国内社会 地域社会 地方社会 民間社会 市民社会 共同体 国家連合 地域連合 国連 安全保障理事会
国際人権規約,法,国際連合が採択した、人権の保障に関する国際的な取り決めを何と言いますか？,国際労働条約 国際人権宣言 ジュネーブ条約 基本的人権 国連労働条約 国連人権宣言 国連刑事裁判規約 国連人権規約 世界人権宣言 国際労働規約
国際通貨基金(IMF),経済,為替の安定や国際的な金融支援を行う国際機関を何と言いますか？,世界銀行 国連 安全保障理事会 WTO 世界保健機関 ILO 国際刑事裁判所 OECD 世界気象機関 国際民間航空機関
国際分業,経済,各国が得意な産業に特化して生産し、貿易によって補い合う仕組みを何と言いますか？,国内分業 地域分業 民間分業 協同組合 生産協定 独占市場 公共事業 貿易障壁 関税 自由貿易
国際法,法,国家間の関係を規律するための国際的な法体系を何と言いますか？,国内法 地方法 国際慣習法 条約 協定 憲法 司法判例 行政法 民法 刑法
国際連合(国連),政治,第二次世界大戦後に設立された、平和と安全を守るための国際機関を何と言いますか？,国際連盟 WTO 世界銀行 IMF ILO 国際刑事裁判所 OECD 世界保健機関 世界気象機関 国際通貨基金
国際連合憲章,政治,国際連合の目的や組織、活動原則を定めた基本的な文書を何と言いますか？,国際憲章 憲法 条約 協定 法律 規則 規約 基本法 規程 規則集
国際連盟,政治,第一次世界大戦後に設立されたが、第二次大戦を防げなかった国際組織を何と言いますか？,国際連合 WTO IMF ILO 世界銀行 OECD 世界保健機関 国際刑事裁判所 世界気象機関 国際通貨基金
国事行為,政治,天皇が憲法に基づいて内閣の助言と承認により行う形式的・儀礼的な行為を何と言いますか？,政治行為 行政行為 立法行為 司法行為 象徴行為 公務 行政命令 公的行為 法的行為 決定行為
国税,経済,国が徴収する税金のことを何と言いますか？,地方税 消費税 事業税 固定資産税 所得税 住民税 法人税 関税 物品税 交通税
国政調査権,政治,国会が政治を監視するためにもつ調査の権限を何と言いますか？,議決権 立法権 司法権 行政権 監査権 調査権 執行権 計画権 統治権 指導権
国民,現代社会,国の構成員であり、主権を持ち、法律に従って権利と義務を持つ人を何と言いますか？,住民 市民 外国人 移民 難民 労働者 学生 児童 教師 会社員
国民国家,政治,一定の領域と国民を持ち、主権を持つ国家を何と言いますか？,連邦国家 君主国 共和国 帝国 植民地 自治領 満州国 保護国 都市国家 同盟国
国民主権,政治,国の政治の最終的な決定権が国民にあるという原則を何と言いますか？,天皇主権 議会主権 独裁主権 法律主権 行政主権 司法主権 公務員主権 政党主権 地方主権 国際主権
国民審査,政治,最高裁判所の裁判官を国民が投票によって信任する制度を何と言いますか？,国民投票 議員選挙 市民投票 直接選挙 間接選挙 代表選挙 参政権 行政投票 地方選挙 首長選挙
国民投票,政治,憲法改正などの重要事項について国民が直接投票して意思を示す制度を何と言いますか？,国民審査 議員選挙 市民投票 間接選挙 代表選挙 参政権 行政投票 地方選挙 首長選挙 直接選挙
国民投票法,政治,憲法改正の国民投票の手続きなどを定めた法律を何と言いますか？,選挙法 公職選挙法 地方自治法 憲法改正法 政治資金規正法 国会法 法律行政法 条例 選挙管理法 国民審査法
国民の義務,法,日本国憲法が定める「教育・勤労・納税」の3つをまとめて何と言いますか？,基本的人権 国民の権利 公共の福祉 社会権 参政権 平和主義 自由権 財産権 社会保障権 受益者負担
国民の不断の努力,現代社会,日本国憲法が自由や権利の保持には何が必要だと述べていますか？,国民投票 国民審査 国民運動 政党活動 選挙活動 公共の精神 義務教育 納税 勤労 立法活動
国務大臣,政治,内閣を構成し、行政の仕事を分担して担当する大臣を何と言いますか？,副大臣 参議院議員 衆議院議員 政務官 内閣総理大臣 国会議員 裁判官 官僚 地方議員 知事
国連食糧農業機関(FAO),現代社会,世界の飢餓や栄養問題に取り組む国連の専門機関は何ですか？,WHO IMF ILO UNESCO UNHCR WTO 国際食料機関 国際刑事裁判所 国際労働機関 国際農業機関
国連難民高等弁務官事務所(UNHCR),現代社会,難民の保護と支援を行う国連の機関を何と言いますか？,WHO IMF FAO UNESCO WTO UNICEF ILO 国際刑事裁判所 国際司法裁判所 国連開発計画
個人企業,経済,個人が資金を出して経営する企業を何と言いますか？,株式会社 合名会社 合資会社 合同会社 法人企業 公企業 国営企業 非営利組織 協同組合 労働組合
個人業主所得,経済,自営業などで得られる、労働と資本の両方による所得を何と言いますか？,勤労所得 資本所得 利子所得 配当所得 地代所得 年金所得 給与所得 事業所得 不労所得 不動産所得
個人情報保護法,法,個人のプライバシーを守るために、個人情報の取り扱いを定めた法律を何と言いますか？,個人情報保護条例 プライバシー法 情報公開法 電子契約法 著作権法 不正アクセス禁止法 電子署名法 情報セキュリティ法 労働基準法 独占禁止法
個人の尊重,法,すべての人の人格を尊重し、個人を大切にするという考え方を何と言いますか？,公共の福祉 社会権 自由権 平和主義 基本的人権 参政権 人権擁護法 禁治産制度 尊厳死 安楽死
国家,政治,一定の領域と国民、主権をもつ政治的なまとまりを何と言いますか？,自治体 地方公共団体 連邦国家 共和国 君主国 植民地 帝国 連合 国際機関 連盟
国歌,政治,日本の「君が代」のように、国家や国民を象徴する歌を何と言いますか？,国旗 国体 国章 国家 国章旗 国防歌 国歌斉唱式 愛国歌 賛歌 国家歌
国会,政治,日本の立法機関であり、国権の最高機関とされるのはどこですか？,内閣 裁判所 地方議会 行政機関 議会 国際連合 国際会議 議院内閣制 公聴会 最高裁判所
国会議員,政治,国会を構成する、衆議院議員と参議院議員を総称して何と言いますか？,地方議員 市議会議員 県議会議員 参議院議長 衆議院議長 裁判官 行政官 首長 官僚 代表者
国家賠償請求権,法,国や地方公共団体の不当な行為により損害を受けたときに損害賠償を求める権利を何と言いますか？,民事訴訟権 刑事訴訟権 行政訴訟権 刑事補償請求権 民事補償請求権 国家責任権 監督権 行政指導権 免責権 保護権
国旗,政治,日本を象徴する白地に赤い円の旗を何と言いますか？,日の丸 君が代 国章 国歌 旭日旗 連合旗 国章旗 国防旗 旗印 旗章
国旗・国歌法,政治,1999年に制定され、日本の国旗を「日章旗」、国歌を「君が代」と定めた法律は何ですか？,選挙法 公職選挙法 国民投票法 教育基本法 地方自治法 憲法改正法 政治資金規正法 行政手続法 行政改革法 公共事業法
最高機関,政治,日本国憲法で、国会は国権の何と定められていますか？,内閣 最高裁判所 地方議会 選挙管理委員会 地方裁判所 司法権 行政権 国政調査権 議院内閣制 統治機関
国庫支出金,経済,国が地方公共団体に対して特定の事業に使うために支出するお金を何と言いますか？,地方交付税 公債 税収 財政政策 補助金 租税歳入 歳入歳出 国債 公務員 予算
雇用,経済,労働者が企業などに雇われて働くことを何と言いますか？,失業 労働力 労働組合 労働時間 就業 労働市場 労働条件 非正規雇用 正社員 賃金
財,経済,人々が欲しがり、お金を出して手に入れることができる物やサービスを何と言いますか？,サービス 所得 貨幣 資本 生産物 消費 財産 納税 労働 労働力
災害対策基本法,法,災害に備えて防災体制の整備などを定めた基本的な法律を何と言いますか？,環境基本法 公害防止法 消費者基本法 個人情報保護法 労働基準法 農地法 民法 刑法 消防法 労働安全衛生法
罪刑法定主義,法,どのような行為が犯罪であり、どのような刑罰があるかは、あらかじめ法律で定められていなければならないという原則を何と言いますか？,法治主義 無罪推定の原則 違憲審査制 裁判員制度 刑事手続き 違法 行政手続き 司法権 刑罰 自白強要禁止
最高裁判所,法,日本の裁判所の中で最も上位にあり、「憲法の番人」とも呼ばれる裁判所は何ですか？,地方裁判所 簡易裁判所 家庭裁判所 高等裁判所 検察庁 裁判員裁判 裁判官 行政裁判所 労働審判所 司法委員会
最高法規,法,日本国憲法のように、すべての法の中で最も優先される法規範を何と言いますか？,普通法 成文法 不文法 法律 基本法 条例 政令 内閣法令 国際条約 行政規則
財産,法,個人や団体が所有する土地や建物、金銭などの経済的価値のあるものを何と言いますか？,負債 権利 債務 資産 収入 利益 財務 収支 資本 所有権
財産権,法,個人が自分の財産を自由に持ち、使い、処分することのできる権利を何と言いますか？,人権 所有権 損害賠償権 債権 著作権 特許権 営業権 免責権 代理権 遺留分
財産所得,経済,利子や配当など、財産を元に得られる所得を何と言いますか？,勤労所得 消費 税収 資本所得 所得税 法人税 資本 利益 配当 雇用保険
歳出,経済,国や地方公共団体の1年間の支出のことを何と言いますか？,歳入 予算 赤字 債務 財政政策 財政赤字 国債 税収 財政 投資
再審請求,法,確定した裁判に重大な誤りがあった場合に、裁判のやり直しを求めることを何と言いますか？,抗告 控訴 告訴 上告 弁護 再審 免訴 破棄 検察 不服申し立て
財政,経済,政府の収入と支出に関する活動全体を何と言いますか？,金融 国益 財務 国債 投資 国家予算 歳入 税収 予算 会計
再生可能エネルギー,現代社会,太陽光や風力など、自然の力を利用し、繰り返し使えるエネルギーを何と言いますか？,化石燃料 原子力 エネルギー 温室効果ガス 石炭 石油 天然ガス バイオマス 太陽熱 地熱
財政政策,経済,景気の調整や経済の安定のために政府が行う歳出・歳入の政策を何と言いますか？,金融政策 金融 財政 金融市場 金融機関 財政赤字 税制 税制改革 国債 公債
財政投融資,経済,国が財政とは別に、特定の目的のために資金を貸し付けたり出資したりする仕組みを何と言いますか？,公債 公開市場操作 公共投資 税収 財政 政府支出 投資 補助金 税制 政策
在日アメリカ軍基地,政治,日本に駐留するアメリカ軍が使用している軍事施設を何と言いますか？,米軍基地 在日米軍基地 駐留基地 アメ横 沖縄基地 横田基地 嘉手納基地 普天間基地 軍施設 連合軍基地
在日韓国・朝鮮人,現代社会,戦前・戦後に日本に移住し、現在も日本に住む韓国・朝鮮籍の人々を何と言いますか？,在日コリアン 在日朝鮮人 韓国・朝鮮系住民 外国籍住民 永住外国人 少数民族 韓国系在住者 定住外国人 在留韓国・朝鮮人 コリアンコミュニティ
歳入,経済,国や地方公共団体の1年間の収入のことを何と言いますか？,歳出 予算 財政収入 公債 税収 国庫支出金 補助金 地方税 公共料金 利益
裁判,法,法律に基づいて、紛争を解決したり、刑罰を決めたりする手続きを何と言いますか？,訴訟 審判 審理 裁決 司法手続き 民事訴訟 刑事訴訟 司法制度 公判 判決
裁判員,法,刑事裁判に国民から選ばれて参加する一般市民を何と言いますか？,陪審員 裁判官 司法委員 裁判補助員 民事裁判員 弁護士 公証人 審判員 裁判官補助者 陪席員
裁判員制度,法,国民が刑事裁判に参加し、裁判官とともに判断を下す制度を何と言いますか？,陪審制度 公判制度 審判制度 公訴制度 民事裁判制度 司法参加制度 裁判制度 裁判員法 国民参加制度 合議制制度
裁判員法,法,裁判員制度の実施に必要な手続きを定めた法律を何と言いますか？,司法制度改革関連法 陪審法 民事訴訟法 刑事訴訟法 司法参加法 裁判所法 民事裁判員法 刑事裁判員法 国民裁判法 裁判員実施法
裁判官,法,裁判所で裁判を担当し、判決を下す公務員を何と言いますか？,判事 判定者 裁判補助官 弁護士 司法官 法曹官 公証人 審判官 司法書士 裁判主事
裁判所,法,法律に基づき、民事・刑事事件の判断を行う国家機関を何と言いますか？,司法機関 裁判機関 司法庁 法廷 高等裁判所 地方裁判所 簡易裁判所 最高裁判所 家庭裁判所 法務機関
裁判を受ける権利,法,だれもが正当な手続きを経て裁判で判断を受けることができる権利を何と言いますか？,公平な裁判を受ける権利 公正な裁判の権利 裁判請求権 法的救済請求権 裁判参加権 正当手続きの保障 弁護権 上告の権利 被告人の権利 人権擁護の権利
里地里山,現代社会,人々の生活と自然が共存する農山村地域の環境を何と言いますか？,里山 里地 農村環境 里山保全 地域環境 共生環境 生態系保存地域 森林農業 環境保護地域 自然保護区
砂漠化,現代社会,森林伐採や過放牧などにより土地が荒廃し、砂漠のようになる現象を何と言いますか？,土地荒廃 砂漠進行 土壌劣化 土地劣化 乾燥化 土壌侵食 砂漠拡大 乾燥地化 砂漠化現象 水不足
差別,現代社会,人種や性別などの違いを理由に不当な扱いをすることを何と言いますか？,偏見 不平等 排除 差別待遇 人権侵害 不当扱い 差別行為 人種差別 性差別 区別
サミット(主要国首脳会議),政治,世界の主要国の首脳が集まり、国際問題を話し合う会議を何と言いますか？,G7 G8 G20 首脳会議 国際会議 国際首脳会議 国際サミット 主要国会議 首脳協議会 主要国首相会議
参議院,政治,日本の国会を構成する二院のうち、長期的視点で審議を行う議院はどこですか？,衆議院 国会議員 国会議院 衆院 議会 議院 両院 参院 上院 下院
産業の空洞化,経済,企業の海外移転などにより、国内の産業や雇用が減少する現象を何と言いますか？,企業の海外移転 国内産業の衰退 雇用流出 製造業の海外移転 経済のグローバル化 工場の国外移転 国内雇用の減少 経済の国際化 労働力不足 経済停滞
三権分立,政治,権力の集中を防ぐため立法・行政・司法を分けて運営する仕組みを何と言いますか？,直接民主制 行政改革 二院制 参政権 国民主権 国会 議院内閣制 選挙権 議会制民主主義 憲法改正
三審制,法,裁判を公平にするため上級の裁判所に2回まで不服を申し立てることができる制度を何と言いますか？,再審請求 裁判員制度 刑事補償請求権 公正 最高裁判所 公判 保釈 公判廷 弁護人 無罪推定の原則
酸性雨,現代社会,大気中の汚染物質によって引き起こされる環境に悪影響を与える雨を何と言いますか？,温室効果ガス オゾン層破壊 公害 地球温暖化 環境基本法 循環型社会 水質汚濁 環境アセスメント 自然保護 森林破壊
参政権,法,選挙権や被選挙権など国の政治に参加する権利を何と言いますか？,選挙権 公職選挙法 国政調査権 議院内閣制 基本的人権 国民主権 義務 教育基本法 表現の自由 契約
自衛権,政治,外国からの武力攻撃に対して自国を守るために必要な防衛行動をとる権利を何と言いますか？,国際平和維持活動 国際連合 防衛出動 戦争放棄 国際法 公海自由 自衛隊 平和主義 非核三原則 核抑止力
自衛隊,政治,日本の防衛や災害派遣を任務とする組織を何と言いますか？,警察庁 公安調査庁 消防庁 外務省 防衛省 警備隊 軍隊 保安隊 国連平和維持軍 内閣安全保障会議
私企業,経済,個人や民間が出資・経営し利益を目的とする企業を何と言いますか？,公企業 株式会社 合同会社 有限責任会社 共同組合 労働組合 独占企業 公務員組織 NPO 法人
死刑制度,法,重大な犯罪に対して生命を奪う刑罰を科す制度を何と言いますか？,無期懲役 仮釈放 保護観察 罰金 執行猶予 拘留 禁錮 禁錮刑 少年法 矯正教育
資源,経済,生活や産業のもとになる自然や人間の持つ力を何と言いますか？,資本 労働力 技術 燃料 電力 土地 設備 資産 情報 文化
市場,経済,財やサービスが売買される場を何と言いますか？,公共財 流通 製造業 小売業 卸売業 金融市場 労働市場 外国為替市場 株式市場 債券市場
市場価格,経済,需要と供給によって決まる商品の価格を何と言いますか？,公定価格 管理価格 参考価格 希望価格 平均価格 実勢価格 製造原価 販売価格 建値 公正価格
市場経済,経済,自由な取引を通じて財やサービスの価格や量が決まる経済の仕組みを何と言いますか？,計画経済 指令経済 混合経済 公共経済 社会主義 経済統制 財政政策 金融政策 財政 赤字
持続可能な開発,現代社会,将来の世代に必要な環境を損なわず現在の人々の生活を豊かにする開発を何と言いますか？,環境破壊 開発独裁 経済成長 環境破壊型開発 自然破壊 持続不可能な発展 公害 循環型社会 森林伐採 環境汚染
持続可能な社会,現代社会,環境・経済・社会が調和し長期的に安定して続く社会を何と言いますか？,循環型社会 公害問題 環境破壊 地球温暖化 持続不可能な発展 森林伐採 環境汚染 資源枯渇 環境アセスメント 廃棄物処理
市町村合併,政治,効率的な行政運営のために複数の市町村が一つになることを何と言いますか？,分割 民営化 連邦制 中央集権 地方分権 住民投票 直接民主制 議会制民主主義 選挙権 行政改革
失業率,経済,働く意思と能力があるのに職につけない人の割合を何と言いますか？,就業率 労働参加率 賃金率 インフレ率 経済成長率 物価上昇率 労働需要 労働供給 労働力人口 雇用率
児童の権利に関する条約,法,子どもの生存・発達・保護・参加の権利を定めた国連の条約は何ですか？,国際人権規約 男女平等条約 難民の権利条約 国際労働機関条約 障害者権利条約 環境権条約 公害防止条約 児童労働禁止条約 ジェンダー平等条約 人身売買防止条約
渋沢栄一,現代社会,日本資本主義の父と呼ばれ多くの企業の設立に関わった実業家は誰ですか？,福沢諭吉 徳川家康 徳川慶喜 伊藤博文 大隈重信 西郷隆盛 吉田茂 小泉純一郎 松下幸之助 豊田佐吉
司法,法,法律に基づき争いや犯罪の有無を判断し法を実現する国家作用を何と言いますか？,立法 行政 警察 立法権 行政権 司法権の独立 憲法改正 公判 弁護人 裁判員制度
司法権,法,司法を行うために裁判所が持っている国家の権限を何と言いますか？,立法権 行政権 警察権 国防権 議院内閣制 国民投票 権力分立 公平性 無罪推定の原則 法の支配
司法権の独立,法,裁判所が他の権力から干渉を受けず公正な裁判を行う原則を何と言いますか？,国民主権 議院内閣制 三審制 無罪推定の原則 罪刑法定主義 公共の福祉 憲法尊重擁護の義務 拘置 保釈 裁判員制度
資本,経済,企業の経済活動に必要な設備や資金などをまとめて何と言いますか？,労働力 原材料 生産手段 消費材 利益 税金 配当 資源 労働 賃金
資本主義経済,経済,自由な競争を基礎とし私有財産制度が認められる経済の仕組みを何と言いますか？,社会主義経済 計画経済 経済統制 公共経済 共同経済 市場経済 閉鎖経済 混合経済 需要と供給 自給自足経済
下村治,経済,日本の高度経済成長の理論を支えた経済学者で「昭和の経済政策の父」とも呼ばれる人物は誰ですか？,渋沢栄一 野口英世 大隈重信 福沢諭吉 伊藤博文 吉野作造 西村清二 河合栄治郎 田中角栄 吉田茂
社会権,法,人間らしい生活を保障するための権利で生存権・教育を受ける権利・労働の権利などを何と言いますか？,自由権 財産権 請求権 政治権 公務員権 参政権 議会制民主主義 表現の自由 基本的人権 義務
社会資本,経済,道路や橋上下水道など生活や産業の基盤となる公共施設を何と言いますか？,私有財産 資本金 個人資産 設備投資 企業資産 知的財産 社会福祉 公共料金 公共投資 税収
社会集団,現代社会,共通の目的やつながりを持つ人々の集まりを何と言いますか？,社会階層 組織 政党 家族 企業 市場 経済集団 労働組合 政治集団 教育機関
社会主義経済,経済,生産手段を国や公共が所有し計画的に経済活動を行う仕組みを何と言いますか？,資本主義経済 市場経済 計画経済 自由経済 混合経済 公共経済 自由貿易 保護貿易 自給自足 経済統制
社会的責任(CSR),経済,企業が利益だけでなく環境保護や地域社会への配慮などにも責任を持つという考え方を何と言いますか？,市場経済 経済成長 経済活動 利潤追求 価格競争 労働力確保 社会保険 社会保障 公共投資 経済政策
社会福祉,現代社会,高齢者や障害者など支援が必要な人々を社会全体で助ける制度や活動を何と言いますか？,介護保険 年金制度 健康保険 社会保険 医療制度 雇用保険 貧困対策 教育制度 税制改革 地域振興
社会保険,経済,病気・老後・失業などのリスクに備えて保険料を支払い給付を受ける公的制度を何と言いますか？,生命保険 損害保険 民間保険 任意保険 医療保険 退職金制度 福祉サービス 公的扶助 雇用調整 税控除
社会保障,経済,すべての人が健康で安心して暮らせるよう生活を支える国の制度を何と言いますか？,税制改革 労働法 教育制度 社会福祉 医療制度 雇用政策 公共投資 経済支援 福祉国家 生活保護制度
衆議院,政治,日本の国会のうち任期が短く解散もある議院を何と言いますか？,参議院 内閣 国会 裁判所 首相 官房 長官 大統領 行政機関 地方議会
衆議院の解散,政治,内閣の助言と承認により天皇が行う衆議院の全議員の任期を途中で終了させることを何と言いますか？,内閣不信任 任期満了 総選挙 国会閉会 臨時国会 特別国会 議決延期 議会停止 会期延長 緊急集会
衆議院の優越,政治,衆議院と参議院の意見が異なる場合に衆議院の決定が優先されることを何と言いますか？,三権分立 過半数決定 多数決原理 憲法改正 内閣制 民主主義 法律制定 二院制 国民主権 地方自治
宗教,現代社会,人生や世界の意味を求め神や仏などの信仰対象を持つ精神的活動を何と言いますか？,倫理 学問 科学 哲学 芸術 政治 経済 教育 法律 環境
自由権,法,国家からの干渉を受けずに自由に生きることを保障する権利を何と言いますか？,社会権 参政権 平等権 義務権 表現権 教育権 労働権 生存権 受益権 選挙権
自由貿易,経済,関税や貿易制限をなくして国際間で自由に商品をやり取りする仕組みを何と言いますか？,保護貿易 自給自足 経済封鎖 関税障壁 経済連携 国際協定 通貨政策 為替相場 地域経済 経済制裁
終身雇用,経済,企業が定年まで社員を雇用し続ける日本の特徴的な雇用制度を何と言いますか？,契約社員 非正規雇用 派遣労働 転職制度 成果主義 職業訓練 終業制度 雇用調整 正社員制度 労働市場
集団的自衛権,政治,同盟国などが攻撃を受けたときに自国が攻撃されていなくても共同で防衛する権利を何と言いますか？,個別的自衛権 軍縮条約 国際連合 警察権 外交交渉 軍事同盟 経済協定 核抑止力 軍備増強 平和憲法
住民運動,現代社会,地域の課題を解決するために住民が主体的に行う活動を何と言いますか？,ボランティア 地域振興 町内会 環境保護 地域防災 公聴会 市民活動 NPO 地域協働 地方議会
住民投票,政治,地域の重要な問題について住民が直接賛否を示す制度を何と言いますか？,国民投票 諮問会議 議会採決 地方選挙 世論調査 署名運動 請願制度 住民訴訟 条例制定 地方自治
主権,政治,国家が持つ最高の決定権や統治権を何と言いますか？,法律 権利 憲法 立法権 行政権 国民主権 民主主義 裁判権 国会制度 三権分立
主権国家,政治,他国に支配されず独立して政治を行う国を何と言いますか？,植民地 属国 自治体 州 国家連合 地方自治 連邦国家 王国 都市国家 地域共同体
主権者,政治,国の政治のあり方を最終的に決める権利を持つ者を何と言いますか？,議員 大統領 内閣 首相 裁判官 官僚 貴族 君主 政党 政治家
首相,政治,内閣のリーダーで行政の中心となる国の代表を何と言いますか？,大統領 官房長官 参議院議長 衆議院議長 財務大臣 外務大臣 都知事 大使 県知事 国会議員
首長,政治,市区町村や都道府県の行政の長を何と言いますか？,市議会議員 副市長 知事 県議会議員 庁舎 職員 議員 衆議院議員 地方議会 政務官
需要,経済,ある商品を買おうとする消費者の欲求のことを何と言いますか？,供給 価格 消費 所得 生産 取引 資源 売買 労働 財政
需要量,経済,ある価格のときに買いたいと思う商品の量を何と言いますか？,供給量 販売量 生産量 在庫量 消費量 使用量 売上高 人口 購入率 価格帯
循環型社会,現代社会,資源を無駄にせず再利用やリサイクルを進める社会のことを何と言いますか？,大量消費社会 廃棄社会 環境破壊型社会 低炭素社会 農村社会 工業社会 都市社会 情報社会 高齢化社会 国際社会
常会,政治,毎年1回1月に召集される国会の定例会を何と言いますか？,臨時会 特別会 定期国会 通年会 衆議院本会議 参議院会議 国会招集 内閣会議 年次総会 政党会議
障害者基本法,法,障害のある人の自立と社会参加を支援するために定められた法律を何と言いますか？,福祉法 介護保険法 医療法 障害者支援法 生活保護法 社会福祉法 雇用促進法 教育基本法 障害者雇用法 高齢者福祉法
障害者差別,現代社会,障害を理由に不当な扱いをすることを何と言いますか？,人種差別 性差別 年齢差別 学歴差別 貧困差別 宗教差別 地域差別 職業差別 言語差別 国籍差別
商業,経済,商品を売買して利益を得る経済活動を何と言いますか？,農業 工業 漁業 林業 建設業 製造業 サービス業 小売業 運輸業 情報通信業
上告,法,第二審の判決に不服がある場合さらに上級裁判所に訴えることを何と言いますか？,控訴 判決 不服申立て 弁論 提訴 起訴 異議申立て 再審 訴訟 裁判
少子高齢化,現代社会,子どもの数が減り高齢者の割合が高くなる社会現象を何と言いますか？,人口減少 高齢化 医療負担 介護問題 出生率低下 家族構成変化 労働力不足 年金問題 晩婚化 非婚化
少子高齢社会,現代社会,少子高齢化が進み人口構成に大きな変化が見られる社会を何と言いますか？,成熟社会 長寿社会 超高齢社会 多世代社会 核家族社会 地域社会 高齢者社会 現代社会 後期高齢社会 若年層減少社会
小選挙区制,政治,一つの選挙区から一人の議員を選ぶ選挙制度を何と言いますか？,比例代表制 中選挙区制 大選挙区制 非拘束名簿式 秘密投票 制限選挙 直接選挙 公職選挙法 単記投票方式 比例区制
小選挙区比例代表並立制,政治,日本の衆議院議員選挙で使われる小選挙区制と比例代表制を組み合わせた制度を何と言いますか？,比例代表制 連記投票方式 単記非移譲制 二院制 重複立候補制度 大選挙区制 拘束名簿式 非拘束名簿式 単純多数制 選挙区制
少年法,法,20歳未満の少年に対する刑事責任や処遇を定めた法律を何と言いますか？,刑法 民法 少年院法 更生保護法 児童福祉法 家庭裁判所法 刑事訴訟法 裁判所法 未成年保護法 少年処遇法
消費,経済,財やサービスを買って使う経済活動を何と言いますか？,貯蓄 投資 生産 労働 所得 需要 供給 支出 輸出 消耗
消費支出,経済,家庭での生活に必要な物やサービスに使われるお金のことを何と言いますか？,貯金 所得 税金 生活費 家計支出 社会保険料 医療費 光熱費 家賃 雑費
消費者,経済,財やサービスを購入し利用する立場の人を何と言いますか？,生産者 小売業者 企業 購入者 顧客 市場参加者 投資家 労働者 家計 経済主体
消費者運動,現代社会,安全で公正な取引を求めて消費者が行う活動を何と言いますか？,市民運動 環境運動 労働運動 資源保護運動 経済活動 生活改善運動 権利要求運動 知識普及運動 購買運動 情報公開活動
消費者基本法,法,消費者の権利を守り消費者の自立を支援するために制定された法律は何ですか？,製品安全法 不当表示防止法 食品衛生法 公正取引法 景品表示法 特定商取引法 製造物責任法 個人情報保護法 消費生活法 商品安全法
消費者主権,経済,消費者の選択が市場における商品の供給を決定づけるという考え方を何と言いますか？,市場原理 自由競争 需要主導 自由経済 資本主義 市場支配 売上至上主義 顧客満足 自主購買 経済合理性
消費者庁,政治,消費者の安全や利益を守るために設置された日本の行政機関は何ですか？,経済産業省 内閣府 金融庁 厚生労働省 公正取引委員会 国税庁 総務省 環境省 農林水産省 地方自治体
消費税,経済,商品やサービスの購入時にかかる税金を何と言いますか？,所得税 法人税 相続税 贈与税 固定資産税 酒税 たばこ税 間接税 取引税 購入税
情報公開法,法,国の行政機関が保有する情報を国民に開示することを定めた法律は何ですか？,個人情報保護法 公文書管理法 行政手続法 電子政府法 公務員法 報道自由法 政治資金規正法 政府情報法 情報開示法 情報保全法
情報化,現代社会,コンピュータやインターネットの普及によって情報が大量に生産・伝達・利用されるようになる社会の進展を何といいますか？,高度経済成長 少子高齢化 国際化 都市化 工業化 グローバル化 自動化 知識社会 デジタル化 近代化
情報社会,現代社会,コンピュータやインターネットの発達により、データの流通や利用が経済・生活の中心となっている社会を何と言いますか？,知識社会 電子社会 メディア社会 デジタル社会 通信社会 グローバル社会 ハイテク社会 SNS社会 情報爆発社会 サイバー社会
条約,政治,国と国との間で結ばれる公式な取り決めを何と言いますか？,協定 規約 了解覚書 共同宣言 合意文書 外交文書 国際約束 契約書 取り決め 覚書
条約の承認,政治,日本で条約を結ぶ際に国会の議決を必要とする手続きを何と言いますか？,国会審議 承認手続き 議決行為 外交手続 条約批准 議会同意 国会承認 承認権行使 外交承認 国政手続
条例,政治,地方公共団体がその地域の実情に応じて制定する法規を何と言いますか？,法規則 地方規則 自治法規 市町村法 規定 制定規範 地方法 地方制度 規則書 地方立法
食育,現代社会,健康な食生活を実現するために食の大切さを学ぶ教育を何と言いますか？,栄養指導 食生活教育 健康教育 食品安全教育 調理実習 食文化教育 食品知識 食品衛生指導 学校給食教育 食生活指導
職業選択の自由,法,自分の希望する職業に就くことができる自由を何と言いますか？,就職の自由 労働の自由 転職の自由 生業の自由 仕事選択権 自営業自由 職業自由権 職種選択権 労働選択権 生計手段の自由
食料自給率,経済,国内の消費に対して国内で生産される食料の割合を何と言いますか？,農業生産率 自国供給率 食糧需給率 食品自立率 農産物比率 食料供給率 国内生産比率 農業依存度 国産依存率 自国内生産率
女子差別撤廃条約,法,女性に対するあらゆる差別の撤廃を目的とした国連の条約は何ですか？,人権条約 男女平等条約 国際人権規約 女性権利宣言 国際女性条約 差別禁止条約 女性の権利条約 女性平等規約 男女差別禁止条約 性的平等条約
所得,経済,労働の報酬や財産などから得られる収入を何と言いますか？,収入 給与 利益 報酬 売上 年収 所得金額 賃金 手取り金額 収益
所得格差,経済,人々の所得の差が大きくなり生活の格差が広がることを何と言いますか？,経済格差 賃金格差 貧富の差 資産格差 収入格差 雇用格差 階層差 平等格差 経済的不平等 社会的格差
所得税,経済,個人の所得に対してかかる税金を何と言いますか？,法人税 消費税 相続税 固定資産税 住民税 酒税 自動車税 贈与税 事業税 課税所得税
知る権利,法,国民が政治や社会の情報を知ることができる権利を何と言いますか？,報道の自由 表現の自由 情報公開権 自由権 公共の知る自由 国民の知識権 政治参加権 情報請求権 知識取得権 情報アクセス権
信教の自由,法,どの宗教を信じるかあるいは信じないかを自由に選べる権利を何と言いますか？,信仰の自由 宗教選択権 宗教信仰権 宗教の自由 無宗教の自由 信条選択権 内心の自由 自由信教権 宗教的自立権 宗教活動権
人権,法,人間が生まれながらに持っている基本的な権利を何と言いますか？,基本権 自由権 平等権 社会権 自然権 公民権 人間の権利 憲法上の権利 人道的権利 市民権
人口急増,現代社会,発展途上国でみられる短期間に人口が大幅に増加する現象を何と言いますか？,人口爆発 出生率上昇 人口増加 人口集中 出産増加 人口過密 地域過密 人口密集 人口推移 急成長社会
身体の自由,法,不当に逮捕・拘束されないなど自分の体に関する自由を保障する権利を何と言いますか？,移動の自由 拘束回避権 人身の自由 逮捕制限権 拘束防止権 保釈の自由 個人の自由 無罪推定権 居住の自由 私的自由権
生活保護法,法,最低限の生活を保障し自立を支援するための法律を何と言いますか？,社会福祉法 社会保障法 公的扶助法 国民生活保障法 社会援助法 生活支援法 最低生活保障法 公助法 生活支援制度法 保護支援法
請願権,法,国や地方公共団体に対して希望や意見を述べることができる権利を何と言いますか？,陳情権 意見提出権 国民請求権 要望提出権 意見表明権 政策要望権 公的意見権 要請権 発言権 住民要求権
請求権,法,国家に対して一定のことを要求できる権利を何と言いますか？,補償請求権 賠償請求権 損害請求権 裁判請求権 弁済請求権 保障請求権 資金請求権 救済請求権 懲罰請求権 権利主張権
税金,経済,国や地方公共団体が行政サービスを行うために国民から集めるお金を何と言いますか？,公共財源 税収 財政資金 義務負担 国庫収入 公費 納付金 行政費 課税金 公共資金
政権交代,政治,選挙の結果により政権を担当する政党が交代することを何と言いますか？,政党交替 与党交替 政治交替 政府交替 与党変更 政権移行 政府変更 政党転換 行政府交代 政治刷新
制限選挙,政治,財産や性別などによって投票権が制限される選挙制度を何と言いますか？,制限投票 権利制限 選挙制限 有権者制限 資格制限 有産者選挙 財産選挙 男性限定投票 特定層選挙 被選挙制限
生産,経済,人間の生活に必要な財やサービスをつくり出す経済活動を何と言いますか？,供給 加工 提供 創出 創造 製造 製作 生成 創出活動 製品づくり
生産者,経済,商品やサービスをつくり出す人や企業のことを何と言いますか？,作り手 供給者 製造者 製作者 工場者 製品者 メーカー 製造会社 製造業者 製作人
政治,政治,人々の意見をまとめ社会を治める働きを何と言いますか？,統治 統制 支配 政策運営 社会管理 権力行使 国政 行政管理 社会統制 国家運営
政治資金規正法,法,政治活動に使われるお金の流れを明らかにするための法律を何と言いますか？,政治費管理法 資金透明化法 資金規制法 政治活動会計法 資金公開法 政治会計法 資金監視法 資金報告法 献金規正法 政治財政法
精神の自由,法,思想・良心・信教など自分の内面に関わる自由を何と言いますか？,思想の自由 良心の自由 信条の自由 内心の自由 表現の自由 精神的権利 信教自由 思考自由 感情自由 信念自由
製造物責任法(PL法),法,欠陥商品によって消費者が被害を受けたとき製造者の責任を定めた法律は何ですか？,製品責任法 消費者保護法 欠陥責任法 商品安全法 消費者安全法 製造責任法 製品補償法 被害補償法 商品責任法 欠陥補償法
生存権,法,すべての国民が健康で文化的な最低限度の生活を営む権利を何と言いますか？,生活権 健康権 最低生活権 基本生活権 社会権 社会保障権 生活保障権 文化的生活権 人間らしい生活権 生活維持権
政党,政治,同じ考えを持つ人々が政治に参加するために結成する団体を何と言いますか？,政治団体 政治組織 政治グループ 政策団体 政治勢力 政治派閥 国政団体 政策連合 議会グループ 政策政党
政党交付金,政治,政党の活動を助けるために国から交付されるお金を何と言いますか？,政治助成金 公的交付金 政策支援金 活動資金 政治支援金 国庫補助金 政党助成金 政策交付金 政治援助金 公費助成金
政党政治,政治,政党が中心となって行われる政治のしくみを何と言いますか？,議会政治 多党政治 政治制度 政策政治 政党制度 選挙政治 代表政治 民主政治 政治構造 政治体制
青年海外協力隊,現代社会,発展途上国の支援を目的に日本の若者が参加する国際協力制度を何と言いますか？,国際ボランティア 海外援助隊 海外支援団 海外協力活動 国際青年隊 技術協力隊 国際派遣隊 海外支援ボランティア 発展支援団 国際活動団
政府,政治,内閣など国を治める行政機関の総称を何と言いますか？,国家 行政府 官庁 政治機関 国家機構 行政組織 国政機関 中央政府 官僚機構 国の機関
政府の銀行,経済,日本銀行が担う役割のひとつで国の会計や国債の管理を行う役割を何と言いますか？,中央銀行 発券銀行 日本銀行 管理銀行 財政銀行 会計機関 国債管理機関 政府代理銀行 政策銀行 会計担当銀行
政令,法,内閣が憲法や法律にもとづいて定める命令を何と言いますか？,内閣命令 行政命令 法律命令 法令規定 政策命令 公的命令 国政命令 法的規則 実施命令 法律細則
世界(文化)遺産,現代社会,国際的に重要とされる文化や自然を保護するために登録される遺産を何と言いますか？,景観保護条約 国連憲章 外交交渉 自然公園 世界貿易機関 文化財保護法 植林事業 環境基本法 絶滅危惧種 自然保護区
世界人権宣言,法,1948年に国連が採択した、世界共通の人権保障の基準となる宣言を何と言いますか？,国際人道法 国際連合憲章 男女雇用機会均等法 民法 憲法第14条 平和憲法 社会権規約 戦争放棄 刑法 子どもの権利条約
責任,現代社会,自分の行動に対して果たさなければならない義務や義理のことを何と言いますか？,義務 権利 約束 誓約 遵守 契約 公平 正義 倫理 役割
セクシャル・ハラスメント,現代社会,職場や学校での性的な嫌がらせを何と言いますか？,体罰 パワーハラスメント いじめ 差別 誹謗中傷 名誉毀損 いやがらせ 侮辱 精神的暴力 モラルハラスメント
設備投資,経済,生産活動のために機械や工場などを整備することを何と言いますか？,工場建設 生産拡大 技術革新 経済成長 機械導入 経営計画 財務投資 商品開発 工業団地 経営資源
世論,政治,国民の多数が持っている意見や考えを何と言いますか？,投票結果 メディア 調査報告 有権者代表 政策討論 政治運動 国民感情 市民団体 論点整理 社会問題
尖閣諸島,政治,日本が領有権を主張している沖縄県の南西にある諸島はどこですか？,南鳥島 小笠原諸島 竹島 与那国島 沖ノ鳥島 硫黄島 奄美大島 対馬 択捉島 種子島
選挙管理委員会,政治,選挙の公正な実施を管理するために地方公共団体に設けられている機関は何ですか？,選挙事務局 地方自治体 地方議会 投票所 市役所 政治資金監査委員 投票管理団体 監査委員会 地方公共団体 議会事務局
選挙権,政治,選挙に参加して投票することができる権利を何と言いますか？,被選挙権 自由権 平等権 請求権 表現の自由 立候補資格 公民権 国民の義務 財産権 参政権
選挙制度,政治,議員などを選ぶための制度を何と言いますか？,政党制 小選挙区制 議院内閣制 二院制 比例代表制 公職選挙法 一票の格差 立法制度 任期制度 国民主権
先進(工業)国,経済,工業や技術が発展し、国民の生活水準が高い国を何と言いますか？,発展途上国 新興国 石油輸出国 地域大国 多国籍企業 高所得国 先端技術国 経済大国 加盟国 経済連携国
戦争の放棄,法,日本国憲法第9条で定められている、国際紛争を解決する手段としての戦争を行わないことを何と言いますか？,平和主義 非武装中立 交戦権の否認 自衛権の制限 憲法改正禁止 集団的自衛権 武力行使禁止 自衛隊設置 国際協調 外交努力
全体主義,政治,個人の自由より国家や集団の統制を優先する政治体制を何と言いますか？,民主主義 独裁制 君主制 社会主義 軍国主義 ファシズム 共産主義 中央集権制 権威主義 一党独裁
選択,現代社会,いくつかの中から自分の意思で選ぶことを何と言いますか？,決定 判断 決断 分析 優先 比較 意思選定 合意 評価 行動
専門機関[国連],政治,国連の中でWHOやUNESCOなどのように特定の分野で活動する機関を何と言いますか？,国連本部 安全保障理事会 経済社会理事会 国際司法裁判所 総会 国連大学 国連事務局 国連軍 国連憲章 多国間会議
総会[国連],政治,すべての国連加盟国が参加し、重要事項を決議する国連の会議を何と言いますか？,安全保障理事会 国際会議 経済社会理事会 特別委員会 非常任理事会 多国籍協議 国際協定 外交使節会議 国連議会 外務閣僚会合
臓器移植法,法,臓器移植を行う際の条件や手続きを定めた法律を何と言いますか？,医療法 健康保険法 再生医療法 患者の権利法 医師法 医薬品医療機器法 脳死判定法 生命倫理法 医療安全法 臓器提供規定
総辞職,政治,内閣が総理大臣を含めてすべての閣僚が職を辞することを何と言いますか？,内閣改造 衆議院解散 任期満了 不信任案 内閣制度 総選挙 再選挙 行政改革 公務員退職 解任決議
租税,経済,国や地方公共団体が必要な財源を確保するために国民から集めるお金を何と言いますか？,物価 税収 給与控除 公共料金 所得 分配 投資 需要補助 利益 売上
大規模小売業者,経済,広い売り場で大量の商品を扱う大型の店舗を何と言いますか？,小売店 卸売市場 百貨店 商工会議所 フランチャイズ 商店街 スーパー コンビニ 配送センター 商社
大統領制,政治,国民によって選ばれた大統領が行政の最高責任者となる制度を何と言いますか？,議院内閣制 君主制 連邦制 独裁制 社会主義制 共和制 地方自治制 専制政治 王政 政党政治
大日本帝国憲法,法,明治時代に制定された日本で最初の憲法を何と言いますか？,日本国憲法 憲法改正 民法制定 法令集 憲政制度 教育勅語 帝国議会 条例集 憲法草案 基本法
対立,現代社会,意見や立場が異なることで争いや衝突が生まれることを何と言いますか？,協調 交渉 和解 合意 相談 対話 譲歩 合流 仲裁 対応
竹島,政治,日本と韓国が領有権を主張している島根県の沖合にある島を何と言いますか？,尖閣諸島 対馬 南鳥島 小笠原諸島 沖ノ鳥島 奄美大島 与那国島 佐渡島 礼文島 択捉島
多国籍企業,経済,複数の国にまたがって生産や販売を行う企業を何と言いますか？,大企業 株式会社 商社 中小企業 公社 官民連携 自営業 商業連合 海外法人 企業連合
多数決の原理,政治,集団での意思決定の際に、多数の意見を採用する仕組みを何と言いますか？,話し合い制度 全会一致 意見交換 少数意見調整 議決制度 協議制 委任方式 民主原則 合議制 公聴会
多文化社会,現代社会,異なる文化や価値観を持つ人々が共に生活する社会を何と言いますか？,国際社会 協働社会 少子高齢社会 多民族国家 情報社会 移民社会 平和社会 環境社会 福祉国家 市民社会
弾劾裁判,政治,裁判官を辞めさせるかどうかを判断するために国会に設けられる特別な裁判を何と言いますか？,違憲審査 民事裁判 刑事裁判 高等裁判所 裁判制度 三審制 判例裁判 司法審査 訴訟法 公判手続
団結権,法,労働者が労働組合をつくることができる権利を何と言いますか？,団体交渉権 団体行動権 労働三権 請求権 職業選択権 自由権 参政権 表現の自由 政治活動権 公務員権利
男女共同参画社会,現代社会,男女が対等に社会のあらゆる分野で活動できる社会を何と言いますか？,平等社会 女性の権利 多文化共生 情報社会 地域共生社会 福祉社会 ワークライフバランス 働き方改革 男女平等社会 多様性社会
男女共同参画社会基本法,法,男女平等の実現を目指し、社会のあらゆる分野での男女の参画を推進するために制定された法律は何ですか？,男女雇用機会均等法 労働基準法 政治分野男女法 育児介護休業法 配偶者暴力防止法 女性差別撤廃条約 人権擁護法 平等権保護法 女性活躍推進法 社会基本法
男女雇用機会均等法,法,雇用における男女の差別を禁止するために制定された法律は何ですか？,労働基準法 男女共同参画社会基本法 労働組合法 育児休業法 政治分野男女法 女性活躍推進法 公務員法 最低賃金法 経済平等法 男女労働均等法
男女の平等,現代社会,日本国憲法第14条に定められている、性別による差別をしてはならないという原則を何と言いますか？,法の下の平等 人権保障 平等権 保護法平等 差別撤廃原則 性差別禁止 個人の尊重 市民的自由 人格権 参政権の平等
団体交渉権,法,労働者が労働条件について団体で使用者と交渉する権利を何と言いますか？,団体行動権 団結権 労働基本権 労働協約権 労働請求権 雇用保障権 労働相談権 組合参加権 労使交渉権 労働条件権
団体行動権,法,労働者がストライキなどの団体行動をとる権利を何と言いますか？,団体交渉権 団結権 スト権 労働三権 労働争議権 集団権利 労働争議法 労働組合法 公務員権制限 労働訴訟権
地域社会,現代社会,人々が日常生活を営む身近な範囲の社会を何と言いますか？,家庭 学校 町内会 近隣住民 自治体 コミュニティ 地域団体 生活圏 地方公共団体 住民組織
地域紛争,政治,特定の地域で民族・宗教・領土などをめぐって起こる争いを何と言いますか？,国際戦争 内戦 外交交渉 軍事同盟 平和維持 紛争解決 移民問題 領土交渉 民族自治 戦闘行為
小さな政府,政治,政府の役割を最小限にとどめ、自由な経済活動を重視する考え方を何と言いますか？,大きな政府 規制経済 社会保障重視 公的福祉 国家統制 市場管理 国有化 経済統制 経済計画 政府支出拡大
地球温暖化,現代社会,二酸化炭素などの温室効果ガスの増加により地球の気温が上昇する現象を何と言いますか？,酸性雨 気候変動 海面上昇 砂漠化 森林破壊 水質汚染 大気汚染 環境問題 エネルギー枯渇 生物絶滅
地球温暖化防止京都会議,現代社会,1997年に京都で開かれ、温室効果ガス削減目標を定めた国際会議は何ですか？,国連気候会議 環境首脳会議 気候変動枠組条約 国際地球会議 環境保護会議 炭素削減協定 国連サミット 持続可能会議 世界温暖化対策 気候対話会議
地球環境問題,現代社会,地球全体の自然環境に影響を与えるさまざまな問題を何と言いますか？,気候危機 生態系破壊 公害問題 自然災害 温室効果 汚染問題 森林減少 海洋汚染 水資源枯渇 生物多様性危機
地球サミット(国連環境開発会議),現代社会,1992年にブラジルで開催され、持続可能な開発を目指した国際会議は何ですか？,国際環境会議 環境首脳会議 気候サミット 国際開発会議 国連総会 地球会議 世界環境会議 持続可能会議 リオ会議 環境保全会議
地球市民,現代社会,国境をこえて地球全体の問題に関心を持ち、行動する人を何と言いますか？,国際人 環境活動家 世界住民 グローバル市民 国際協力者 平和活動家 地域活動者 国連職員 世界旅行者 多文化主義者
地産地消,現代社会,地域で生産された農産物をその地域で消費することを何と言いますか？,輸入自由化 地方特産 自給自足 農業支援 地元優先 生産流通 地域農業 地場産品 地元消費 環境配慮型
知事,政治,都道府県を代表し、行政を担当する最高責任者は誰ですか？,市長 副知事 議員 長官 総理大臣 首長 県議会議長 政務官 大臣 公選職
地方議会,政治,地方公共団体の予算や条例の制定などを行う議決機関を何と言いますか？,国会 市議会 委員会 地方庁議会 地方委員会 地方協議会 条例制定機関 地方政治会議 町議会 県政会議
地方公共団体,政治,市区町村や都道府県など、地域の政治を担当する団体を何と言いますか？,国政機関 自治体 行政団体 地方組織 公的団体 地域機構 地方自治体 地域行政団体 地方役所 地域事務所
地方交付税交付金,経済,地方公共団体間の財政格差を調整するために国から配分されるお金を何と言いますか？,補助金 財政調整金 税収移転 公費支出 国庫支出金 財政援助 地方助成金 公共支出 特別交付金 公的資金
地方公務員,政治,地方公共団体に勤務する職員を何と言いますか？,国家公務員 市役所職員 議会事務職員 公立教職員 地方職員 自治体職員 地域公務員 公的労働者 県職員 地方事務官
地方債,経済,地方公共団体が公共事業の費用などをまかなうために発行する借金を何と言いますか？,国債 公債 財政投資 社会資本債 市債 公共債務 地域財源 地方融資 地方資金 投資債
地方財政,経済,地方公共団体が行う財政活動のことを何と言いますか？,国庫財政 国政財政 財政投資 財政調整 財政赤字 財政収支 財政改革 財政計画 財政支出 財政均衡
地方裁判所,法,民事・刑事の第一審を主に担当する裁判所を何と言いますか？,最高裁判所 高等裁判所 簡易裁判所 家庭裁判所 行政裁判所 特別裁判所 憲法裁判所 労働審判所 司法委員会 地方行政裁判所
地方自治,政治,住民が自分たちの地域の政治を自らの意思で行う仕組みを何と言いますか？,中央集権 民主主義 直接民主制 間接民主制 代表制 自治体制 地方分権 地方行政 地方統治 国政参与
地方自治法,法,地方公共団体の組織や運営について定めた法律は何ですか？,地方財政法 行政手続法 地方公務員法 地方分権推進法 地方税法 地方交付税法 地方選挙法 地方議会法 行政改革法 地方行政法
地方税,経済,市町村や都道府県が独自に課税する税金を何と言いますか？,国税 消費税 所得税 法人税 相続税 関税 住民税 固定資産税 自動車税 事業税
地方創生,政治,地域の人口減少や経済低迷を防ぐために政府が進めている政策を何と言いますか？,地域活性化 政策改革 地域振興 経済再生 地方分権 地域連携 地域開発 地域支援 地方再編 地方自治推進
地方分権,政治,国の権限を地方に移して、地域の自主性を高めようとする改革を何と言いますか？,中央集権 地方自治 地方行政 地方創生 地方再編 行政改革 地方交付金 地方議会 政府改革 地方公務員
中央銀行,経済,日本では日本銀行がこれにあたる、通貨の発行や金融政策を行う銀行を何と言いますか？,商業銀行 信用金庫 労働金庫 政府系金融機関 地方銀行 投資銀行 貸金庫 金融庁 財務省 金融協会
中小企業,経済,小規模で資本や従業員が比較的少ない企業を何と言いますか？,大企業 公企業 国営企業 連結企業 多国籍企業 独占企業 合弁企業 株式会社 事業法人 非営利法人
直接税,経済,納税者が自分で国や地方に直接納める税金を何と言いますか？,間接税 消費税 関税 所得税 住民税 法人税 相続税 贈与税 固定資産税 環境税
直接請求権,政治,住民が条例の制定・改廃や議会の解散などを求めることができる権利を何と言いますか？,請願権 参政権 投票権 選挙権 住民投票権 団体交渉権 集団訴訟権 表現の自由 住民訴訟権 議会解散請求権
直接選挙,政治,有権者が候補者に直接投票して代表者を選ぶ選挙方法を何と言いますか？,間接選挙 比例代表制 小選挙区制 大選挙区制 議会選挙 国会選挙 代表制 選挙人団 制限選挙 無記名投票
直接民主制,政治,国民が直接、政治的な意思決定を行う仕組みを何と言いますか？,間接民主制 代議制 代表制 議会制 大統領制 議院内閣制 立憲主義 多数決原理 議会政治 選挙制
貯蓄,経済,収入のうち使わなかったお金をためることを何と言いますか？,消費 支出 投資 寄付 負債 資産 浪費 節約 借入 資本形成
賃金,経済,労働の報酬として労働者に支払われる金銭を何と言いますか？,給与 ボーナス 手当 年金 退職金 利息 配当 報奨金 賞与 手数料
通常国会,政治,毎年1月に召集され、主に予算を審議する国会を何と言いますか？,臨時国会 特別国会 常設議会 非常国会 特別会 予算議会 解散国会 定例会 本会議 参議院
デフレーション(デフレ),経済,物価が継続的に下がり、経済活動が停滞する現象を何と言いますか？,インフレーション 景気回復 景気拡大 景気後退 景気低迷 経済停滞 不況 好況 景気変動 金融危機
テロ,現代社会,政治的主張などを目的として、暴力や脅迫によって人々に恐怖を与える行為を何と言いますか？,クーデター 暴動 内戦 革命 反乱 独裁行為 武装蜂起 暴力革命 武力衝突 紛争
電子マネー,経済,電子的なデータとして支払いができる貨幣の代わりとなる手段を何と言いますか？,仮想通貨 クレジットカード 現金 デビットカード 預金証書 小切手 伝票 手形 ポイントカード 商品券
伝統,現代社会,先祖代々受け継がれてきた生活のしかたや習慣などを何と言いますか？,文化 技術 風俗 風習 現代文化 伝承 芸術 慣習 伝記 習慣
伝統文化,現代社会,日本の茶道・華道・歌舞伎などのように長い年月をかけて受け継がれてきた文化を何と言いますか？,現代文化 流行文化 近代文化 民族文化 大衆文化 ポップカルチャー 洋風文化 古典文化 先端文化 世界文化
天皇・皇室,政治,日本国憲法で「日本国の象徴」とされているのは誰ですか？,内閣総理大臣 国会 議会 日本国旗 首相 富士山 国民 政府 内閣 法皇
東京オリンピック・パラリンピック,現代社会,2021年に新型コロナの影響で1年延期されて開催された国際的スポーツ大会は何ですか？,北京オリンピック ロンドンオリンピック リオデジャネイロオリンピック ソウルオリンピック バルセロナオリンピック アテネオリンピック 北京パラリンピック ロンドンパラリンピック リオデジャネイロパラリンピック ワールドカップ
投資,経済,利益を得る目的で事業や資産にお金を出すことを何と言いますか？,消費 貯蓄 支出 収入 負債 予算 税金 配当 利益 収益
同時多発テロ,現代社会,2001年にアメリカで発生し、世界に大きな影響を与えたテロ事件を何と言いますか？,地下鉄サリン事件 ボストン爆弾事件 ベルリン爆破事件 ニューヨーク爆弾事件 ロンドン同時爆破事件 パリ同時テロ事件 アンカラ爆破事件 イスタンブール爆弾事件 バリ爆弾事件 ジャカルタ爆破事件
同和対策審議会答申,現代社会,部落差別の解消に向けて1965年に出された政府の公式文書は何ですか？,人権擁護法 同和問題解決法 部落解放宣言 人権基本法 差別撤廃法 人権尊重宣言 社会福祉法 平和推進法 法の支配宣言 文化多様性法
独占,経済,一つまたは少数の企業が特定の市場を支配することを何と言いますか？,競争 寡占 公正取引 市場開放 競合 自由競争 分散集中 公共事業 共有 独立
独占禁止法,法,企業の独占や不当な取引制限を禁止するための法律は何ですか？,民法 商法 刑法 会社法 労働法 環境基本法 消費者基本法 特許法 労働基準法 金融商品取引法
特定秘密保護法,法,安全保障に関する特定の情報の漏えいを防ぐことを目的とする法律は何ですか？,個人情報保護法 情報公開法 国家公務員法 刑事訴訟法 行政手続法 公職選挙法 自衛隊法 国家安全保障会議法 国民投票法 特定情報保護法
特別会(特別国会),政治,衆議院解散後の総選挙の後に召集される国会を何と言いますか？,臨時国会 通常国会 閉会中審査 緊急国会 特別委員会 常設委員会 予算委員会 法務委員会 文教委員会 外交委員会
内閣,政治,行政権を担当し、総理大臣と国務大臣で構成される機関は何ですか？,国会 最高裁判所 地方自治体 議会 公務員 内閣府 総務省 法務省 財務省 外務省
内閣総理大臣,政治,日本の行政のトップで、国会によって指名されるのは誰ですか？,天皇 国会議長 最高裁判所長官 議員 内閣官房長官 衆議院議長 参議院議長 官房副長官 法務大臣 財務大臣
衆議院,政治,内閣総理大臣は国会のどこによって指名されますか？,参議院 裁判所 内閣府 官僚会議 地方自治体 国務大臣 最高裁判所 国会議員会館 総務省 国会運営委員会
内閣の総辞職,政治,内閣が一斉に辞職することを何と言いますか？,政権交代 解散 総辞職 陳情 提案 議案成立 予算委員会 解散請求 決議 不信任案
内閣不信任の決議,政治,衆議院で可決されると内閣は10日以内に辞職か衆議院の解散をしなければならない決議を何と言いますか？,内閣信任決議 予算案 不信任投票 法案採決 衆議院解散 総辞職 議会解散 選挙法改正 国会延長 臨時国会
内政不干渉の原則,政治,他国の国内問題に干渉してはならないという国際関係の原則を何と言いますか？,領土保全の原則 集団安全保障の原則 平和主義の原則 自決権の原則 国際協調の原則 主権平等の原則 国連決議 国際人権宣言 国際法尊重の原則 経済制裁の原則
南南問題,現代社会,開発途上国間の経済格差や援助の不均衡などの問題を何と言いますか？,南北問題 世界経済問題 先進国問題 国際援助問題 グローバル化問題 貧困問題 環境問題 難民問題 地域紛争問題 開発問題
南北問題,現代社会,先進国と発展途上国の経済格差から生じる問題を何と言いますか？,南南問題 地域格差問題 貧困問題 経済危機問題 資源争奪問題 気候変動問題 難民問題 国際テロ問題 グローバル化問題 文化摩擦問題
難民,現代社会,戦争や迫害などから逃れ、他国に保護を求める人々を何と言いますか？,移民 労働者 留学生 亡命者 旅行者 退去者 亡失者 避難民 定住者 難病患者
二院制,政治,日本の国会のように二つの議院で構成される制度を何と言いますか？,一院制 参議院制 議会制 大統領制 連邦制 共和制 立憲制 議会内閣制 国民主権 制限選挙
二酸化炭素,現代社会,地球温暖化の原因となる温室効果ガスのひとつは何ですか？,メタン 一酸化炭素 酸素 窒素 フロン 硫黄酸化物 水蒸気 アンモニア 二酸化硫黄 オゾン
日米安全保障条約,政治,日本の安全のためにアメリカと結ばれている軍事的な条約を何と言いますか？,日米貿易協定 日米経済協力協定 日米原子力協定 日米文化交流協定 日米教育協定 日米環境協定 日米防衛協力協定 日米技術協力協定 日米観光協定 日米科学協力協定
日章旗(日の丸),政治,日本の国旗を何と言いますか？,旭日旗 星条旗 国旗 日の出旗 旗印 国章 国花 国鳥 国木 国獣
日本銀行,経済,日本の中央銀行で、通貨の発行や金融政策を担うのはどこですか？,財務省 銀行協会 日銀協会 商工会議所 中央省庁 地方銀行 信託銀行 保険会社 証券会社 日本証券取引所
日本国憲法,法,1947年に施行された日本の最高法規を何と言いますか？,旧憲法 民法 刑法 商法 労働基準法 行政手続法 国際法 基本的人権法 行政法 財政法
人間の安全保障,現代社会,人々が恐怖と欠乏から解放されて生きることができるようにしようという国際的な考え方を何と言いますか？,人権保障 国連平和維持活動 グローバルガバナンス 国際人権宣言 人道支援 平和共存 経済発展 地球環境保護 難民支援 社会保障
熱帯林の減少,現代社会,地球温暖化や生物多様性の減少の原因となる、主に開発による森林破壊を何と言いますか？,砂漠化 過放牧 土壌流出 酸性雨 地球温暖化 オゾン層破壊 公害 大気汚染 水質汚染 森林伐採
ネット社会,現代社会,インターネットの普及によって情報のやりとりが活発になった社会を何と言いますか？,情報社会 産業社会 農業社会 工業社会 知識社会 文化社会 伝統社会 消費社会 都市社会 情報化社会
年金,経済,高齢になったときなどに生活を支えるために国から支給されるお金を何と言いますか？,失業保険 健康保険 生活保護 労災保険 医療費補助 介護保険 児童手当 教育費補助 生活扶助 福祉手当
納税の義務,法,国民が税金を納めることは三大義務のうちのどれですか？,勤労の義務 教育の義務 社会保障の義務 参政権の義務 納金の義務 経済活動の義務 国防の義務 社会福祉の義務 選挙権の義務 司法の義務
ノーベル賞,現代社会,平和や科学などの分野で優れた業績を残した人に与えられる国際的な賞は何ですか？,ピューリッツァー賞 アカデミー賞 アンデルセン賞 グラミー賞 フィールド賞 エミー賞 ブッカー賞 プリッカー賞 ゴンクール賞 ルトガー賞
バーク,現代社会,フランス革命を批判し、保守主義の思想を説いたイギリスの政治思想家は誰ですか？,ルソー ロック モンテスキュー ロベスピエール マルクス トクヴィル ヘーゲル ジェファソン マキャヴェリ カント
排他的経済水域,政治,沿岸から200海里以内で、その国が漁業や資源の管理を行える水域を何と言いますか？,領海 公海 内水 禁漁区 保護区 海洋法条約 国際水域 海洋資源区 海洋保護区 海上交通路
配当,経済,企業が利益の一部を株主に分配するお金を何と言いますか？,利息 配当金 賃貸料 給料 ボーナス 賞与 手当 給与 報酬 利得
発券銀行,経済,日本銀行のように紙幣を発行する権限を持つ銀行を何と言いますか？,普通銀行 投資銀行 信用金庫 信用組合 農協 商工会議所 地方銀行 中央銀行 商業銀行 保険会社
発展途上国,現代社会,経済や工業化が先進国に比べて進んでいない国々を何と言いますか？,先進国 新興国 工業国 貿易国 先進工業国 旧工業国 豊かな国 農業国 産業国 工業化国家
バブル経済,経済,土地や株の値段が実際の価値以上に上がり、その後急激に崩壊した1980年代末の経済状態を何と言いますか？,不況 好景気 景気後退 景気拡大 インフレ デフレ 金融危機 不況経済 経済成長 金融バブル
バリアフリー化,現代社会,高齢者や障害者が生活しやすいように障害を取り除く取り組みを何と言いますか？,ユニバーサルデザイン エコロジー 防災対策 高齢者福祉 児童福祉 労働福祉 教育改革 環境保護 社会保障 障害者支援
ハンセン病,現代社会,かつて誤った差別や偏見の対象とされてきた、慢性の感染症は何ですか？,結核 エイズ インフルエンザ 麻疹 風疹 ジフテリア ポリオ コレラ 天然痘 鳥インフルエンザ
非核三原則,政治,日本が「持たず、作らず、持ち込ませず」としている核兵器に関する基本方針は何ですか？,核拡散防止条約 核兵器禁止条約 核軍縮条約 核安全保障条約 核管理条約 核不拡散条約 核抑止力条約 核制限条約 核廃絶宣言 核禁止条約
東日本大震災,現代社会,2011年に東北地方を中心に大きな被害をもたらした地震災害を何と言いますか？,阪神・淡路大震災 熊本地震 新潟県中越地震 津波災害 台風災害 土砂災害 熱海土石流 豪雨災害 長野地震 福島第一原発事故
被疑者,法,犯罪の疑いがもたれて捜査の対象となっている人を何と言いますか？,被告人 証人 参考人 被害者 犯人 容疑者 被告 裁判員 弁護人 判事
被告,法,民事裁判において訴えられた側の当事者を何と言いますか？,原告 裁判官 検察官 証人 弁護士 裁判員 被告人 証拠人 被疑者 被選挙権者
被告人,法,刑事裁判で訴えられ、裁判を受ける人を何と言いますか？,被疑者 証人 弁護士 裁判官 裁判員 検察官 原告 証拠人 被告 被選挙権者
非正規労働者,経済,パートタイムや契約社員など、正規雇用でない働き方をしている人を何と言いますか？,正規労働者 派遣社員 公務員 アルバイト 無職 失業者 自営業者 フリーランス パートナー 社会保険加入者
被選挙権,政治,選挙に立候補して議員などに選ばれる権利を何と言いますか？,選挙権 投票権 被害者 選挙管理権 投票管理権 参政権 公民権 市民権 被疑者 公務員資格
秘密選挙,政治,投票の内容が他人に知られないようにする選挙の方法を何と言いますか？,公開選挙 直接選挙 間接選挙 比例代表制 小選挙区制 選挙管理制度 秘密保持 公職選挙 普通選挙 立候補制
表現の自由,法,自己の意見や思想を外に向けて発信する自由を何と言いますか？,思想の自由 集会の自由 信教の自由 言論の自由 出版の自由 報道の自由 学問の自由 選挙権の自由 参政権の自由 結社の自由
平等権,法,すべての人が法の下に平等であるという権利を何と言いますか？,自由権 社会権 参政権 財産権 生命権 請願権 表現権 投票権 教育権 労働権
平等選挙,政治,すべての有権者が一人一票で平等に投票できる選挙制度を何と言いますか？,制限選挙 間接選挙 秘密選挙 比例代表制 小選挙区制 議会制民主主義 大統領制 議院内閣制 普通選挙 直接選挙
比例代表制,政治,得票数に応じて議席を配分する選挙制度を何と言いますか？,小選挙区制 制限選挙 大選挙区制 間接選挙 秘密選挙 直接選挙 普通選挙 議会制民主主義 大統領制 議院内閣制
夫婦別姓,法,結婚後も夫婦がそれぞれの姓を名乗ることを認める制度を何と言いますか？,夫婦同姓 姓氏統一制 姓氏別離制 連名制 共同姓制 民法 婚姻届け 同居制 離婚制 婚姻届
不景気(不況),経済,企業の活動が停滞し、失業者が増えるなど経済が低迷する状態を何と言いますか？,好景気 インフレ デフレーション 景気回復 景気拡大 バブル経済 デフレ 景気後退 景気停滞 景気循環
普通教育を受けさせる義務,法,保護者が子どもに教育を受けさせる責任を何と言いますか？,勤労の義務 納税の義務 参政権の義務 社会保障の義務 教育権 教育の自由 義務教育 権利義務 学習の義務 教育参加義務
普通選挙,政治,財産や身分に関係なく、一定の年齢に達したすべての国民が選挙に参加できる制度を何と言いますか？,制限選挙 間接選挙 秘密選挙 比例代表制 小選挙区制 議会制民主主義 大統領制 議院内閣制 秘密投票 公職選挙法
物価,経済,モノやサービスの平均的な価格水準のことを何と言いますか？,金利 株価 為替レート 物価指数 給料 賃金 消費税 税率 収入 需要
プライバシーの権利,法,私生活をみだりに公開されないように主張できる権利を何と言いますか？,表現の自由 公共の福祉 言論の自由 財産権 人権 自由権 平和権 参政権 経済権 教育権
部落差別,現代社会,歴史的な身分制度に由来する地域差別のことを何と言いますか？,人種差別 性差別 障害者差別 宗教差別 国籍差別 貧困差別 同和差別 就労差別 出身差別 文化差別
フランス人権宣言,法,1789年のフランス革命で採択された、人間の自由と平等をうたった宣言を何と言いますか？,世界人権宣言 アメリカ独立宣言 権利章典 憲法 十戒 民法 司法権条約 市民権宣言 社会権宣言 参政権宣言
武力攻撃事態対処法,政治,日本が武力攻撃を受けたときの対応を定めた法律を何と言いますか？,自衛隊法 平和安全保障法制 国防基本法 安保法制 憲法改正法 緊急事態法 国家安全保障法 防衛計画法 国際平和維持法 国防軍法
文化,現代社会,人々の暮らしの中で受け継がれてきた生活様式や価値観などをまとめて何と言いますか？,文明 伝統 技術 文化遺産 生活様式 風俗 慣習 行事 祭り 習慣
文化の多様性,現代社会,異なる文化が共存し、それぞれを尊重するという考え方を何と言いますか？,文化同化 文化均質化 文化融合 文化排除 文化支配 文化独占 文化消滅 文化衝突 文化多元主義 文化一元主義
平均寿命,現代社会,ある年に生まれた人が平均して何年生きるかを示した数値を何と言いますか？,出生率 乳児死亡率 平均余命 寿命 健康寿命 死亡率 生活年数 期待寿命 長寿 健康指標
平和主義,政治,日本国憲法の基本原則の一つで、戦争を放棄し平和を守ろうとする立場を何と言いますか？,軍国主義 武力行使 自衛権 集団的自衛権 武力攻撃 侵略 戦争放棄 安全保障 憲法改正 防衛政策
弁護士,法,裁判などで当事者を助ける法律の専門家を何と言いますか？,裁判官 検察官 裁判員 司法書士 裁判所 証人 証拠人 法律家 代理人 司法委員
ベンチャー企業,経済,新しいアイデアや技術でビジネスを始める企業を何と言いますか？,大企業 中小企業 公企業 独占企業 多国籍企業 製造業 卸売業 小売業 農業 サービス業
法,法,社会の秩序を保ち、国民の権利や義務を定めるきまりを何と言いますか？,憲法 条例 命令 規則 判例 判決 規約 約束 規範 法律
貿易,経済,国と国との間でモノやサービスを売買することを何と言いますか？,内需 国内消費 輸入 輸出 投資 生産 消費 交換 取引 商業
防災・減災,現代社会,災害による被害を防ぎ、減らすための取り組みを何と言いますか？,復興 応急処置 消防 消火 避難 訓練 予防 対策 緊急対応 安全管理
法人企業,経済,会社のように法律上の人格を持つ企業を何と言いますか？,個人事業 主婦起業 非営利組織 公益法人 組合 協同組合 特定非営利活動法人 合同会社 株式会社 有限会社
法の支配,法,国家権力も法律に従わなければならないという原則を何と言いますか？,独裁主義 無法状態 司法権力 立法権 行政権 自由主義 人権尊重 民主主義 憲法主義 法治主義
法の下の平等,法,すべての人が法律において平等に扱われるべきだという考え方を何と言いますか？,特権身分 不平等 主権平等 社会的格差 身分制度 差別撤廃 自由権 基本的人権 公平性 人権保障
法律の制定,法,国会で行われる、国のルールをつくることを何と言いますか？,法律改正 法律廃止 命令制定 条例制定 司法判断 規則制定 憲法改正 規則変更 規約改正 法令公布
保険会社,経済,病気や事故などのリスクに備える商品を提供する会社を何と言いますか？,銀行 証券会社 投資会社 金融機関 保険代理店 保険販売店 保険組合 保険協会 保険金請求所 保険調査機関
保護貿易,経済,自国の産業を守るために輸入に制限をかける政策を何と言いますか？,自由貿易 自由市場 市場経済 開放政策 閉鎖経済 自給自足 貿易自由化 輸出促進 輸入自由 貿易障壁撤廃
ポツダム宣言,政治,第二次世界大戦の終結にあたり日本の降伏条件を示した宣言を何と言いますか？,ヤルタ協定 サンフランシスコ講和条約 パリ協定 ワシントン会議 ドイツ降伏宣言 ランバート宣言 国連憲章 ワルシャワ条約 マーシャルプラン 北大西洋条約
北方領土,政治,日本とロシアの間で領有権が争われている北海道の北にある領土を何と言いますか？,尖閣諸島 竹島 小笠原諸島 南鳥島 馬毛島 沖ノ鳥島 南沙諸島 西沙諸島 択捉島 歯舞群島
ボランティア,現代社会,自分の意思で社会のために無償で行う活動を何と言いますか？,アルバイト パートタイム 有償活動 仕事 職業 ボスティング 強制労働 奉仕活動 奉公 労働
本会議,政治,国会で議員全員が出席して行われる会議を何と言いますか？,委員会 常任委員会 予算委員会 特別委員会 小委員会 臨時会 議院運営委員会 参議院委員会 衆議院委員会 連合会議
マスメディア,現代社会,新聞・テレビ・ラジオなど、情報を多くの人に伝える媒体を何と言いますか？,インターネット 電話 手紙 雑誌 新聞広告 広告代理店 出版社 出版物 ソーシャルメディア ポッドキャスト
まちづくり,現代社会,地域の住民が主体となって住みよい地域をつくる取り組みを何と言いますか？,都市計画 地域開発 地域振興 都市再開発 インフラ整備 公共事業 地方創生 農業振興 商業振興 住宅開発
マルクス,経済,資本主義を批判し、社会主義を提唱したドイツの思想家は誰ですか？,エンゲルス レーニン トロツキー マルクス主義 ケインズ フリードマン ウェーバー シュンペーター ハイエク ニューマン
民事裁判,法,人と人との間の争いを解決するために行われる裁判を何と言いますか？,刑事裁判 行政裁判 憲法裁判 裁判所 裁判員 司法委員 裁判官 公判 検察 判決
民主主義,政治,国民が政治に参加し、主権を持つという政治のあり方を何と言いますか？,独裁制 君主制 全体主義 専制政治 立憲君主制 独立主権制 寡頭制 専制君主制 共和制 君主権
民主政治,政治,国民が主権を持ち、政治に参加する政治の仕組みを何と言いますか？,専制政治 君主政治 全体主義 独裁政治 専制君主制 寡頭政治 君主権 共和制 連邦制 専制支配
民法,法,家族や財産など、私たちの日常生活に関係する法律を何と言いますか？,刑法 商法 行政法 労働法 憲法 国際法 商事法 民事訴訟法 刑事訴訟法 刑事法
村おこし,現代社会,地方の村などが独自の資源を活用して地域を活性化する取り組みを何と言いますか？,都市開発 地域振興 地域創生 まちづくり 産業振興 農業振興 商業振興 地方創生 地域再生 地域経済
名誉革命,政治,1688年にイギリスで起こり、王の権力を制限し議会政治を確立させた革命を何と言いますか？,フランス革命 アメリカ独立革命 ロシア革命 農民革命 ボストン茶会事件 産業革命 共和革命 革命戦争 ペスト革命 議会革命
メディアリテラシー,現代社会,情報を正しく読み取り、活用する力を何と言いますか？,情報操作 誤情報 フェイクニュース 情報過多 情報発信 情報収集 情報隠蔽 情報漏洩 情報拡散 情報統制
MOTTAINAI,現代社会,資源を大切に使うという日本の伝統的な精神を表した言葉は何ですか？,リサイクル エコロジー サステナビリティ エコロジカル フェアトレード 環境保護 環境運動 環境教育 環境汚染 環境破壊
ものづくり,経済,日本の産業の特色で、高い技術による製品製造を何と言いますか？,サービス業 小売業 卸売業 農業 漁業 林業 建設業 製造業 輸出業 輸入業
モンテスキュー,政治,権力分立の考え方を唱えたフランスの啓蒙思想家は誰ですか？,ルソー ロック ヴォルテール カント ヘーゲル ベルクソン サルトル ニーチェ デカルト トクヴィル
野党,政治,政権を持たず、政府の活動を監視・批判する立場の政党を何と言いますか？,与党 連立政権 与党内閣 与党議員 連合政党 連邦政党 与党委員会 与党党首 与党派閥 与党集団
有事関連三法,政治,日本が武力攻撃を受けた際に対応するために整備された法律群を何と言いますか？,平和関連法 集団的自衛権関連法 安全保障関連法 自衛隊関連法 防衛法 武力行使法 緊急事態法 戦争関連法 国防関連法 安全保障条約
預金,経済,銀行などにお金を預けること、またはそのお金を何と言いますか？,貸付 貸出 借入 投資 収入 利息 収益 資産 債務 財産
抑止力,政治,相手の攻撃を思いとどまらせるための力を何と言いますか？,攻撃力 防衛力 防衛策 武力制裁 軍事力 戦力 武装力 核兵器 防衛政策 軍備
予算,政治,国の収入と支出の見積もりを何と言いますか？,決算 財政収支 財務報告 財政計画 財政方針 財務省 財政法 財政調査 財政再建 財政規律
与党,政治,現在の内閣を支えている政党を何と言いますか？,野党 連立政党 連合政党 反対党 対立政党 独立政党 少数政党 小政党 中央政党 地方政党
拉致,政治,外国によって自国民が強制的に連れ去られる事件を何と言いますか？,誘拐 監禁 拘束 投獄 転向 亡命 亡命申請 不法入国 脱走 強制退去
利益集団,政治,自分たちの利益を実現するために政治に働きかける団体を何と言いますか？,政党 政治団体 労働組合 市民団体 NPO NGO 財団 公益法人 行政機関 官僚
リコール(首長や議員の解職),政治,有権者の直接請求により、首長や議員を解職する制度を何と言いますか？,リコール運動 議会解散 選挙運動 議員罷免 市民投票 直接請求 投票権 議会制民主主義 罷免請求 住民投票
リサイクル,現代社会,使用済みの製品を資源として再利用することを何と言いますか？,リユース 廃棄処分 埋め立て 廃棄物処理 環境保護 再生利用 ゴミ削減 環境教育 エコロジー 節約
利子,経済,お金を借りたときに支払う報酬、または預金に対して受け取る報酬を何と言いますか？,元本 利益 配当 資本 利回り 収益 収入 資産 貸付金 元利
利潤,経済,企業が得る利益のうち、収入から費用を差し引いたものを何と言いますか？,売上高 収入 資本 投資 費用 売上総利益 経費 収益 損失 利益率
立憲主義,法,憲法に基づいて政治を行うべきだとする考え方を何と言いますか？,専制政治 全体主義 無政府主義 民主主義 専制主義 独裁政治 法治主義 法の支配 人権尊重 市民自由
立法,法,法律をつくることを何と言いますか？,司法 行政 法制定 法律改正 政策決定 法律審査 法律廃止 法律施行 法律制定 政府決定
立法権,法,法律を制定する権限を何と言いますか？,司法権 行政権 立法機関 議会 議決権 憲法改正権 政令制定権 行政命令権 裁判権 行政裁量権
流通,経済,生産された商品を消費者に届ける仕組みを何と言いますか？,生産 販売 消費 輸送 流通経路 市場経済 供給 販売促進 流通業者 流通管理
流通の合理化,経済,商品を効率よく消費者に届けるために無駄をなくす工夫を何と言いますか？,効率化 経済合理性 流通改善 物流最適化 コスト削減 サプライチェーン マーケティング 経営改革 流通革新 商品管理
領域,政治,国が主権を持つ領土・領海・領空をまとめて何と言いますか？,国土 領海 領空 国境 国家主権 統治権 領海権 領空権 国際水域 海洋権
両院協議会,政治,衆議院と参議院で議決が異なったときに意見を調整するための会議を何と言いますか？,合同委員会 両議院協議会 委員会 国会調査会 予算委員会 政策調整会議 総会 常任委員会 法案審査会 議員協議会
領海,政治,沿岸から一定の距離までの海域で国の主権が及ぶ範囲を何と言いますか？,公海 排他的経済水域 国際水域 海域領土 海洋権 海洋法 国境 海洋資源 海洋管轄 海洋安全保障
領空,政治,領土と領海の上空にある空間を何と言いますか？,航空管制 空港空域 国際空域 空中権 空港管理 航空法 管轄空域 管理空域 航空交通 国際航空路
両性の本質的平等,法,日本国憲法が保障する、男女の本質的な平等を何と言いますか？,男女平等 男女差別禁止 男女共同参画 男女権利均等 男女参政権 男女機会均等 男女労働権 男女教育権 男女福祉権 男女権利保障
領土,政治,国家が主権を持つ土地の範囲を何と言いますか？,国土 領域 領海 領空 国境 県域 市域 村域 国境線 土地所有権
領土問題,政治,日本が他国と争っている北方領土や竹島などの問題をまとめて何と言いますか？,領海問題 領空問題 国境問題 国土問題 県境問題 境界線問題 領有権問題 国際紛争 国境紛争 領有権紛争
臨時会(臨時国会),政治,必要に応じて召集される国会の会期を何と言いますか？,通常国会 特別国会 臨時議会 臨時委員会 緊急国会 会期延長 延会 参議院 臨時議事会 総会
累進課税,経済,所得が高いほど高い税率が適用される税の仕組みを何と言いますか？,均等税 所得税 消費税 逆累進課税 直接税 間接税 納税 累積税 資産税 固定資産税
ルソー,政治,「社会契約論」を著し、人民主権を主張したフランスの思想家は誰ですか？,ロック モンテスキュー マルクス ベンサム カント ヘーゲル トクヴィル ハンナアーレント シュミット ヴォルテール
令状,法,逮捕や捜索を行う際に裁判所が出す許可証を何と言いますか？,逮捕状 捜索令状 拘束令状 捜査令状 令書 許可状 証書 許可証 果し状 隷書
冷戦,政治,第二次世界大戦後にアメリカとソ連を中心に続いた軍事的緊張状態を何と言いますか？,東西対立 米ソ対立 軍拡競争 代理戦争 非核化 緊張緩和 米露緊張 米露対立 ブロック経済 経済戦争
連立政権,政治,一つの政党だけでは過半数に届かないときに複数の政党で組まれる政権を何と言いますか？,連立内閣 共同政権 連携政権 多党連合 連合政権 連合政府 合同政権 協調政権 連立体制 連帯政権
老人福祉法,現代社会,高齢者の生活を保障し福祉を充実させることを目的とした法律を何と言いますか？,高齢者福祉法 老人福祉保障法 高齢者支援法 福祉基本法 社会福祉法 老人保健法 介護保険法 高齢者福祉支援法 高齢者生活支援法 高齢者福祉促進法
労働関係調整法,法,労働争議を未然に防いだり解決したりするための法律を何と言いますか？,労働争議調整法 労働紛争調整法 労使関係調整法 労働紛争解決法 労使紛争調整法 労働争議防止法 労働紛争防止法 労働関係解決法 労働関係調整条例 労働協調法
労働基準法,法,労働時間や休憩、賃金など労働条件の最低基準を定めた法律を何と言いますか？,労基法 労働最低基準法 労働条件基準法 労働規準法 労働時間法 労働賃金法 労働基準条例 労働標準法 労働保障法 労働条件保障法
労働基本権,法,労働者が労働組合を結成し、団体交渉や争議行為を行う権利をまとめて何と言いますか？,労働三権 団結権 団体交渉権 団体行動権 労働権 労働組合権 労働参加権 労働行動権 労働団体権 団結行動権
労働組合,政治,労働者が賃金や労働条件の改善を目的に結成する団体を何と言いますか？,労組 労働組織 労働者団体 労働者協会 労働者連合 労働連盟 労働組合連合 労働者組織 労働協同組合 労働団体
労働組合法,法,労働組合の組織や活動を保障する法律は何ですか？,労組法 労働組合活動法 労働組合保障法 労働組合保護法 労働組合法案 労働団体法 労働者団体法 労働権保障法 労働者組合法 組合法
労働三権,法,団結権、団体交渉権、団体行動権の三つの労働者の権利を何と言いますか？,労働基本権 労働三大権利 労働権 労働権利 労働者権利 労働三権保障 労働三要素 労働者三権 労働三原則 労働三本権利
労働三法,法,労働基準法、労働組合法、労働関係調整法をまとめて何と言いますか？,労働関係三法 労働基本法群 労働法三本柱 労働法主要法 労働法基本三法 労働主要三法 労働三大法 労働法三要法 労働三原法 労働三大法律
労働者,経済,賃金を得て働く人を何と言いますか？,労働人口 就労者 労働力 労働者階級 労働従事者 労働人員 就労者数 労働参加者 雇用者 働き手
労働条件,経済,労働時間や賃金、休暇などの労働に関する取り決めを何と言いますか？,就労条件 労働環境 労働協定 労働契約 労働待遇 労働条項 就労環境 勤務条件 勤務環境 労働協約
労働力,経済,働くことができる人々の総体を何と言いますか？,労働人口 労働者数 就労者数 労働参加人口 労働資源 就業者数 労働供給 労働供給人口 就業人口 労働参加者数
ロック,政治,自然権や社会契約説を説き、近代民主主義の基礎を築いたイギリスの思想家は誰ですか？,ジャン＝ジャック・ルソー トマス・ホッブズ モンテスキュー ジョン・スチュアート・ミル ベンサム ヘーゲル カント ヴォルテール ジェームズ・マディソン ジョージ・ワシントン
ワーキングプア,現代社会,働いても生活が苦しい状態にある人々を何と言いますか？,ブラック企業 ニート フリーター 非正規雇用 失業者 リストラ 正社員 バブル経済 ワークライフバランス ブラックバイト
ワーク・ライフ・バランス,現代社会,仕事と生活の調和を意味する言葉を何と言いますか？,ブラック企業 フリーター ワーキングプア 働き方改革 労働組合 パワハラ セクハラ 過労死 非正規雇用 ブラックバイト
ワイマール憲法,法,第一次世界大戦後のドイツで制定され、社会権を初めて盛り込んだ憲法は何ですか？,日本国憲法 大日本帝国憲法 フランス人権宣言 アメリカ独立宣言 イギリス権利章典 モンテスキュー ロック ルソー ナポレオン法典 フランクリン宣言
和食,現代社会,日本の伝統的な食文化を何と言いますか？,ファストフード 洋食 中華料理 韓国料理 イタリア料理 メキシコ料理 ベジタリアン 食育 マナー 料理教室
APEC,経済,アジア太平洋地域の経済協力を目的とする会議を何と言いますか？,ASEAN EU NAFTA WTO TPP G7 G20 OPEC OECD IMF
ASEAN,経済,東南アジア諸国が加盟する地域協力機構を何と言いますか？,APEC EU NAFTA TPP G7 G20 OPEC OECD IMF 東南アジア連合
EPA,経済,関税の撤廃だけでなく、投資や知的財産など幅広い経済連携を含む協定を何と言いますか？,FTA NAFTA TPP APEC ASEAN WTO OECD IMF G7 G20
EU,政治,ヨーロッパの地域統合を進めるために結成された組織は何ですか？,ASEAN NAFTA APEC G7 G20 OECD IMF WTO TPP 欧州連合
FTA,経済,特定の国や地域間で関税をなくす貿易協定を何と言いますか？,EPA NAFTA TPP WTO APEC ASEAN G7 G20 OECD IMF
GDP,経済,一定期間に国内で生み出された財やサービスの総額を何と言いますか？,GNP 国民総所得 可処分所得 純資産 物価指数 インフレ デフレ 失業率 物価上昇率 貯蓄率
JICA,政治,日本の政府開発援助を実施する機関で、海外協力隊の派遣なども行っているのはどこですか？,UNICEF WHO UNESCO WTO IMF OECD NGO NPO PKO 国際協力機構
NAFTA,経済,アメリカ、カナダ、メキシコの3か国による自由貿易協定を何と言いますか？,TPP EPA FTA APEC ASEAN EU WTO G7 G20 米国・メキシコ・カナダ協定
NGO,現代社会,国に属さずに、社会問題の解決や国際協力を行う民間団体を何と言いますか？,NPO INGO UNICEF UNHCR WHO WWF ボランティア 市民団体 市民活動組織 非政府組織
NPO,現代社会,利益を目的とせず、社会貢献を行う民間の非営利組織を何と言いますか？,NGO INGO UNICEF WHO WTO IMF EU 財団法人 社団法人 ボランティア
ODA,経済,先進国の政府が発展途上国に資金や技術を提供する援助を何と言いますか？,PKO NGO IMF WHO WTO 世界銀行 国連 UNICEF 財団法人 途上国支援
PKO,政治,国連が行う紛争地での平和維持活動をアルファベットで何と言いますか？,ODA NGO UNICEF WHO WTO IMF UNESCO NATO G7 G20
TPP,経済,環太平洋の国々が参加する自由貿易協定をアルファベットで何と言いますか？,NAFTA EPA FTA WTO APEC ASEAN G7 G20 OECD IMF
UNESCO,政治,教育・科学・文化を通じて国際協力を進める国連の専門機関は何ですか？,UNICEF WHO WTO IMF 世界銀行 国連 NGO NPO PKO OECD
UNICEF,政治,子どもの権利を守るための国連の機関は何ですか？,UNESCO WHO WTO IMF NGO NPO 国連 財団法人 世界銀行 PKO
WHO,政治,感染症対策や公衆衛生の向上を目的とした国連の専門機関は何ですか？,UNICEF UNESCO WTO IMF NGO NPO 国連 PKO 財団法人 世界銀行
WTO,経済,貿易の自由化とルールづくりを行う国際機関は何ですか？,IMF 世界銀行 国連 NGO NPO UNESCO UNICEF PKO OECD G7
