アイヌ,江戸,江戸時代に松前藩との交易が盛んだったが、差別的な扱いを受けた北海道の先住民族は何ですか？,蝦夷 倭人 和人 弥生人 百姓 縄文人 土人 商人 百済人 渡来人
アイヌ,現代,2019年に法律で「日本の先住民族」と明記された民族は何ですか？,和人 琉球人 渡来人 縄文人 百姓 日本人 南蛮人 奴隷 蝦夷 華族
悪党,鎌倉,鎌倉時代末期に幕府に反抗した武装集団を何と呼びますか？,地侍 国人 浪人 海賊 武士 鎌倉武士 商人 百姓 村人 豪族
アジア・アフリカ会議,昭和,1955年にインドネシアのバンドンで開かれた第三世界の団結を示す会議は何ですか？,非同盟会議 アジア会議 国際連合 国際連盟 日ソ共同宣言 日米安全保障会議 サンフランシスコ講和会議 平和会議 第三世界会議 バンドン会議
足尾銅山,明治,田中正造が公害問題として訴えた栃木県の銅山はどこですか？,佐渡金山 石見銀山 生野銀山 夕張炭鉱 池島炭鉱 栃木銅山 銅山 足尾山 鉱山 別子銅山
足尾銅山鉱毒事件,明治,日本で最初の公害問題とされる、鉱山からの有害物質による事件を何と言いますか？,水俣病 イタイイタイ病 四日市ぜんそく 光化学スモッグ 熊本水俣病 新潟水俣病 鉱毒事件 公害事件 田中正造事件 栃木事件
足利学校,室町,日本最古の学校とされ、室町時代に再興されたのは何ですか？,吉田学校 大学寮 築地学校 昌平坂学問所 金沢文庫 寺子屋 国学館 論語塾 閑谷学校 学習院
足利氏,室町,室町幕府を開いた一族は何氏ですか？,北条氏 今川氏 細川氏 新田氏 源氏 徳川氏 藤原氏 豊臣氏 平氏 織田氏
足軽,戦国,戦国時代に登場した、足で移動し戦った軽装の兵士を何と言いますか？,雑兵 徒士 歩兵 郷士 下級武士 軽装兵 兵士 雑用兵 鉄砲隊 地侍
飛鳥時代,飛鳥,聖徳太子が活躍した時代を何と言いますか？,奈良時代 弥生時代 古墳時代 平安時代 室町時代 鎌倉時代 戦国時代 安土桃山時代 江戸時代 明治時代
飛鳥文化,飛鳥,仏教の影響を受けた、7世紀の日本で栄えた文化を何というか？,白鳳文化 奈良文化 天平文化 国風文化 古墳文化 平安文化 仏教文化 大和文化 鎌倉文化 元禄文化
安土城,戦国,織田信長が琵琶湖のほとりに築いた城は何ですか？,小谷城 岐阜城 長浜城 二条城 大坂城 清州城 姫路城 名古屋城 江戸城 彦根城
安土桃山時代,安土桃山,織田信長や豊臣秀吉が活躍した時代を何と言いますか？,戦国時代 室町時代 江戸時代 平安時代 鎌倉時代 明治時代 古墳時代 織豊時代 弥生時代 南北朝時代
アヘン戦争,江戸,1840年、清とイギリスの間で起こった戦争を何というか？,日清戦争 日英戦争 太平天国の乱 南北戦争 日露戦争 南京事件 イギリス戦争 清戦争 香港戦争 清仏戦争
阿弥陀仏,鎌倉〜室町,浄土宗や浄土真宗で信仰される仏を何と言いますか？,釈迦如来 地蔵菩薩 薬師如来 千手観音 大日如来 如来 阿弥陀如来 観音 仏様 勢至菩薩
アメリカ,近世,18世紀にイギリスから独立し、世界で最初の民主主義国家となった国はどこですか？,フランス カナダ スペイン ポルトガル ドイツ イギリス領 オランダ スウェーデン ロシア メキシコ
アメリカ,近代,19世紀に西部開拓を進め、南北戦争を経て黒人奴隷解放を実現した国はどこですか？,メキシコ カナダ イギリス ブラジル ロシア フランス スペイン ドイツ キューバ コロンビア
アメリカ,現代,第二次世界大戦後に世界の超大国となり、冷戦でソ連と対立した国はどこですか？,ソ連 イギリス フランス 中国 ドイツ 日本 西ドイツ ロシア インド カナダ
アメリカ軍基地,昭和,戦後、日本各地に設置された米軍の施設を何と言いますか？,自衛隊基地 国連軍基地 連合国基地 在日米軍施設 日米施設 軍用施設 米軍施設 米軍駐屯地 訓練所 日米共同基地
アメリカ同時多発テロ,現代,2001年にアメリカで起きた世界貿易センタービルなどを標的とした大規模テロ事件を何と言いますか？,湾岸戦争 リーマンショック 東日本大震災 サブプライム問題 イラク戦争 9.11事件 テロ事件 米国テロ 同時多発 アルカイダ
アラー,古代〜現代,イスラム教で唯一神とされる神の名前は何ですか？,ゴータマ ブッダ ヤハウェ イエス キリスト アッラー ラーマ イスラム神 唯一神 神様
安政の大獄,幕末,井伊直弼が尊王攘夷派を弾圧した事件を何と言いますか？,桜田門外の変 忠臣蔵 禁門の変 慶応の政変 蛤御門の変 幕末弾圧事件 井伊の弾圧 攘夷弾圧事件 大老事件 徳川幕府弾圧
安全保障理事会,昭和,国際連合の主要機関の一つで、世界の平和と安全を維持する役割を持つ組織は何ですか？,国際連盟 総会 経済社会理事会 軍事委員会 信託統治理事会 平和理事会 国際司法裁判所 事務局 世界銀行 国際通貨基金
安保闘争,昭和,日米安全保障条約の改定に反対して全国で起きた大規模な抗議運動を何というか？,学生運動 沖縄返還運動 政党闘争 条約反対運動 安保反対運動 日米反対運動 平和運動 社会運動 労働運動 反戦運動
イエズス会,安土桃山,フランシスコ・ザビエルが所属していたキリスト教のカトリック修道会を何というか？,ドミニコ会 ベネディクト会 カルメル会 フランシスコ会 修道士会 宣教師会 カトリック団 修道会 テンプル騎士団 シトー会
イギリス,中世,ノルマンディー公ウィリアムが1066年にイングランドを征服して建国した国はどこか？,ドイツ フランス スペイン オランダ ポルトガル イングランド 英国 ブリテン ノルマン国 デンマーク
イギリス,近世,日本と最初に通商条約を結んだ欧米諸国の一つで、産業革命を最初に起こした国はどこか？,フランス オランダ スペイン アメリカ ドイツ イタリア ポルトガル スウェーデン ノルウェー ベルギー
イギリス,近代,日英同盟を1902年に日本と結んだ国はどこですか？,フランス ドイツ アメリカ オーストリア ロシア イタリア スペイン オランダ スウェーデン ノルウェー
イギリス,現代,第二次世界大戦後、アメリカとともに冷戦時代の西側陣営を主導したヨーロッパの国はどこですか？,ドイツ フランス ポーランド イタリア オーストリア スペイン オランダ ベルギー スウェーデン ノルウェー
生け花,室町〜現代,日本の伝統的な花を生ける芸術を何と言いますか？,書道 水墨画 陶芸 能 茶道 華道 花道 日本文化 芸術 盆栽
異国船打払令,江戸,外国船が日本沿岸に近づいた際に砲撃して追い払うことを命じた幕府の命令を何と言いますか？,鎖国令 通商停止令 外国排除令 海禁令 無差別攻撃令 外国船追放令 外国対処令 海岸警備令 攘夷令 海防令
石包丁,縄文,稲の穂を摘み取るために使われた石製の道具を何と言いますか？,石斧 石器 磨製石器 石鏃 石鍬 収穫具 切断具 穂摘み具 古代道具 摘み取り具
石山本願寺,戦国,織田信長と10年以上戦った本願寺の寺院を何と言いますか？,比叡山延暦寺 東本願寺 西本願寺 興福寺 延暦寺 石川本願寺 大徳寺 石山寺 大阪寺 妙法院
出雲大社,飛鳥〜奈良,日本神話に登場する大国主命をまつる、島根県にある有名な神社は何ですか？,伊勢神宮 春日大社 鹿島神宮 熱田神宮 宇佐神宮 出雲神社 大国神社 島根神社 春日神宮 石清水八幡宮
イスラム教,中世,7世紀にムハンマドによってアラビア半島で始まり、世界各地に広まった宗教は何ですか？,キリスト教 仏教 ヒンドゥー教 ユダヤ教 道教 シク教 回教 ムスリム教 アッラーの教え ゾロアスター教
イスラム教,近世,オスマン帝国が信仰し、西アジアからヨーロッパ・アフリカにかけて広がった宗教は何ですか？,ヒンドゥー教 キリスト教 仏教 ユダヤ教 ペルシア教 シク教 回教 イスラーム ムスリム アッラー教
イスラム教,近代,19世紀以降も中東地域で根強く信仰され、西欧列強との対立の一因となった宗教は何ですか？,キリスト教 ユダヤ教 ペルシア教 仏教 カトリック ジャイナ教 回教 イスラーム 宗教 ゾロアスター教
イスラム教,現代,パレスチナ問題や湾岸戦争などの背景にも関係する、中東を中心に信者が多い宗教は何ですか？,ユダヤ教 キリスト教 仏教 ヒンドゥー教 ペルシア教 バハイ教 ムスリム教 回教 イスラーム ゾロアスター教
イタイイタイ病,昭和,富山県で発生した、カドミウムによる四大公害病の一つは何ですか？,水俣病 四日市ぜんそく 新潟水俣病 大気汚染 光化学スモッグ 鉛中毒 アスベスト病 持続汚染病 重金属中毒 地盤沈下
伊勢神宮,飛鳥〜奈良,日本の天照大神をまつる神社で、全国の神社の中心とされるのはどこですか？,出雲大社 春日大社 鹿島神宮 熱田神宮 明治神宮 靖国神社 富士山神社 高千穂神社 箱根神社 熊野神社
伊勢参り,江戸,庶民がこぞって伊勢神宮を目指して旅をする風習を何と言いますか？,巡礼 江戸旅 神社参り 神道旅 おかげ参り 伊勢詣 伊勢道 参宮 信仰旅 巡礼旅
イタリア,中世,ローマ教皇が大きな権力を持ち、キリスト教世界の中心の一つであった国はどこですか？,スペイン フランス イギリス オランダ ポルトガル ドイツ ロシア オーストリア ベルギー スウェーデン
イタリア,近世,ルネサンスが始まった国で、レオナルド・ダ・ヴィンチなどの文化人を輩出した国はどこですか？,フランス スペイン イギリス オランダ ドイツ ポルトガル ベルギー ロシア オーストリア ハンガリー
イタリア,近代,19世紀に統一を果たし、列強の一員となったヨーロッパの国はどこですか？,ドイツ フランス イギリス スペイン オーストリア ロシア ノルウェー ポーランド ハンガリー ベルギー
イタリア,現代,第二次世界大戦でムッソリーニが独裁を行い、ファシズム体制を築いた国はどこですか？,ドイツ スペイン フランス ソ連 イギリス オランダ オーストリア ハンガリー ポーランド チェコスロバキア
五日市憲法,明治,自由民権運動の中で作られた民間憲法草案の一つを何と言いますか？,大日本帝国憲法 日本国憲法 民撰議院設立建白書 植木枝盛案 自由民権憲法 草案憲法 五日市案 市民憲法 立憲草案 国民憲法
一揆,南北朝〜江戸,農民や武士・僧侶などが団結して領主や権力者に対して起こした反抗運動を何と言いますか？,暴動 クーデター 抵抗運動 領民運動 川一揆 武士一揆 反乱 反抗運動 反発 運動
一向一揆,室町〜戦国,本願寺を中心に農民らが団結して起こした宗教的な反乱を何と言いますか？,土一揆 百姓一揆 本願寺の乱 宗教戦争 法華一揆 本願寺一揆 農民戦争 浄土宗一揆 宗教反乱 国一揆
一向宗,室町〜戦国,蓮如の布教によって信徒が増え、一揆を起こすなど強い影響力を持った浄土真宗の宗派は何ですか？,日蓮宗 真言宗 浄土宗 曹洞宗 臨済宗 浄土真宗 本願寺派 蓮如宗 一揆宗 本願寺派系
一神教,古代〜現代,唯一の神を信仰する宗教の総称を何と言いますか？,多神教 アニミズム 宗教 哲学 宗教学 唯一神教 モノセオイズム 神の宗教 信仰宗教 唯一神信仰
稲作,弥生,日本に伝わり、農耕社会の基盤となった農業技術は何ですか？,狩猟 採集 畑作 畜産 焼畑農業 農耕 自然農法 弥生農法 二毛作 有機栽培
稲荷山古墳,古墳,「ワカタケル大王」などの金錯銘鉄剣が出土した埼玉県の古墳は何ですか？,吉野ヶ里古墳 古墳群 前方後円墳 高松塚古墳 志段味古墳 金錯銘古墳 鉄剣古墳 ワカタケル古墳 埼玉古墳 埼玉県古墳
イラン・イラク戦争,昭和,1980年代に中東で起きた長期の戦争で、イスラム革命の影響を受けた戦争は何ですか？,湾岸戦争 六日戦争 アフガン紛争 パレスチナ戦争 中東戦争 中東内戦 イスラム戦争 革命戦争 原油戦争 石油戦争
岩倉使節団,明治,欧米の制度や技術を学ぶために派遣された使節団を何と言いますか？,遣唐使 遣隋使 明治視察団 文明開化団 外交使節団 明治使節 岩倉団 欧米視察団 欧米派遣団 使節団
岩宿遺跡,先史,日本に旧石器時代があったことを証明した群馬県の遺跡は何ですか？,三内丸山遺跡 登呂遺跡 吉野ヶ里遺跡 姫川遺跡 上野遺跡 旧石器遺跡 石器発見遺跡 群馬遺跡 原始遺跡 先史遺跡
石見銀山,戦国〜江戸,日本の経済を支え、世界にも銀を供給した島根県の鉱山は何ですか？,佐渡金山 足尾銅山 幕府鉱山 飛騨銀山 大森銀山 出雲銀山 島根鉱山 山陰銀山 中国鉱山 日本鉱山
殷,古代,甲骨文字を使用し、中国最古の王朝とされる国は何ですか？,周 秦 漢 唐 夏 商 朝 古代王朝 甲骨王朝 黄河文明
インカ帝国,中世,アンデス地方に栄え、マチュピチュ遺跡などで知られる南米の帝国は何ですか？,マヤ文明 アステカ帝国 アンデス王国 ペルー帝国 チチカカ王国 クスコ王国 太陽の国 南米文明 高地帝国 アマゾン文明
院政,平安,天皇が上皇として政治の実権を握るようになった政治形態を何と言いますか？,摂関政治 武家政治 幕府 政権交代 王政復古 上皇政治 天皇制 後白河政治 上皇制 公家政治
インターネット,現代,世界中のコンピュータを結ぶ情報通信網を何と言いますか？,電話 テレビ 衛星放送 電子機器 情報通信網 イントラネット ネット IT網 情報網 コンピュータ網
インダス文明,古代,インドのインダス川流域に発展し、モヘンジョ・ダロなどの都市を築いた文明は何ですか？,メソポタミア文明 エジプト文明 黄河文明 チグリス文明 ハラッパー文明 インド文明 川文明 南アジア文明 古代インド文明 南方文明
インド,中世,ヒンドゥー教や仏教が発展し、ガンジス川流域で栄えた南アジアの国はどこですか？,パキスタン スリランカ バングラデシュ ネパール チベット イラン モルディブ ブータン アフガニスタン マルディブ
インド,近世,ムガル帝国が支配し、イスラム文化とヒンドゥー文化が融合した南アジアの国はどこですか？,アフガニスタン イラン パキスタン スリランカ 中国 チベット ネパール バングラデシュ ブータン モルディブ
インド,近代,イギリスの植民地支配を受け、ガンジス川流域を中心に独立運動が起こった国はどこですか？,パキスタン スリランカ ネパール バングラデシュ ミャンマー チベット ブータン アフガニスタン 中国 タイ
インド,現代,1947年にイギリスから独立し、現在も多くの人口を持つ南アジアの国はどこですか？,中国 アメリカ パキスタン バングラデシュ ネパール イラン スリランカ アフガニスタン ミャンマー モルディブ
インド大反乱,近代,1857年にイギリスに対するインド兵の反乱として始まった大規模な抵抗を何と言いますか？,独立戦争 民族運動 ボーア戦争 ガンジー運動 英印戦争 応仁の乱 英印反乱 インド蜂起 植民地反乱 民衆蜂起
浮世絵,江戸,庶民の生活や風景を描いた版画で、海外にも影響を与えた美術作品を何と言いますか？,水墨画 日本画 漫画 屏風絵 浮世草子 錦絵 江戸絵 美人画 版画美術 木版画
浮世草子,江戸,井原西鶴が書いた、町人社会を題材にした文学の形式を何と言いますか？,物語 小説 読本 黄表紙 草双紙 町人物語 江戸文学 小説形式 町人文学 浮世絵
氏,古墳〜飛鳥,日本の古代社会で、豪族が形成していた血縁的集団を何と言いますか？,戸 部 民 家 系族 豪族集団 氏族 血族 古代集団 族集団
打ちこわし,江戸,米の値上がりなどに怒った庶民が商家などを襲った騒動を何と言いますか？,百姓一揆 一向一揆 貧民暴動 商家襲撃 米騒動 江戸騒動 民衆反乱 商人襲撃 労働争議 暴動
浦賀,幕末,1853年にペリーが黒船で来航した神奈川県の港はどこですか？,横浜 長崎 下田 上田 函館 大坂 神奈川港 黒船来航港 幕末港 横須賀
映画,近代,19世紀末に発明され、動く映像を使った娯楽や芸術は何ですか？,テレビ 写真 演劇 アニメーション 活版印刷 活動写真 動画芸術 映像文化 シネマ 映像芸術
ええじゃないか,幕末,世直しを願って人々が踊り騒いだ幕末の民衆運動を何と言いますか？,百姓一揆 打ちこわし 世直し一揆 天理教運動 農民騒動 民衆踊り 世直し騒動 幕末騒動 民衆運動 盆踊り
ABCD包囲網,昭和,日本に対して経済制裁を行ったアメリカ・イギリス・中国・オランダの連携を何と言いますか？,三国同盟 日独伊同盟 国際連盟 太平洋戦争 四カ国連携 経済封鎖 対日制裁 同盟国封鎖 封鎖網 連合国
エジプト文明,古代,ナイル川流域で栄え、ピラミッドやヒエログリフで知られる文明は何ですか？,バビロニア文明 メソポタミア文明 ハラッパー文明 マヤ文明 インダス文明 ローマ文明 ギリシャ文明 中国文明 フェニキア文明 ナイル文明
蝦夷地,江戸,江戸時代に北海道が呼ばれていた名称は何ですか？,千島 北蝦夷 南蝦夷 北海道 和人地 東北 扶桑 奥州 大和 松前藩
えた,江戸,四民平等の外に置かれ差別された身分のうち、皮革加工などに従事した人々を何と言いますか？,士族 百姓 町人 被差別民 百姓身分 非人 賤民 下人 平民 下女
江田船山古墳,古墳,鉄剣に「獲加多支鹵大王」と刻まれた熊本県の古墳は何ですか？,高松塚古墳 稲荷山古墳 観音寺古墳 吉見百穴 志段味古墳 岩橋千塚 吉野ヶ里古墳 宮山古墳 鶴見古墳 竪穴式石室古墳
江戸,江戸,徳川幕府の本拠地であり、現在の東京の旧名は何ですか？,京都 大阪 鎌倉 奈良 水戸 長崎 東京 名古屋 横浜 新宿
江戸時代,江戸,1603年から1867年まで続いた徳川家の支配による時代を何と言いますか？,戦国時代 安土桃山時代 幕末 鎌倉時代 室町時代 明治時代 平安時代 大正時代 飛鳥時代 徳川時代
江戸幕府,江戸,1603年に徳川家康が開いた幕府を何と言いますか？,鎌倉幕府 室町幕府 明治政府 幕藩体制 京都所司代 幕府体制 大政奉還 長州閥 朝廷 徳川政権
絵踏,江戸,キリスト教徒でないことを確かめるために行われた宗教弾圧の方法を何と言いますか？,打ちこわし 打毀 法度 追放令 弾圧令 宗門改 禁教 取締法 拷問 弾圧
絵巻物,平安〜鎌倉,日本の物語や歴史を絵と文で表現した巻物形式の作品を何と言いますか？,大和絵 水墨画 風俗画 屏風絵 浮世絵 狩野派 仏画 曼荼羅 俵絵 巻物絵
蝦夷(えみし),奈良〜平安,古代に東北地方に住み、大和朝廷に抵抗した人々を何と言いますか？,倭人 アイヌ 渤海人 隼人 熊襲 渡来人 鮮卑 百済人 高句麗人 畿内人
エルトゥールル号遭難,明治,1890年に日本近海でトルコ軍艦が遭難し、友好関係のきっかけとなった事件は何ですか？,黒船来航 日露戦争 トルコ使節遭難事件 大津事件 ノルマントン号事件 樺太事件 トルコ漂流事件 ペルシャ船遭難 トルコ親善事件 友好事件
猿人,先史,直立二足歩行を行い、最も原始的な人類の祖先を何と言いますか？,原人 新人 旧人 類人猿 ホモ・ハビリス クロマニョン人 ネアンデルタール人 ホモ・エレクトス ホミニン アウストラロピテクス
延暦寺,奈良〜平安,最澄が比叡山に開いた天台宗の総本山はどこですか？,興福寺 金剛峯寺 高野山 東大寺 唐招提寺 清水寺 善光寺 法隆寺 平等院 比叡山寺
王,古代,中国や日本で、天皇や皇帝に相当する支配者の称号は何ですか？,将軍 貴族 公家 侯爵 皇帝 天皇 帝 諸侯 覇者 君主
奥州藤原氏,平安〜鎌倉,平泉を中心に東北地方で栄えた一族を何と言いますか？,藤原北家 平家 藤原氏 北条氏 源氏 平泉氏 東北藤原氏 安倍氏 佐竹氏 伊達氏
王政復古の大号令,幕末,1867年、天皇中心の政治に戻すことを宣言した命令を何と言いますか？,五箇条の御誓文 大政奉還 御一新の詔 版籍奉還 廃藩置県 戊辰戦争 明治維新 護憲運動 憲法発布 政治改革
応仁の乱,室町,1467年に始まり、戦国時代のきっかけとなった内乱は何ですか？,承久の乱 保元の乱 平治の乱 文永の役 戦国の内乱 元寇 嘉吉の乱 永享の乱 長享の乱 正長の乱
大王,古墳,ヤマト政権の支配者に用いられた称号は何ですか？,天皇 皇帝 上皇 将軍 君主 諸王 大君 貴人 太守 王
大阪,安土桃山〜現代,日本の商業や文化の中心地として発展し、「天下の台所」とも呼ばれた都市はどこですか？,京都 江戸 名古屋 神戸 長崎 博多 東京 奈良 広島 横浜
大阪城,安土桃山,豊臣秀吉が築いた巨大な城は何ですか？,姫路城 名古屋城 安土城 江戸城 彦根城 松本城 小田原城 二条城 熊本城 大坂城
大阪夏の陣,江戸,1615年に豊臣氏が滅亡した戦いを何と言いますか？,関ヶ原の戦い 山崎の戦い 大阪冬の陣 長篠の戦い 本能寺の変 三方ヶ原の戦い 小牧・長久手の戦い 大坂の変 江戸の陣 応仁の乱
大阪冬の陣,江戸,1614年に徳川家と豊臣家が激突した戦いを何と言いますか？,関ヶ原の戦い 小牧・長久手の戦い 山崎の戦い 大阪夏の陣 本能寺の変 賤ヶ岳の戦い 三方ヶ原の戦い 江戸戦争 江戸の役 長篠の戦い
大塩平八郎の乱,江戸,1837年に元役人が大阪で起こした貧民救済を目的とした反乱は何ですか？,島原・天草一揆 天保の改革 藩政改革 打ちこわし 百姓一揆 天明の打ちこわし 享保の改革 嘉永の乱 安政の騒動 慶応の騒乱
オーストラリア,近代,イギリスの植民地として開拓され、19世紀後半に自治権を得た大陸国家はどこですか？,ニュージーランド アメリカ カナダ インド フィジー フランス イギリス メキシコ 南アフリカ ブラジル
オーストラリア,現代,第二次世界大戦後、独立国家として発展し、アジア太平洋地域の主要国となった国はどこですか？,ニュージーランド シンガポール カナダ マレーシア インドネシア タイ 中国 フィリピン 韓国 ベトナム
小笠原諸島,明治〜現代,1908年に日本に正式に編入された太平洋の島々を何と言いますか？,沖ノ鳥島 南鳥島 伊豆諸島 硫黄島 奄美諸島 八丈島 千島列島 対馬 五島列島 南西諸島
沖縄,古代〜現代,かつて琉球王国として独立し、現在は日本の県となっている南西諸島の地域はどこですか？,九州 奄美 琉球 宮古 与那国 石垣 薩摩 南西諸島 八重山 久米島
沖縄戦,昭和,太平洋戦争末期に日本国内で唯一地上戦が行われた激戦は何ですか？,本土決戦 真珠湾攻撃 サイパン戦争 硫黄島戦 南方戦線 マリアナ沖海戦 ガダルカナル戦 紀元節の戦い 広島攻撃 レイテ沖海戦
沖縄本土復帰,昭和,1972年にアメリカの統治から日本に返還された出来事を何と言いますか？,日米安保条約 沖縄返還 日中共同声明 沖縄復帰講和 安保改定 沖縄自治権 回帰宣言 日米協定 安保闘争 日本返還条約
桶狭間の戦い,戦国,1560年に織田信長が今川義元を破った戦いは何ですか？,関ヶ原の戦い 長篠の戦い 大阪の陣 賤ヶ岳の戦い 山崎の戦い 姉川の戦い 小田原征伐 金ヶ崎の戦い 本能寺の変 三方ヶ原の戦い
奥の細道,江戸,松尾芭蕉が東北・北陸を旅して書いた紀行文は何ですか？,枕草子 更級日記 土佐日記 徒然草 古今和歌集 新古今集 百人一首 伊勢物語 平家物語 方丈記
オスマン帝国,中世,14世紀にトルコ人が建て、バルカン半島や中東を支配した帝国はどこですか？,サファヴィー朝 セルジューク朝 マムルーク朝 イスラム帝国 ビザンツ帝国 ローマ帝国 ハプスブルク家 アッバース朝 モンゴル帝国 ティムール朝
オスマン帝国,近世,16世紀にスレイマン1世の治世で最盛期を迎えたイスラム帝国は何ですか？,サファヴィー朝 モンゴル帝国 ハプスブルク家 アッバース朝 イスラム帝国 ティムール朝 イラン帝国 ムガル帝国 ヨーロッパ帝国 セルジューク朝
オスマン帝国,近代,第一次世界大戦で敗れて解体された、かつてのトルコの大帝国はどこですか？,ビザンツ帝国 ローマ帝国 ムガル帝国 サファヴィー朝 ハプスブルク家 トルコ帝国 中東王国 セルジューク朝 帝政トルコ ティムール朝
お伽草子,室町,庶民の間で親しまれた短編物語集を何と言いますか？,源氏物語 伊勢物語 徒然草 古今和歌集 竹取物語 平家物語 枕草子 落窪物語 物語集 宇治拾遺物語
オランダ,近世,16世紀から17世紀にかけて東インド会社を設立し、アジアやアメリカで貿易を盛んにした国はどこですか？,スペイン ポルトガル イギリス フランス ドイツ イタリア オーストリア ベルギー スウェーデン デンマーク
オランダ,近代,ヨーロッパ北西部に位置し、東南アジアの現在のインドネシアを長期間植民地支配していた国はどこですか？,イギリス フランス ドイツ ポルトガル スペイン アメリカ 日本 イタリア ベルギー デンマーク
オランダ,現代,ヨーロッパ連合（EU）に加盟し、チューリップや風車で有名な国はどこですか？,ベルギー スウェーデン デンマーク スイス フィンランド ドイツ フランス ノルウェー オーストリア アイルランド
開国,幕末,1854年の日米和親条約によって日本が外国と通商を始めたことを何と言いますか？,条約締結 通商開始 明治維新 大政奉還 西洋化 開港 外交開始 条約改正 黒船来航 近代化
解体新書,江戸,杉田玄白らが翻訳したオランダ語の人体解剖書は何ですか？,蘭学事始 医心方 西洋医書 医学書 人体解剖図 西洋外科書 西説医書 本草綱目 西医書 蘭方解剖書
開拓使,明治,北海道の開発と統治を目的に明治政府が設置した官庁は何ですか？,殖民局 北海道庁 開発局 北方統治局 北方開発庁 農商務省 蝦夷開発局 北海道統治局 北方開発局 北辺庁
貝塚,縄文,人々が食べた貝や骨などを捨てた跡から成る遺跡を何と言いますか？,環状列石 竪穴住居 土偶 遺物集積所 古代ごみ捨て場 環状集落 集積遺構 古代貯蔵所 遺物堆積地 遺物捨て場
解放令,明治,1871年に出された、えた・ひにんなどの身分を廃止した法令を何と言いますか？,四民平等令 平等法 廃身分令 身分廃止法 平民化令 人権布告 身分平等令 国民平等法 身分解消令 四民統一法
学制,明治,1872年に公布され、日本で最初の近代的な教育制度を定めた法令は何ですか？,学校令 教育令 学校法 教育法 近代教育令 義務教育法 全国教育制度 学校制度法 学務令 教育制度令
学童疎開,昭和,太平洋戦争中、都市の空襲から子どもを守るために地方へ避難させた政策は何ですか？,子供疎開 少年避難 少年移送 児童避難 避難令 少年保護移送 子女避難 児童保護令 学生疎開 少年疎開計画
学徒出陣,昭和,太平洋戦争中に大学生らが兵士として戦場に動員されたことを何と言いますか？,学生徴兵 学生召集 青年出征 学徒召集 学生動員 大学生徴兵 青年召集 学生軍派遣 学生兵役 学徒動員
学問のすゝめ,明治,福沢諭吉が著し、「天は人の上に人を造らず」で始まる啓蒙書は何ですか？,文明論之概 西洋事情 政談 教育論 修身要領 啓蒙書 東洋事情 立志編 修養論 西国事情
化政文化,江戸,町人文化が栄えた、江戸後期の文化を何と言いますか？,元禄文化 寛永文化 宝暦文化 享保文化 町人文化 天明文化 文化文政文化 江戸文化 後期江戸文化 寛政文化
華族,明治,明治時代に設けられた、旧大名や公家などからなる貴族階級を何と言いますか？,士族 公家 侯爵 伯爵 公爵 子爵 男爵 貴族階級 旧藩主層 上級武士層
カタカナ,平安,漢字の一部を使って作られた日本語表記の文字で、主に外来語に使われるのは何ですか？,ひらがな 漢字 ローマ字 平仮名 和字 仮名文字 外来文字 新字体 古文文字 外字
刀狩令,安土桃山,豊臣秀吉が農民の武装を禁止するために出した法令を何と言いますか？,武装解除令 農兵解体令 刀没収令 鉄砲禁止令 武具禁止令 農民武装解除令 武器接収令 刀剣没収令 刀禁止令 武具没収令
カトリック,中世,キリスト教の最大の宗派で、ローマ教皇を最高指導者とする教会は何ですか？,プロテスタント 東方正教会 正教会 改革派 ルター派 カルヴァン派 キリスト教会 公会 旧教 派閥教会
カトリック,近世,宗教改革に対抗して、イエズス会などの宣教師が布教活動を行ったキリスト教の宗派は何ですか？,プロテスタント 東方正教会 正教会 改革派 ルター派 カルヴァン派 キリスト教会 公会 旧教 派閥教会
カトリック,近代,ヨーロッパの国々で広く信仰され、アメリカ大陸の植民地にも伝えられたキリスト教の宗派は何ですか？,プロテスタント 東方正教会 正教会 改革派 ルター派 カルヴァン派 キリスト教会 公会 旧教 派閥教会
かな文字,平安,漢字をくずして作られた日本独自の表音文字を何と言いますか？,ひらがな カタカナ 漢字 和文 字母 国字 変体仮名 平仮名 字形 万葉仮名
姓,古墳〜飛鳥,氏の中で天皇から与えられた、地位や役割を表す呼び名を何と言いますか？,氏号 称号 官位 官職 身分 宮号 名称 呼称 爵位 名跡
歌舞伎,江戸,出雲阿国のかぶき踊りを起源とし、町人文化として発展した日本の伝統演劇は何ですか？,能 文楽 狂言 浄瑠璃 舞楽 新劇 人形浄瑠璃 演舞 踊り 芝居
かぶき踊り,安土桃山〜江戸,歌舞伎の起源とされる、出雲阿国が始めた踊りを何と言いますか？,盆踊り 舞楽 狂言 舞踏 能楽 舞踊 田楽 踊念仏 舞舞 踊歌
株仲間,江戸,商人たちがつくった同業者の組合を何と言いますか？,座 同業組合 商人組合 仲買人 商業連合 市場仲間 行商組合 商業座 市仲間 商業組
鎌倉,鎌倉,源頼朝が幕府を開いた場所はどこですか？,京都 鎌倉御所 鎌倉殿 鎌倉府 鎌倉宮 鎌倉城 鎌倉の地 鎌倉台 鎌倉屋敷 鎌倉所
鎌倉公方,室町,室町幕府が関東の支配のために鎌倉に置いた将軍の代理を何と言いますか？,関東管領 将軍代行 鎌倉将軍 関東奉行 関東守護 鎌倉代官 鎌倉奉行 関東職 鎌倉守護 鎌倉代職
鎌倉幕府,鎌倉,日本で最初の武家政権を何と言いますか？,室町幕府 江戸幕府 幕府 政権 武家政権 武士政権 封建政権 将軍政権 武士の時代 武家の世
鎌倉府,室町,関東を統治するために室町幕府が設置した機関は何ですか？,関東府 関東政庁 関東庁 関東所 鎌倉政庁 鎌倉庁 関東統治府 関東行政庁 鎌倉統治所 関東役所
樺太・千島交換条約,明治,1875年にロシアと結び、樺太をロシア領、千島列島を日本領とした条約は何ですか？,日露条約 北方領土条約 千島条約 樺太条約 千島交換条約 北方交換条約 日露協定 樺太協定 千島協定 北洋条約
河原者,鎌倉〜室町,差別されていた人々の中で、清掃や芸能などに従事していた集団を何と言いますか？,非人 穢多 下人 芸能民 被差別民 役夫 雑人 賤民 庶民 下層民
漢,古代,前後に分かれ、儒教を国の基本とした中国の王朝は何ですか？,秦 唐 宋 明 晋 隋 周 夏 元 戦国
冠位十二階,飛鳥,聖徳太子が制定した役人の位を能力や功績によって定める制度を何と言いますか？,班田収授法 公地公民制 律令制 冠位十階 官位制度 官職等級 官位法 官位制 官位十二等 官職序列
官営工場,明治,近代産業を育てるために政府が建設・経営した工場を何と言いますか？,製糸場 官設工場 機械工場 国営製造所 国営工場 公営工場 鉄道工場 国営製糸場 公設工場 官設製造所
環境庁,昭和,1971年に設置され、環境問題に対応するための国の行政機関は何ですか？,国土庁 自然保護庁 環境省 保健庁 公害対策庁 公害防止局 自然環境局 環境保全庁 資源庁 環境対策局
勘合貿易,室町,足利義満が始めた、明との正式な貿易で使われた証明書による貿易を何と言いますか？,朱印船貿易 南蛮貿易 日明貿易 倭寇貿易 朝貢貿易 船印貿易 明証貿易 中国貿易 日本明貿易 唐船貿易
韓国統監府,明治,韓国を実質的に支配するために日本が設置した機関を何と言いますか？,朝鮮総督府 朝鮮庁 韓国庁 韓国総督府 朝鮮管理庁 朝鮮監督府 韓国管理庁 韓国行政庁 朝鮮行政庁 韓国監督局
韓国併合,明治,1910年に日本が大韓帝国を完全に支配下に置いた出来事を何と言いますか？,日韓条約 日韓協約 韓日合邦 韓国合併 朝鮮併合 韓国支配 朝鮮統合 韓国統合 韓国合邦 朝鮮支配
漢字,弥生,中国から伝わり、日本語の表記に使われている文字体系は何ですか？,かな文字 ひらがな カタカナ 国字 和字 表音文字 表意文字 万葉仮名 和語記号 仮名
関税自主権,明治,日本が外国との不平等条約で失っていた、独自に関税を決める権利を何と言いますか？,条約改正権 貿易自主権 通商権 貿易交渉権 税率決定権 輸出入管理権 税制自主権 輸入税決定権 国権 税権
寛政の改革,江戸,松平定信が行った政治改革を何と言いますか？,享保の改革 天保の改革 宝暦の改革 安政の改革 政治改革 江戸改革 文化の改革 幕政改革 明和の改革 延享の改革
関東軍,昭和,日本の中国東北部に駐留していた陸軍の部隊を何と言いますか？,北支那方面軍 満州軍 満州駐屯軍 関東方面軍 満州派遣軍 中国派遣軍 満州方面軍 満州守備軍 満洲方面軍 満州防衛軍
関東大震災,大正,1923年に東京・横浜などを襲った大地震を何と言いますか？,阪神淡路大震災 東日本大震災 南関東地震 東京大地震 横浜大震災 首都直下地震 大正地震 日本大震災 首都地震 関東地変
関白,平安,天皇を補佐する役職で、藤原氏が世襲したことで知られるのは何ですか？,将軍 摂政 太政大臣 管領 執権 武家 官職 宰相 太政官 公家
関白,鎌倉〜戦国,武士政権の時代にも存続した天皇補佐の役職を何と言いますか？,将軍 管領 執権 摂政 太政官 征夷大将軍 老中 大老 右大臣 公家
関白,安土桃山,豊臣秀吉が就任し、政治の実権を握った役職は何ですか？,太政大臣 征夷大将軍 大老 摂政 幕府 官位 将軍 執権 管領 公家
江華島事件,明治,1875年、日本と朝鮮の間で起きた武力衝突事件は何ですか？,日朝修好条規 西南戦争 日清戦争 壬午事変 台湾出兵 日韓協約 大政奉還 日朝貿易 和親条約 下関条約
管領,室町,将軍を補佐し、政務を担当した幕府の役職を何と言いますか？,執権 将軍 老中 関白 太政大臣 宰相 摂政 大老 室町殿 政所頭人
魏,古代,三国時代に存在し、卑弥呼に使者を送った中国の国はどこですか？,漢 呉 秦 唐 周 宋 明 清 隋 趙
祇園祭,平安,京都で毎年行われる、日本三大祭りのひとつは何ですか？,葵祭 天神祭 鶴岡八幡祭 平等院祭 五山送り火 鎌倉まつり 時代祭 伏見祭 秋祭り 博多祇園山笠
帰化人(渡来人),古墳〜飛鳥,中国や朝鮮から移り住み、技術や文化を伝えた人々を何と言いますか？,弥生人 縄文人 百済人 高句麗人 新羅人 貴族 豪族 官人 唐人 百姓
魏志倭人伝,古代,中国の歴史書『三国志』の中で、倭や卑弥呼について記されている書を何と言いますか？,三国志 古事記 日本書紀 風土記 万葉集 続日本紀 国書 漢書 東夷伝 列女伝
貴族,奈良〜平安,朝廷に仕え、政治や文化を担った上級官人の総称は何ですか？,豪族 官人 武士 太政官 公家 僧侶 大名 庶民 天皇 百姓
貴族院,明治,帝国議会の上院として設置された議会機関は何ですか？,衆議院 内閣 政府 枢密院 元老院 参議院 帝国議会 内務省 太政官 参事院
北大西洋条約機構(NATO),現代,1949年にアメリカや西欧諸国が結成した軍事同盟を何と言いますか？,国際連合 ワルシャワ条約機構 安保理 G7 ASEAN EU 国際連盟 アメリカ同盟 軍事同盟 太平洋安全保障条約
義務教育,明治,すべての国民に一定期間の教育を受けさせることを定めた制度は何ですか？,徴兵制 大政奉還 幕藩体制 義勇軍 公教育 教育基本法 就学令 普通選挙 地租改正 憲法
北山文化,室町,足利義満の時代に栄えた、公家風と武家風が融合した文化を何と言いますか？,東山文化 国風文化 元禄文化 浮世絵 鎌倉文化 奈良文化 桃山文化 中世文化 近世文化 飛鳥文化
基本的人権,昭和,日本国憲法で保障されている、人間が生まれながらに持つ権利を何と言いますか？,表現の自由 言論の自由 奴隷制度 自由権 立法権 封建制 資本の自由 財産権 封建的権利 言論統制
旧石器,先史,打製石器を使い、狩猟・採集を行っていた時代を何と言いますか？,縄文 弥生 古墳 飛鳥 奈良 鎌倉 中石器 鉄器 石器 新石器
キューバ危機,昭和,1962年、アメリカとソ連が核戦争寸前まで対立した出来事を何と言いますか？,冷戦 第二次世界大戦 朝鮮戦争 ベトナム戦争 湾岸戦争 ペレストロイカ フィデル・カストロ キューバ革命 核実験禁止条約 米ソ会談
教育基本法,昭和,1947年に制定され、戦後日本の教育の基本方針を定めた法律は何ですか？,民法 刑法 学校教育法 学制改革 教育令 憲法 就学令 義務教育法 国民学校令 生徒指導要綱
教育勅語,明治,1890年に発布され、忠君愛国を教育の基本とした明治政府の勅語は何ですか？,大日本帝国憲法 義務教育令 学制 教育制度勅令 忠誠令 勤労令 国民訓練令 軍人勅諭 政治勅語 大政奉還令
狂歌,江戸,世相や人間を風刺して詠まれた、滑稽でユーモラスな和歌風の詩は何ですか？,短歌 俳句 連歌 都都逸 小唄 謡曲 川柳 和歌 俳諧 諧謔詩
狂言,室町,能の合間に演じられた、庶民的で滑稽な劇を何と言いますか？,歌舞伎 能楽 文楽 説教節 風刺劇 寄席 喜劇 面白芝居 落語 民話
共産主義,近代〜現代,私有財産を否定し、平等な社会を目指す政治・経済思想は何ですか？,資本主義 封建主義 民主主義 絶対王政 君主制 立憲制 社会民主主義 自由主義 帝国主義 権威主義
強制収容所,昭和,ナチス・ドイツなどがユダヤ人などを収容・虐待した施設を何と言いますか？,労働組合 医療施設 教育所 刑務所 軍事基地 難民キャンプ 教護院 更生施設 拘置所 鉄条網地区
京都,平安,794年に平安京として都が置かれ、長く日本の中心だった都市はどこですか？,奈良 大阪 鎌倉 江戸 奈良市 飛鳥 平安城 平城京 東大寺 熊野
京都,鎌倉,鎌倉幕府成立後も天皇や公家が住み続けた日本の古都はどこですか？,鎌倉 江戸 奈良 平安京 飛鳥 平城京 長岡京 藤原京 福岡 名古屋
京都,室町,室町幕府が置かれ、足利将軍家が政治を行った都はどこですか？,鎌倉 江戸 奈良 長岡京 飛鳥 平城京 福岡 大阪 名古屋 仙台
京都,南北朝,南北朝時代に南朝の拠点となった古都はどこですか？,奈良 鎌倉 江戸 長岡京 平城京 飛鳥 広島 大阪 福岡 仙台
京都,戦国,戦国時代に足利義昭が一時的に政権を握った都はどこですか？,大阪 江戸 姫路 名古屋 長岡京 広島 福岡 仙台 松山 富山
京都,安土桃山,豊臣秀吉が晩年に大規模な改修を行い権力の中心とした都市はどこですか？,大阪 江戸 姫路 長岡京 広島 福岡 名古屋 仙台 松山 富山
京都,江戸,江戸時代に天皇や公家が住み続けた日本の伝統的な都はどこですか？,江戸 大阪 鎌倉 長岡京 平城京 飛鳥 名古屋 仙台 広島 福岡
京都,幕末,1868年の明治維新の舞台となった旧都はどこですか？,江戸 大阪 鎌倉 長岡京 平城京 飛鳥 名古屋 仙台 広島 福岡
京都,明治〜現代,明治以降も文化や伝統が色濃く残る日本の古都はどこですか？,東京 大阪 名古屋 福岡 仙台 広島 長岡京 鎌倉 松山 札幌
京都議定書,現代,1997年に採択され、温室効果ガスの削減を各国に義務づけた国際協定は何ですか？,パリ協定 リオ宣言 COP21 地球憲章 環境宣言 国連人権規約 モントリオール議定書 環境基本法 バーゼル条約 環境条項
享保の改革,江戸,8代将軍徳川吉宗が行った幕政改革を何と言いますか？,寛政の改革 天保の改革 慶安の改革 明和の改革 宝永の改革 正徳の改革 貞享の改革 文政の改革 弘化の改革 元文の改革
共和制,古代,ローマで王政が終わり、市民が代表を選んで政治を行う制度を何と言いますか？,貴族制 王政 帝政 民主制 立憲君主制 直接民主制 合議制 独裁制 社会主義制 代議制
共和制,中世,中世ヨーロッパではほとんど見られなかったが、イタリアのいくつかの都市国家で採用された政治制度は何ですか？,封建制 君主制 公国制 神権制 都市連合 王国制 商人政権 民政制 市民連合 条約都市
共和制,近世,17世紀のオランダで確立され、複数の州が連合して運営した政治体制を何と言いますか？,連邦国家 君主制 合議政権 立憲君主制 社会主義 貴族共和制 共同体制 市民国家 独立州連合 自治共和国
共和制,近代,アメリカ独立後に成立した、国民の代表が政治を行う政治体制を何と言いますか？,君主制 王政 帝政 民政 合衆国制 民主制 協同制 貴族政体 人民主権 立法体制
共和制,現代,多くの国で採用されている、国民が主権を持ち代表者を選ぶ政治制度は何と言いますか？,立憲君主制 絶対王政 社会主義 王権政治 共産制 帝政 参政制 全体主義 市民投票制 独裁体制
極東国際軍事裁判(東京裁判),昭和,第二次世界大戦後、日本の戦争指導者を裁いた裁判は何ですか？,ニュルンベルク裁判 ローマ裁判 連合国裁判 軍法会議 軍事特別法廷 国際正義裁判 国際刑事裁判所 軍事審問会議 対戦戦犯裁判 日本弁務裁判所
キリシタン,安土桃山〜江戸,日本でキリスト教を信仰した人々を当時何と呼んでいましたか？,修道士 異国人 宣教師 殉教者 天主教徒 カトリック教徒 講和民 信徒 十字教徒 教民
キリシタン大名,安土桃山,キリスト教に改宗した戦国大名のことを何と言いますか？,宣教師大名 神父領主 教会武士 神の民 外交藩主 洗礼大名 カトリック藩主 十字軍大名 布教武将 聖戦大名
ギリシャ文明,古代,哲学・芸術・民主政治の発展で知られる地中海沿岸の古代文明は何ですか？,ローマ文明 エジプト文明 メソポタミア文明 インダス文明 フェニキア文明 クレタ文明 ミケーネ文明 エーゲ文明 トロイ文明 バビロニア文明
キリスト教,古代,イエス・キリストを中心に成立し、ローマ帝国で広まった宗教は何ですか？,ユダヤ教 イスラム教 バラモン教 ヒンドゥー教 禅宗 仏教 道教 ギリシャ神話 拝火教 古代宗教
キリスト教,中世,ヨーロッパの大部分で信仰され、政治・文化にも大きな影響を与えた宗教は何ですか？,ユダヤ教 イスラム教 カトリック教 東方教会 ギリシャ正教 修道教 バシリカ教 東欧教会 ゾロアスター教 教皇宗
キリスト教,近世,宗教改革によりカトリック教会から分かれたプロテスタントも含む、ヨーロッパで主要な宗教は何ですか？,正教会 東方教会 政教分離教 修道教 異端派 新福音派 再洗礼派 自由教派 分離派教会 植民派教
キリスト教,近代,宣教師の活動により世界各地に広まった宗教は何ですか？,ユダヤ教 仏教 道教 イスラム教 拝火教 ヒンドゥー教 儒教 バプテスト教 ゾロアスター教 禅宗
キリスト教,現代,世界で最も信者数が多い宗教の一つで、カトリックやプロテスタントなど複数の宗派が存在する宗教は何ですか？,イスラム教 仏教 ヒンドゥー教 正教会 ユダヤ教 新興宗教 グノーシス派 新約教団 禅宗 世界平和宗
キリスト教,中世,ローマ教皇を頂点とする西ヨーロッパの宗教で、十字軍の背景となった宗教は何ですか？,ビザンチン教 ギリシャ正教 ローマ帝国教 異教 アリウス派 カタリ派 洗礼教団 カルト信仰 修道院宗団 教団宗
キリスト教,近世,宗教改革の対象となり、プロテスタントが分かれた宗教は何ですか？,カトリック正教 東方正教 イングランド国教会 長老派改革教 エラスムス派 修道会 福音派 スイス改革教 パウロ教団 教皇派
キリスト教,近代,ヨーロッパの植民地政策とともにアメリカ大陸やアジアに伝えられた宗教は何ですか？,ユダヤ教 ヒンドゥー教 イスラム教 道教 拝火教 仏教 禅宗 儒教 東方教会 修験道
義和団事件,明治,1900年に中国で起こった、外国勢力排除を目的とした反乱は何ですか？,辛亥革命 太平天国の乱 戊戌の政変 日中戦争 文化大革命 上海事件 八・一宣言 五・四運動 中華革命 軍閥内戦
金印,弥生,漢の皇帝が倭の奴国王に与えたとされる、福岡県志賀島で発見されたものは何ですか？,銅鐸 鉄器 勾玉 青銅器 埴輪 石包丁 土偶 弥生土器 木簡 古墳
金閣,室町,足利義満が建てた、北山文化を代表する金箔の三層構造の建築は何ですか？,銀閣 東大寺 清水寺 平等院鳳凰堂 法隆寺 寝殿造 五重塔 室町殿 唐招提寺 浄土庭園
銀閣,室町,足利義政が建てた、東山文化を代表する簡素で優美な建築は何ですか？,金閣 西本願寺 清水寺 法隆寺 寝殿造 大徳寺 東福寺 桂離宮 唐招提寺 応仁寺
禁教(キリスト教の禁止),江戸,江戸幕府がキリスト教の布教を禁止した政策を何と言いますか？,寺請制度 鎖国政策 宗門改 宗教弾圧 踏絵政策 宣教師追放 宗教統制 出島制度 信仰取締 寺社奉行令
金属器,弥生,青銅器や鉄器などの道具を総称して何と言いますか？,石器 陶器 土器 竹器 木器 骨器 打製石器 弥生土器 飾剣 鉄剣
禁中並公家諸法度,江戸,朝廷や公家の行動を幕府が規制するために定めた法令は何ですか？,武家諸法度 公事方御定書 寺院法度 大名掟書 朝廷制限令 公家規範 皇室制度記 皇位継承令 禁裏御定書 宮中律例
勤労動員,昭和,戦時中に学生や国民を工場などに動員して労働させた政策は何ですか？,徴兵制 配給制度 軍需割当 女性挺身隊 学徒出陣 学徒動員 国民徴用令 統制経済 空襲避難 防空訓練
空襲,昭和,第二次世界大戦中に都市が受けた爆撃攻撃を何と言いますか？,艦砲射撃 地上戦 原爆投下 焼夷弾攻撃 航空戦 衛星攻撃 ゲリラ戦 集団自決 特攻作戦 潜水艦攻撃
公家,奈良〜江戸,朝廷に仕える貴族の身分を何と言いますか？,武士 百姓 商人 神官 貴族 大名 家臣 神主 太政官 殿上人
くさび形文字,古代,メソポタミア文明で使われた粘土板に刻まれた文字は何ですか？,象形文字 ヒエログリフ アルファベット 楔形印 文字符号 ロゼッタ文字 楔線字 簡略文字 楔画文字 サンスクリット
公事方御定書,江戸,江戸幕府が定めた裁判や刑罰に関する法律書は何ですか？,武家諸法度 御触書 慶安御触書 寺社法度 法令集 江戸町奉行記録 裁許帳 御奉行規則 大岡裁断帳 江戸律例
百済,古代,朝鮮半島南西部にあった三国時代の国で、日本と交流があった国はどこですか？,新羅 高句麗 渤海 朝鮮 高麗 趙 宋 晋 唐 隋
国造,古墳,各地を支配していた地方豪族で、ヤマト政権から任命された役職は何ですか？,豪族 国司 郡司 大王 家臣 地方官 執政 長老 県主 部民長
口分田,飛鳥,班田収授法に基づいて、農民に支給された土地を何と言いますか？,墾田 荘園 公地 屯倉 私領 開墾地 租地 耕作田 民田 郷土
蔵屋敷,江戸,諸藩が年貢米などを売るために大坂などに設けた倉庫を何と言いますか？,問屋 米座 商家 中継所 米蔵 物産所 倉庫町 金蔵 商業館 御蔵
グローバル化,現代,世界の国々が経済・文化などで相互に結びつきを強めていく現象を何と言いますか？,国際協力 国境開放 情報化 社会統合 ボーダレス社会 経済成長 国際市場 市民社会 地域連携 開発主義
黒船,幕末,1853年に浦賀に来航した、ペリー率いるアメリカ艦隊を何と呼びますか？,白船 大艦 巨艦 蒸気船 赤船 使節船 外国船 洋船 通商船 欧米艦
軍記物,鎌倉,平家物語に代表される、戦いの様子を描いた文学を何と言いますか？,説話 和歌 随筆 説経 浄瑠璃 軍談 武勇伝 合戦記 義士伝 源平絵巻
郡司,奈良,地方行政のために国ごとに置かれた役人で、もと地方豪族だった者を何と言いますか？,国司 地頭 地方官 村長 県主 評督 郷長 使者 地方吏 民長
軍閣,大正〜昭和,日本で戦前に存在した、陸軍や海軍の大臣を含む内閣の形態を何と言いますか？,統帥府 軍政会議 軍部参政会 陸海閣 戦時内閣 軍事内閣 特別閣議 戦略会議 防衛省 幕僚閣
警察予備隊,昭和,1950年に治安維持のために設けられた自衛隊の前身となる組織は何ですか？,国防軍 保安隊 警察軍 保安警備隊 治安部隊 陸上警備隊 防衛警備隊 軍事警察 国家防衛団 軍備予備軍
慶長の役,安土桃山,1597年に豊臣秀吉が朝鮮に再び出兵した戦いを何と言いますか？,文禄の役 関ヶ原の戦い 応仁の乱 長篠の戦い 山崎の戦い 大坂の陣 小田原征伐 朝鮮戦役 高麗戦争 南征戦
下剋上,戦国,身分の低い者が実力で上の身分を倒す風潮を何と言いますか？,実力主義 下民蜂起 奴隷反乱 武士革命 政権交代 鳴動主義 非貴族統治 成り上がり 流浪統治 実力奪権
元,鎌倉｜中世,フビライ・ハンが建てた、モンゴル帝国の一部で中国を支配した王朝は何ですか？,唐 宋 明 後金 契丹 清 漢 隋 渤海 高麗
元寇,鎌倉,モンゴル帝国が日本に襲来した二度の戦いを何と言いますか？,壱岐戦 壇ノ浦の戦い 唐船戦役 外寇 東征戦 蒙日戦役 九州征伐 渡来戦役 平戸戦 船戦記
元号,古代〜現代,日本の天皇在位中に使われる年の呼び名を何と言いますか？,年紀 干支 和暦 皇暦 陛下暦 宮号 年号記 元期 日本紀 元式
源氏,平安〜鎌倉,平氏と並ぶ有力な武士の一族で、鎌倉幕府を開いたのは何氏ですか？,平氏 北条氏 足利氏 藤原氏 近衛氏 九条氏 佐竹氏 長屋王 大江氏 橘氏
原子爆弾(原爆),昭和,1945年に広島と長崎に投下された大量破壊兵器は何ですか？,ナパーム弾 化学兵器 水素爆弾 クラスター爆弾 絨毯爆撃 核兵器 サリン弾 超爆弾 通常爆弾 空爆弾
源氏物語,平安,紫式部によって書かれた、日本最古の長編物語は何ですか？,枕草子 竹取物語 伊勢物語 土佐日記 大和物語 平中物語 蜻蛉日記 紫日記 源平絵巻 朝顔日記
原人,先史,直立歩行をし、火を使った初期の人類を何と言いますか？,猿人 新人 旧人 類人猿 クロマニョン人 ネアンデルタール人 原始猿 先人 原始類 旧猿
遣隋使,飛鳥,中国の隋に派遣された外交使節を何と言いますか？,遣唐使 国使 遣宋使 遣日使 国交使 渡航使 唐招使 渡来使 使者団 遣中使
憲政会,大正,立憲政友会と並ぶ政党で、加藤高明らが中心となって結成したのは何ですか？,政友会 立憲民政党 自由党 大日本帝国党 民本党 進歩党 愛国党 憲政本党 大同団結党 立憲党
憲政の常道,大正,政党の代表者が内閣を組織するという政治慣例を何と言いますか？,政党内閣 民政原則 民主慣習 立憲方式 内閣制 通常内閣 普通政権 内政原理 民主制度 政党常理
検地,安土桃山〜江戸,土地の面積や収穫高を調べ、年貢を決めるために行われた調査を何と言いますか？,刀狩 地検 土地調査 年貢調 査定改 地券交付 地割調査 土地配分 所領検査 耕地調
遣唐使,飛鳥〜平安,日本が唐と正式な国交を結び、使節を送った制度は何ですか？,遣隋使 遣宋使 遣明使 渡航使 渡唐使 唐交使 外交使 東征使 東渡使 親善使
原爆ドーム,昭和,広島に残る、原爆の被害を伝える世界遺産の建物は何ですか？,平和記念館 慰霊碑 広島城 碑文館 核兵器資料館 被爆資料館 長崎資料館 原爆遺構 広島資料室 核記念塔
源平の争乱,平安,平氏と源氏が全国で争った内乱を何と言いますか？,保元の乱 平治の乱 応仁の乱 承久の乱 応永の乱 文永の役 弘安の役 承和の変 嘉吉の乱 長禄の変
建武の新政,鎌倉〜南北朝,後醍醐天皇が行った天皇親政の政治改革を何と言いますか？,大政奉還 明治維新 天正改革 後醍醐改革 公武合体 平治改革 承久制 立憲統治 天皇統治 親政令
倹約令,江戸,幕府が財政難を理由に出した、ぜいたくを禁じる法令は何と言いますか？,質素令 禁止令 ぜいたく禁止 倹約法 庶民律 束縛令 規律令 倫理法 民生令 統制令
権利の章典,近世,1689年にイギリスで発布された、国王の権力を制限し国民の自由を保障した文書は何ですか？,マグナカルタ アメリカ独立宣言 フランス人権宣言 大憲章 ロック憲章 イギリス基本法 イギリス憲法 市民憲章 政治信条 民権文書
元禄文化,江戸,上方（京都・大阪）を中心に栄えた町人文化を何と言いますか？,化政文化 町人文芸 上方文化 江戸文化 寛政文化 武士文化 商人文化 浮世文化 平民文化 中期町人文化
五・一五事件,昭和,1932年に海軍将校らが首相官邸を襲撃し、犬養毅首相を暗殺した事件は何ですか？,二・二六事件 青年将校事件 陸軍反乱 陸海軍事件 戒厳事件 軍部事件 陸相襲撃 海軍反乱 官邸急襲 暗殺未遂事件
弘安の役,鎌倉,1281年、元が日本に再び侵攻した元寇の2回目の戦いを何と言いますか？,文永の役 元寇第二次 蒙古再襲来 九州戦 弘安防衛戦 高麗の役 唐船襲来 鎌倉戦役 遣元防衛 文永合戦
公害,昭和,工場の排煙や排水により、人々の健康や生活が損なわれる被害を何と言いますか？,水質汚染 土壌汚染 大気汚染 環境破壊 放射能汚染 騒音問題 ゴミ問題 温暖化問題 化学汚染 工業汚染
公害対策基本法,昭和,1967年に制定され、公害の防止と環境保全の基本を定めた法律は何ですか？,環境基本法 自然保護法 環境保全法 汚染防止法 大気浄化法 環境管理法 資源保護法 自然対策法 環境浄化法 公害排除法
江華島事件,明治,1875年、日本の軍艦が朝鮮の砲台を攻撃した事件は何ですか？,朝鮮事件 壬午事変 甲午事変 日清事件 朝鮮紛争 江東戦争 漢江事件 日本艦砲撃事件 砲撃外交 江南事件
黄禍論,明治〜大正｜近代,白人社会がアジア人の台頭に対し抱いた排外的な考えを何と言いますか？,人種主義 帝国主義 白人優越主義 西洋至上主義 排外主義 移民排斥 異文化恐怖 東洋蔑視 黄人差別 排黄思想
高句麗,古代,朝鮮半島北部から中国東北部にかけて存在した三国のひとつは何ですか？,百済 新羅 渤海 高麗 唐 晋 燕 宋 契丹 周
甲骨文字,古代,亀の甲や牛の骨に刻まれた、中国最古の文字を何と言いますか？,金文 楔形文字 象形文字 神聖文字 古代漢字 占文字 聖骨文 青銅文字 符号文字 印符文字
甲午農民戦争,近代,1894年に朝鮮で起きた、東学党による農民反乱は何ですか？,壬午軍乱 甲申事変 済物浦事件 士族反乱 同化運動 農民抗争 朝鮮一揆 武装蜂起 小作人戦争 清日対立
工場制手工業(マニュファクチュア),近世,資本家が労働者を工場に集めて分業で手作業生産を行わせた方式は何ですか？,家内制手工業 工場制機械工業 機械制手工業 賃金労働制 作業場制度 資本制工業 手作業工房 分業制 自営業工場 工場的分業
甲申事変,明治,1884年に朝鮮で日本の支援を受けた改革派が起こした政変を何と言いますか？,壬午軍乱 済物浦事件 士族反乱 清日対立 朝鮮改革事件 大院君政変 開化派蜂起 日本派動乱 朝鮮内紛 王宮襲撃事件
香辛料,中世〜近世,大航海時代にヨーロッパ人がアジアへ求めた、肉の保存や料理に用いる品は何ですか？,茶 陶磁器 絹 金 銀 綿布 陶器 宝石 羊毛 サフラン
皇族,古代〜現代,天皇の一族にあたる身分の人々を何と言いますか？,公家 摂関 門跡 公達 貴人 内親王 皇后 諸王 朝臣 上皇
豪族,古墳〜飛鳥,各地を支配していた有力な地方支配者を何と言いますか？,国造 郡司 地頭 土豪 武人 長者 諸侯 支配者 地主 諸族
皇帝,古代〜近代,中国などで用いられた、君主の最高称号は何ですか？,国王 王 帝 王侯 皇主 太子 君主 皇后 帝王 皇族
公地公民,飛鳥,土地と人民を国家のものとした、646年の大化の改新で示された原則は何ですか？,墾田永年私財法 戸籍 封建制 公領 律令制 御恩 土地制度 藩閥 制度 郡司
高度経済成長,昭和,1950年代後半から1970年代初頭まで続いた、日本の急激な経済発展を何と言いますか？,戦後復興 バブル景気 オイルショック 鎖国 明治維新 平成不況 公害問題 鎖国政策 不況期 財閥解体
抗日民族統一戦線,昭和,中国共産党と国民党が日本の侵略に対抗するために結成した統一戦線は何ですか？,国民革命軍 八路軍 南京政府 三民主義 長征 中華民国 臨時政府 清朝 国共合作 蒋介石
公武合体,幕末,幕府と朝廷が協力して政権を維持しようとした政策は何ですか？,尊皇攘夷 倒幕 薩長同盟 維新政府 幕藩体制 開国論 御家人反乱 黒船来航 幕政改革 武士
高野山金剛峯寺,平安,空海が開いた真言宗の総本山で、和歌山県にある寺院は何ですか？,延暦寺 東大寺 法隆寺 醍醐寺 清水寺 金閣寺 東寺 建仁寺 東福寺 三十三間堂
高麗,中世,10世紀に朝鮮半島に成立した王朝で、仏教文化が栄えた国は何ですか？,新羅 百済 高句麗 李氏朝鮮 渤海 朝鮮元 明 元 宋 渤海国
公領,平安〜鎌倉,荘園と並んで存在した、国司が支配する土地を何と言いますか？,私領 荘園 領地 領国 武士地 封地 土地 戸籍地 領主地 御恩地
コーラン,中世,イスラム教の聖典で、ムハンマドに啓示されたとされる書物は何ですか？,聖書 タナハ ヴェーダ アヴェスター トーラー バイブル 仏典 経典 福音書 神話
コーラン,近世,オスマン帝国などイスラム世界で信仰の基盤となったイスラム教の経典は何ですか？,ヒンドゥー教聖典 キリスト教聖書 仏教経典 タルムード 旧約聖書 新約聖書 道教経典 聖伝 讃美歌 聖典
コーラン,近代,イスラム教徒の間で今も重要視される、神の言葉をまとめた書物は何ですか？,経典 聖書 典籍 福音書 古文書 古代文献 讃美歌 聖伝 法典 仏典
御恩,鎌倉,将軍が御家人に対して土地を与えるなどの恩恵を何と言いますか？,奉公 俸禄 執権 旗本 家臣 重臣 代官 君臣 侍 従者
五街道,江戸,江戸を起点に整備された5つの主要な幹線道路を何と言いますか？,脇街道 中山道 東海道 畿内道 山陽道 紀州街道 甲州街道 奥州街道 日光街道 北海道街道
五箇条の御誓文,明治,明治政府が示した新しい政治の基本方針を何と言いますか？,五倫十則 憲法 十七条憲法 五人組 制度 法律 議会 政令 勅令 条約
古今和歌集,平安,紀貫之らによって編まれた最初の勅撰和歌集は何ですか？,万葉集 竹取物語 源氏物語 枕草子 土佐日記 方丈記 伊勢物語 梁塵秘抄 更級日記 和泉式部日記
国学,江戸,本居宣長らによって発展した、日本の古典を研究する学問は何ですか？,蘭学 漢学 西洋学 国文学 日本史学 神道学 仏教学 哲学 政治学 経済学
国号,古代〜現代,国家を表す正式な呼び名を何と言いますか？,国名 地名 王号 皇号 国籍 市名 領地 県名 地区名 国旗
国際連合(国連),昭和,第二次世界大戦後に設立された、世界の平和と安全を目的とする国際機関は何ですか？,国際赤十字 NATO EU WTO IMF OPEC ASEAN UNICEF UNESCO ILO
国際連盟,大正,第一次世界大戦後に設立されたが、第二次大戦前に機能を失った国際組織は何ですか？,国連 NATO EU WTO IMF OPEC ASEAN UNICEF UNESCO 赤十字
国司,奈良〜平安,中央政府から派遣され、地方の国を治めた役人を何と言いますか？,郡司 地頭 武士 貴族 役人 執政 君主 官吏 長官 知事
石高,安土桃山〜江戸,土地の生産力を米の収穫量で示した単位を何と言いますか？,俸禄 年貢 石数 村高 面積 坪数 村民数 収穫量 粟高 貢租
国府,奈良〜平安,各国に置かれた、国司が政務を行う役所を何と言いますか？,郡役所 荘園役所 官所 府庁 市役所 役所 役場 役人所 御所 役宅
国風文化,平安,日本独自の文化が発達し、仮名文字や和歌が盛んになった文化は何ですか？,唐風文化 大和文化 仏教文化 神道文化 武士文化 貴族文化 和様文化 遣唐使文化 日本建築文化 平安文化
国分寺,奈良,聖武天皇が全国に建てさせた、国ごとの中心となる寺院は何ですか？,東大寺 興福寺 法隆寺 延暦寺 醍醐寺 金剛寺 西大寺 慈恩寺 真言寺 寺院
国分尼寺,奈良,聖武天皇が国分寺と共に建てさせた、尼僧のための寺は何ですか？,東大寺 興福寺 法隆寺 延暦寺 醍醐寺 金剛寺 西大寺 慈恩寺 真言寺 寺院
国民主権,現代,国の政治の決定権が国民にあるという原則を何と言いますか？,人民主権 君主主権 君権尊重 立憲主義 専制政治 民主主義 自由主義 社会主義 共産主義 権威主義
国民政府,昭和,中国で蒋介石を中心に樹立された政権を何と言いますか？,共産党 中華民国 清朝 大日本帝国 清政府 南京政府 臨時政府 北洋政府 東亜政府 国共合作政府
極楽浄土,平安,阿弥陀仏の力によって死後に生まれ変わるとされる、仏教で理想とされる世界を何と言いますか？,地獄浄土 現世浄土 天上界 仏国土 極上界 極域浄土 天界 極楽園 極地浄土 極地楽園
御家人,鎌倉,将軍に直接仕え、御恩と奉公の関係で結ばれた武士を何と言いますか？,侍 武士 旗本 家臣 重臣 代官 君臣 従者 侍従 家人
護憲運動,大正,大正デモクラシーの一環として、軍部の独裁や政治干渉に反対した運動は何ですか？,政党政治 拡大選挙 選挙干渉 立憲主義 民主主義 国民主権 自由民権運動 言論弾圧 民本主義 政党抗争
小作争議,昭和,小作人が地主に対して賃金や条件改善を求めて行った抗議運動は何ですか？,労働争議 労働組合 抗議運動 農民一揆 百姓一揆 争議行動 賃金交渉 反乱 ストライキ 政治運動
小作人,江戸〜昭和,地主の土地を借りて農業を営んだ農民を何と言いますか？,農奴 農夫 農家 農民 小作農 民夫 小農 農作業者 農耕民 農業者
五・四運動,大正,1919年に中国で起きた、反帝国主義と民主化を求めた学生中心の運動は何ですか？,辛亥革命 太平天国運動 五族協和運動 新文化運動 中国革命 戦後革命 農民運動 国共合作 革命運動 抗日運動
古事記,奈良,日本最古の歴史書で、天地の創造や神話を記した書物は何ですか？,日本書紀 風土記 源氏物語 古今和歌集 万葉集 平家物語 古語拾遺 古代記 日本外史 日本伝記
古事記伝,江戸,本居宣長が著した『古事記』の注釈書で、国学の基礎を築いたものは何ですか？,古事記評 古事記考 古事記集 国学記 国学考 和学記 国史記 国伝記 古伝記 古代記
55年体制,昭和,1955年から長期間続いた自民党の一党支配体制を何と言いますか？,一院制 片務制 多党制 民社党政権 社会党政権 自由党体制 連立政権 共和制 立憲君主制 大正デモクラシー
御成敗式目(貞永式目),鎌倉,北条泰時が制定した、武士のための最初の成文法は何ですか？,武家諸法度 律令 法華経 鎌倉幕府令 太政官布告 御成敗規則 民法 武家法度 新律令 律令制
戸籍,明治,国民の身分や家族関係を記録する制度は何ですか？,戸主制度 家系図 納税簿 住民票 住民登録 住民基本台帳 税務台帳 徴兵台帳 民籍 台帳
国家,古代〜現代,一定の領域と主権を持ち、組織的に統治される社会集団を何と言いますか？,領邦 制度 君主国 領域 国家体制 王国 帝国 連邦 政体 統治機構
国会開設の勅諭,明治,1881年に明治天皇が国会設立を約束した勅諭を何と言いますか？,自由民権運動 漸次立憲勅諭 立憲政友会 国会期成同盟 議会開設期 国政改革勅諭 明治維新宣言 大日本帝国憲法 立憲政体樹立の詔 憲法発布の詔
国会期成同盟,明治,国会の早期開設を求めて結成された団体は何ですか？,自由党 民権派 自由民権運動 政党 政友会 日本社会党 立憲政友会 政府 寺内正毅 会派
国家総動員法,昭和,1938年に制定され、戦争遂行のために国民・資源を総動員する法律は何ですか？,治安維持法 大政翼賛会 軍部独裁 政府布告 戦時体制 産業動員法 戦時統制令 戦時緊急令 労働動員令 戦時非常措置法
五人組,江戸,村内の五戸で連帯責任を負わせた制度を何と言いますか？,五家組 十人組 郷中組 組合 村組 合議制 組長制度 組団体 連帯責任制度 村会制度
古墳文化,古墳,巨大な前方後円墳が特徴の時代およびその文化を何と言いますか？,弥生文化 縄文文化 飛鳥文化 奈良文化 平安文化 鎌倉文化 室町文化 江戸文化 令和文化 近代文化
米騒動,大正,1918年、米価の高騰に抗議して各地で起こった民衆運動は何ですか？,労働争議 労働運動 小作争議 生活闘争 天皇制反対運動 民族運動 政治運動 農民一揆 商業争議 民族独立運動
金剛力士像,奈良,東大寺南大門などに安置され、魔除けのために立つ巨大な仏像は何ですか？,阿弥陀如来 仏陀 菩薩 地蔵菩薩 釈迦如来 観音菩薩 不動明王 弥勒菩薩 文殊菩薩 普賢菩薩
墾田永年私財法,奈良,開墾した土地を永久に私有できることを認めた律令の法令は何ですか？,公地公民 壬申の乱 律令制 改新の詔 太政官符 御恩奉公 地方自治 制度 均田法 財政改革
座,中世,同業者や職人が同じ業種で結成した組織を何と言いますか？,組合 職人会 同盟 合議会 連合体 村落自治 街道会 商人組合 貨幣鋳造所 商工会議所
財閥,明治〜昭和,日本で三井・三菱などが形成した大企業グループを何と言いますか？,軍閥 政閥 官閥 民族資本 産業資本 官僚資本 同盟企業 経済団体 商社 財団法人
財閥解体,昭和,GHQの指導で行われた、日本の大企業グループの分割政策を何と言いますか？,産業再編 軍縮令 経済民主化 経済統制 戦後改革 経済安定化 政府再編 民間分割 政策転換 労働改革
堺,室町〜安土桃山,貿易と自治で栄えた大阪湾岸の港町はどこですか？,長崎 博多 江戸 大津 小浜 高松 下関 尾道 函館 室津
酒屋,江戸,幕府が酒の製造と販売を独占した制度を何と言いますか？,専売制 株仲間 組合 同業組合 村請制 賦課金 免許制 旗本制度 蔵元制度 酒造税
防人,奈良,九州の辺境を守るために派遣された兵士を何と言いますか？,武士 御家人 侍 大名 鎌倉武士 浦人 御家来 御家臣 農民 隊士
桜田門外の変,江戸,1860年、井伊直弼が暗殺された事件を何と言いますか？,安政の大獄 大政奉還 尊皇攘夷 幕末の変 天保の改革 薩長同盟 五箇条の御誓文 文久の改革 明治維新 五・一五事件
鎖国,江戸,日本が外国との貿易や交流を厳しく制限した政策を何と言いますか？,開国 留学 禁教 貿易自由 通商条約 鎖港 海禁 通商禁止 閉鎖政策 外交制限
薩英戦争,幕末,1863年、薩摩藩とイギリスが起こした武力衝突は何ですか？,下関戦争 日清戦争 日露戦争 西南戦争 戊辰戦争 薩長戦争 長州征伐 西洋砲撃 戦争不介入 禁門の変
薩長同盟,幕末,1866年、倒幕を目指して薩摩藩と長州藩が結んだ同盟を何と言いますか？,戊辰同盟 西南同盟 幕府同盟 明治同盟 江戸同盟 維新同盟 幕藩同盟 大政奉還同盟 長州藩同盟 薩摩藩同盟
薩摩藩,江戸〜幕末,西南戦争の拠点となり、明治維新で大きな役割を果たした藩はどこですか？,長州藩 土佐藩 会津藩 越後藩 尾張藩 美作藩 丹波藩 筑前藩 筑後藩 安芸藩
佐渡金山,江戸,日本最大の金山として経済を支えた新潟県の金山は何ですか？,足尾銅山 幕領鉱山 石見銀山 筑前鉱山 佐倉鉱山 佐伯金山 八幡鉱山 日光鉱山 湯浅鉱山 鳥取鉱山
侍所,鎌倉,幕府の武士の統制や警察を担当した役所を何と言いますか？,政所 問注所 勘解由所 侍司 役所 警察署 執権所 御家人所 武家所 御所所
サラエボ事件,大正,1914年にオーストリア皇太子が暗殺され、第一次世界大戦のきっかけとなった事件は何ですか？,ベルリン事件 ニュルンベルク事件 サンクトペテルブルク事件 ヴィルヘルム事件 モスクワ事件 ワルシャワ事件 パリ事件 ロンドン事件 ウィーン事件 ブリュッセル事件
猿楽,平安,能の起源となった芸能で、庶民に広まった舞踊を何と言いますか？,田楽 舞楽 能楽 歌舞伎 狂言 雅楽 舞踊 舞楽座 演劇 踊り
三・一独立運動,昭和,1919年に韓国で日本の支配に反対して起こった民族独立運動は何ですか？,五・四運動 辛亥革命 八・一運動 慰安婦問題 韓国併合 鎖国 解放運動 朝鮮戦争 大韓民国建国 運動革命
三角貿易,近世,ヨーロッパ、アフリカ、アメリカの三地域間で行われた貿易を何と言いますか？,大西洋貿易 インド洋貿易 地中海貿易 東アジア貿易 輸出貿易 輸入貿易 通商条約 交易 航海貿易 交易路
産業革命,近代,イギリスで始まった、手工業から機械工業への移行を何と言いますか？,農業革命 技術革命 情報革命 科学革命 文化革命 教育革命 政治革命 経済革命 社会革命 民主革命
参勤交代,江戸,大名が一定期間ごとに江戸と領地を往復する制度を何と言いますか？,年貢納入制度 藩政改革 武家諸法度 御家人制度 幕府直轄地 制度 御家人交代制度 関所通行 幕藩体制 旗本交代
三権分立,明治〜昭和｜近代〜現代,立法・行政・司法の権力を分けて政治の暴走を防ぐ仕組みを何と言いますか？,立法集中制 統治機構 一院制 多権制 君主制 民主主義 議会制 政党政治 法律制定 権力分立
三国干渉,明治,1895年の下関条約後にロシア・フランス・ドイツが日本に遼東半島返還を要求した出来事は何ですか？,日清戦争 日露戦争 日英同盟 日米和親条約 三国同盟 日韓併合 関税自主権 回復運動 軍縮条約 領土返還
三国協商,近代,イギリス・フランス・ロシアの同盟関係を何と言いますか？,三国同盟 三国干渉 三国連合 三国条約 三国憲章 三国合意 三国協定 三国間協定 三国合意書 三国連邦
三国志,古代,魏・呉・蜀の三国時代を描いた中国の歴史書は何ですか？,史記 漢書 春秋 左伝 資治通鑑 後漢書 晋書 後漢紀 資治通録 歴史記
三国同盟,近代,ドイツ・オーストリア・イタリアが結んだ同盟を何と言いますか？,三国協商 三国干渉 三国連合 三国条約 三国憲章 三国協定 三国合意 三国連邦 三国連携 三国統合
三都,江戸,江戸・京都・大阪の三つの主要都市を何と呼びますか？,三港 三州 三府 三城 三村 三陸 三谷 三原 三河 三分
三内丸山遺跡,縄文,青森県にある大規模な縄文時代の集落遺跡は何ですか？,吉野ヶ里遺跡 登呂遺跡 加曽利遺跡 大森貝塚 三内丸山古墳 石塚遺跡 縄文集落 弥生集落 古墳時代遺跡 土偶遺跡
サンフランシスコ平和条約,昭和,1951年に日本が連合国と結んだ平和条約は何ですか？,日米安全保障条約 日ソ共同宣言 ワシントン条約 パリ条約 ケロッグ・ブリアン条約 ジュネーブ条約 ハルノート ロンドン条約 モントリオール条約 ロンドン協定
三民主義,近代,孫文が唱えた「民族・民権・民生」の政治理念を何と言いますか？,五族協和 主権在民 自由民主主義 平和主義 共産主義 民族主義 民権運動 国民国家 社会主義 自由主義
自衛隊,昭和,日本の防衛を担う組織は何ですか？,警察 特殊部隊 軍隊 保安隊 海上保安庁 消防隊 警備隊 警察予備隊 武装警察 連合軍
四か国条約,大正,1921年に日本・アメリカ・イギリス・フランスが結んだ太平洋の現状維持を確認した条約は何ですか？,ワシントン海軍軍縮条約 日英同盟 日露戦争講和条約 日米和親条約 パリ条約 ケロッグ・ブリアン条約 サンフランシスコ条約 三国同盟 日韓併合条約 日中和平条約
自作農,昭和,地主から土地を借りずに自分の土地を持って農業を営む農民を何と言いますか？,小作人 農奴 農家 農民 農夫 自給農 民農 地主 農場主 自給自足者
時宗,鎌倉,一遍が開いた念仏を中心とする浄土宗の一派は何ですか？,浄土真宗 臨済宗 曹洞宗 日蓮宗 真言宗 禅宗 黄檗宗 天台宗 浄土宗 華厳宗
氏姓制度,古墳,有力豪族に姓を与え、官位や血縁を区別した制度は何ですか？,班田収授法 租庸調制 戸籍 制度 律令制 土地制度 郡司 公地公民 官位制度 家格制度
士族,明治,旧武士階級の身分を何と言いますか？,平民 庶民 百姓 豪族 藩士 身分制度 農民 商人 貴族 侍
自治都市,中世,商人や職人が自治権を持ち発展した都市を何と言いますか？,城下町 港町 商業都市 農村 城郭都市 市場町 村落集落 貿易港 都市国家 商業集落
執権(政治),鎌倉,将軍を補佐して実権を握った北条氏の役職を何と言いますか？,評定衆 連署 政所 地頭 殿司 侍所 別当 将軍補佐 代官 管理者
地頭,鎌倉,荘園や公領の管理と警察権を持った武士を何と言いますか？,国司 荘官 地方官 武士 領主 郡司 代官 家臣 守護 旗本
地主,江戸〜昭和,土地を所有し、小作人に貸す農民を何と言いますか？,小作人 農民 農夫 農家 自作農 農業者 農奴 農場主 農耕民 村長
シベリア出兵,大正,1918年に日本がロシア内戦に干渉するために行った軍事行動を何と言いますか？,満州事変 日露戦争 太平洋戦争 日中戦争 北伐 蘇聯侵攻 モスクワ侵攻 ウラル作戦 西伯利亜遠征 内戦干渉
シベリア鉄道,近代,ロシアが東西を結ぶために建設した長距離鉄道は何ですか？,トランスユーラシア鉄道 東海道新幹線 中国横断鉄道 大陸横断鉄道 東西鉄道 太平洋鉄道 北極鉄道 鉄道連結路 東欧鉄道 西部鉄道
シベリア抑留,昭和,第二次世界大戦後、日本人捕虜がソ連に長期間拘束された出来事を何と言いますか？,強制労働 捕虜交換 強制収容 拘留 捕虜返還 引揚げ 解放 軍事抑圧 戦後処理 国際交渉
資本主義,近代,自由な経済活動を認め、資本家が利益を追求する経済体制を何と言いますか？,封建制 社会主義 共産主義 計画経済 独占資本主義 農業社会 経済制限 貨幣経済 商業主義 民主主義
島原・天草一揆,江戸,重税やキリスト教弾圧に反発して九州で起きた農民・キリシタンの反乱は何ですか？,一揆 農民反乱 百姓一揆 江戸一揆 関ヶ原の戦い 薩摩戦争 武士の乱 江戸騒乱 天保の改革 農民蜂起
市民革命,近代,国王に代わって市民が政治の主導権を握った革命を何と言いますか？,農民革命 封建革命 国民革命 革命戦争 文化革命 革命運動 市民運動 独立戦争 民主革命 革命政権
四民平等,明治,江戸時代の身分制度を廃止し、すべての国民を平等とした改革は何ですか？,身分制度 奴隷制 封建制 階級社会 律令制 封建身分 民族差別 階層制度 血縁制度 階級対立
下関条約,明治,日清戦争の講和条約で、1895年に日本と清が結んだ条約は何ですか？,日露講和条約 ポーツマス条約 ワシントン条約 ベルサイユ条約 三国同盟 条約改正 日米修好通商条約 日英同盟 関税自主権 条約改訂
社会運動,明治〜現代,労働者や市民が社会的権利の拡大を目指して起こす運動を何と言いますか？,革命運動 抗議運動 政治運動 独立運動 民族運動 改革運動 反政府運動 民主運動 市民活動 政治闘争
社会主義,近代,資本主義に反対し、生産手段を共有することで平等な社会を目指す思想は何ですか？,資本主義 自由主義 共産主義 民主主義 封建主義 経済主義 国家主義 統制経済 民族主義 新自由主義
車借,中世,荷物を車で運んだ運送業者を何と言いますか？,馬借 鉄道業者 海運業者 商人 飛脚 船頭 御用商人 大名荷役 職人 農民
ジャポニスム,明治,ヨーロッパで流行した日本文化への関心と影響を表す言葉は何ですか？,オリエンタリズム エキゾチシズム 浮世絵ブーム 印象派 フランス文化 浮世絵ジャズ アールヌーボー 和風ブーム 江戸趣味 西洋画影響
三味線,安土桃山〜江戸,日本の伝統的な弦楽器で、浄瑠璃や歌舞伎などで用いられるものは何ですか？,琴 和太鼓 鉦鼓 笛 津軽三味線 太鼓 琵琶 鈴 津軽笛 箏
朱印状,安土桃山,貿易や海外渡航を許可するために幕府が発行した文書を何と言いますか？,関所手形 通行手形 商業許可書 船舶許可状 貿易免許状 交易証明書 御免状 経済特権証明書 渡航証 明書
朱印船,安土桃山〜江戸,朱印状を持ってアジア諸国と貿易した船を何と言いますか？,鎖国船 御用船 南蛮船 鉄砲船 船団 貨客船 商船 貿易船 航海船 運搬船
朱印船貿易,江戸,幕府が許可証を出して行わせた東南アジアとの貿易を何と言いますか？,鎖国貿易 南蛮貿易 朝鮮貿易 琉球貿易 鉄砲貿易 江戸貿易 藩貿易 鎖国交易 対馬貿易 薩摩貿易
就学率,明治〜現代,一定年齢の子どもが学校に通っている割合を示す数値を何と言いますか？,識字率 脱落率 進学率 教育普及率 出席率 入学率 中退率 教育達成率 学力指数 学校普及率
衆議院,明治〜現代,国会の下院にあたる議会の一院を何と言いますか？,参議院 貴族院 国会 上院 議会評議会 議会委員会 政府機関 行政機関 司法機関 法務省
宗教,古代〜現代,人間の生死や世界の意味について信仰や儀礼によって解釈する体系を何と言いますか？,哲学 学問 理論 科学 文化 道徳 哲学思想 世界観 教義 神話体系
宗教改革,近世,ルターやカルヴァンらがカトリック教会の腐敗に反発して起こした運動は何ですか？,対抗宗教改革 ユダヤ教改革 イスラム改革 仏教改革 キリスト教改革 プロテスタント改革 正教会改革 仏教復興 新教運動 教会分裂
十字軍,中世,ローマ教皇の呼びかけでイスラム勢力から聖地を奪回しようとした遠征軍を何と言いますか？,聖戦 東方遠征 イスラム征服 ペルシャ遠征 神聖戦争 十字遠征 南征 西征 聖地解放 軍事遠征
十七条の憲法,飛鳥,聖徳太子が定めた官人の心構えを示す憲法は何ですか？,大宝律令 律令憲法 日本書紀 古事記 憲法七条 律令制度 和同開珎 律令法 規則制度 十八条の憲法
自由党,明治,板垣退助らが結成し、国会開設を求めた政党は何ですか？,立憲改進党 立憲政友会 自由民権党 保守党 民主党 社会党 日本党 進歩党 憲政党 自由民主党
自由民権運動,明治,国会の開設や憲法制定などを求めた国民の政治運動を何と言いますか？,民主運動 改革運動 革命運動 選挙運動 政治運動 市民運動 革新運動 社会運動 労働運動 国会運動
自由民主党(自民党),昭和〜現代,日本の保守系政党で、1955年以降長く政権を担った政党は何ですか？,社会党 公明党 民主党 立憲民主党 日本維新の会 共産党 国民民主党 新党日本 希望の党 日本未来の党
宗門改帳,江戸,キリスト教信者でないことを確認するために作られた台帳は何ですか？,檀家帳 寺院帳 寺社台帳 戸籍台帳 教区帳 寺社登録名簿 信徒帳 住民台帳 供養台帳 神社台帳
儒教(儒学),飛鳥〜江戸｜古代〜近代,孔子の教えに基づく道徳や政治の学問を何と言いますか？,仏教 道教 神道 キリスト教 仏教学 神学 朱子学 浄土宗 禅宗 天台宗
宿場町,江戸,参勤交代や旅人のために街道沿いに設けられた町を何と言いますか？,城下町 農村 町家 商家 村落 農村集落 港町 町場 街道町 通行所
守護,鎌倉,国ごとに設置され、軍事や警察を担当した幕府の役職を何と言いますか？,国司 地頭 郡司 大名 代官 評定衆 御家人 執権 将軍 旗本
守護大名,室町,守護としての力を強めて領国支配を進めた大名を何と言いますか？,戦国大名 大名 武士 公家 藩主 幕府役人 豪族 土豪 荘園領主 御家人
朱子学,江戸,徳川幕府が奨励した儒学の一派で、上下関係や忠孝を重視する学問は何ですか？,陽明学 禅学 浄土宗 法華宗 仏教学 真言宗 神道 天台宗 禅宗 華厳宗
主要国首脳会議(サミット),現代,日本を含む先進国が経済などを話し合う国際会議を何と言いますか？,国連 安全保障理事会 G7 G20 ASEAN WTO IMF OECD APEC EAS
首里城,近世,琉球王国の政治・文化の中心となった城は何ですか？,江戸城 大阪城 名古屋城 二条城 彦根城 熊本城 松本城 駿府城 岡山城 広島城
書院造,室町〜明治,床の間や付書院などを備えた武家の住宅様式を何と言いますか？,数寄屋造 寝殿造 和様 唐様 折衷様 伝統建築 神社建築 寺院建築 和風住宅 茶室
攘夷,幕末,外国勢力を排除しようとする思想・運動を何と言いますか？,開国 尊王攘夷 講和 親米 尊皇攘夷 征夷大将軍 幕藩体制 幕府 政商 外交
荘園,平安〜鎌倉,貴族や寺社が支配した私有の土地を何と言いますか？,公領 地頭 領地 田畑 郡司 郷 田園 国有地 律令制 里
荘園領主,平安〜鎌倉,荘園を所有し支配していた貴族や寺社を何と言いますか？,国司 地頭 郡司 領主 大名 公家 武士 神官 寺院 関所役人
松下村塾,幕末,吉田松陰が開いた長州藩の私塾を何と言いますか？,適塾 螢雪塾 藤田塾 学習院 昌平黌 龍馬塾 神戸塾 私塾 京都塾 松蔭塾
城下町,戦国〜江戸,大名の城を中心に形成された町を何と言いますか？,宿場町 村落 商人町 農村 村役場 港町 江戸町 京都町 商業地 城郭町
荘官,平安〜鎌倉,荘園領主の代理として現地の管理にあたった者を何と言いますか？,国司 地頭 郡司 領主 寺社職員 大名 武士 武官 代官 役人
蒸気機関,近代,石炭を燃料として機械を動かすために使われた装置は何ですか？,水車 風車 電気モーター 内燃機関 ガソリンエンジン 動力車 ガスタービン タービン エンジン ポンプ
承久の乱,鎌倉,後鳥羽上皇が幕府に対して起こした戦いで、幕府が勝利して朝廷に対する支配力を強めた事件は何ですか？,応仁の乱 保元の乱 平治の乱 壇ノ浦の戦い 一揆 合戦 南北朝の争い 天正の乱 永享の乱 天明の乱
象形文字,古代,物の形をかたどって意味を表した文字を何と言いますか？,楔形文字 アルファベット カナ文字 ローマ字 片仮名 漢字 平仮名 ロゴグラム 音節文字 表意文字
上皇,平安〜鎌倉,天皇の位を譲った後も政治的影響力を持ち続けた元天皇を何と言いますか？,摂政 関白 太政大臣 内大臣 御所主 上司 官房長官 帝王 法皇 上天皇
尚氏,室町〜江戸,琉球王国を統治した王家は何ですか？,徳川家 毛利氏 織田氏 豊臣氏 伊達氏 島津氏 徳川氏 藤原氏 足利氏 北条氏
少子高齢化,現代,子どもの数が減り、高齢者の割合が増える社会現象を何と言いますか？,人口増加 バブル経済 景気後退 高齢化社会 労働力不足 人口爆発 都市化 過疎化 労働力過剰 国際化
正倉院,奈良,東大寺の倉庫で、聖武天皇ゆかりの宝物が収められている建物は何ですか？,法隆寺 醍醐寺 延暦寺 興福寺 東大寺 南大門 金閣寺 銀閣寺 西本願寺 大徳寺
浄土教,平安,念仏を唱えて阿弥陀仏の浄土に生まれ変わることを説いた仏教の一派は何ですか？,天台宗 真言宗 禅宗 浄土真宗 法華宗 日蓮宗 曹洞宗 臨済宗 密教 華厳宗
浄土宗,鎌倉,法然が開いた、念仏を唱えれば救われると説いた仏教宗派は何ですか？,浄土真宗 日蓮宗 禅宗 真言宗 天台宗 曹洞宗 臨済宗 華厳宗 密教 法華宗
浄土真宗(一向宗),鎌倉,親鸞が開いた、阿弥陀仏を信じる心のみで救われるとする宗派は何ですか？,浄土宗 曹洞宗 臨済宗 真言宗 天台宗 日蓮宗 法華宗 密教 華厳宗 禅宗
常任理事国(国際連合),現代,国際連合安全保障理事会のうち、拒否権を持つアメリカ・ロシア・中国・イギリス・フランスを何と言いますか？,加盟国 発展途上国 非加盟国 非常任理事国 監視国 中立国 同盟国 友好国 主要国 準加盟国
常任理事国(国際連盟),大正,国際連盟の常任理事国として日本・イギリス・フランス・イタリアなどが選ばれたが、この中でアメリカが含まれていなかった理由は何ですか？,アメリカの内政問題 アメリカの反対 アメリカの非参加 アメリカの戦争 アメリカの同盟拒否 アメリカの反戦運動 アメリカの外交政策 アメリカの孤立主義 アメリカの経済危機 アメリカの軍縮運動
商品作物,江戸〜現代,現金収入を得るために栽培される綿や茶などの作物を何と言いますか？,食料作物 飼料作物 家畜作物 野菜作物 果樹作物 米作物 畑作物 稲作物 菜種作物 植物油作物
昌平坂学問所,江戸,幕府が儒学教育のために江戸に設置した学問所を何と言いますか？,湯島聖堂 弘文館 昌平黌 私塾 学問所 学校 学院 大学 教育機関 研究所
縄文時代,縄文,日本列島で狩猟・採集・漁労生活が中心だった時代を何と言いますか？,弥生時代 古墳時代 貝塚時代 青銅器時代 鉄器時代 土器時代 狩猟時代 旧石器時代 飛鳥時代 石器時代
縄文土器,縄文,縄目の模様が特徴の、日本最古の土器は何ですか？,弥生土器 土師器 須恵器 土器 甕棺 土製品 石器 縄文文様 弥生文様 古墳土器
縄文文化,縄文,狩猟・採集・漁労や土器・竪穴住居などに特徴づけられる文化は何ですか？,弥生文化 古墳文化 奈良文化 平安文化 鎌倉文化 室町文化 江戸文化 明治文化 大正文化 昭和文化
庄屋,江戸,村を代表して年貢の取りまとめや村政を行った村の有力者を何と言いますか？,名主 郷士 村役人 村長 代官 郡代 町奉行 幕府役人 村方役人 村長役
条約改正,明治,不平等条約の内容を変更するために日本政府が行った外交交渉を何と言いますか？,開国 外交交渉 条約締結 条約更新 改革談判 通商交渉 条約改訂 国際会議 条約締約 外交政策
生類憐みの令,江戸,徳川綱吉が出した、動物の保護などを命じた法令は何ですか？,禁猟令 産業奨励令 農業振興令 捕鯨令 漁業保護令 森林保護令 武士保護令 魚類保護令 食肉禁止令 宗教令
静瑠璃,江戸,語りと三味線の音楽で物語を伝える芸能で、歌舞伎にも影響を与えたものは何ですか？,狂言 能楽 舞楽 雅楽 神楽 歌舞伎 文楽 落語 狂言回し 浪曲
昭和恐慌,昭和,1929年の世界恐慌の影響を受けて日本で発生した経済恐慌を何と言いますか？,大正恐慌 バブル崩壊 平成恐慌 戦後恐慌 オイルショック 金融危機 不況 震災 景気後退 リーマンショック
殖産興業,明治,日本政府が産業を育成するために進めた政策を何と言いますか？,自由貿易 保護貿易 開国政策 産業保護政策 重商主義 自由主義 市場経済 計画経済 閉鎖経済 国家資本主義
植民地,近代,強国が他国や地域を支配・支配下に置いた領土を何と言いますか？,独立国 保護国 併合地 自治領 領土 国有地 分離地 支配地 植民地政策 征服地
白樺派,大正,人道主義や個人主義を重視した文学者たちのグループを何と言いますか？,自然主義 新感覚派 ロマン主義 浪漫派 新古典主義 現代主義 プロレタリア文学 反自然主義 写実主義 無産派
新羅,古代,朝鮮半島で7世紀に朝鮮を統一した国家はどこですか？,高句麗 百済 渤海 唐 日本 馬韓 弁韓 弥生 王朝 朝鮮国
シルクロード,古代〜中世,東アジアと西方を結び、絹などが運ばれた交易路を何と言いますか？,海の道 唐の道 道路 遊牧路 航路 大陸路 東海道 西海道 内陸路 遠路
秦,古代,中国を初めて統一し、始皇帝が支配した王朝は何ですか？,漢 唐 宋 明 清 周 隋 元 漢王朝 明王朝
清,近世〜近代,中国最後の王朝で、アヘン戦争や辛亥革命に関わったのはどこですか？,明 元 唐 宋 周 隋 漢 晋 魏 趙
辛亥革命,近代,清を倒して中華民国を樹立した1911年の革命を何と言いますか？,太平天国の乱 義和団の乱 辛亥戦争 文化大革命 農民戦争 五・四運動 長征 日清戦争 日露戦争 武昌起義
心学,江戸,庶民に道徳や勤勉を説いた、石田梅岩が始めた教えを何と言いますか？,朱子学 陽明学 仏教 神道 儒学 道教 浄土宗 真言宗 禅宗 浄土真宗
新幹線,昭和,日本で初めて開通した高速鉄道で、1964年の東京オリンピックに合わせて運行を開始したのは何ですか？,東海道新幹線 山陽新幹線 北陸新幹線 九州新幹線 東北新幹線 上越新幹線 秋田新幹線 北海道新幹線 九州鉄道 近鉄特急
人権宣言,近代,1789年にフランスで発表された自由と平等をうたった宣言は何ですか？,自由権宣言 市民宣言 平和宣言 独立宣言 社会権宣言 民主宣言 国際宣言 普遍宣言 権利宣言 人権章典
新古今和歌集,鎌倉,後鳥羽上皇の命で編まれた、八代集の最後にあたる和歌集は何ですか？,古今和歌集 百人一首 金葉和歌集 拾遺和歌集 後拾遺和歌集 続古今和歌集 風雅和歌集 和漢朗詠集 千載和歌集 梁塵秘抄
真言宗,平安,空海が唐から伝えた密教の宗派は何ですか？,天台宗 浄土宗 浄土真宗 臨済宗 曹洞宗 法華宗 日蓮宗 黄檗宗 天理教 禅宗
真珠湾攻撃,昭和,1941年に日本がアメリカの軍港を奇襲した出来事を何と言いますか？,ミッドウェー海戦 ガダルカナル島の戦い ノルマンディー上陸作戦 スターリングラード攻防戦 バルバロッサ作戦 フィリピン攻略戦 ラバウル攻撃 南太平洋海戦 ニューギニアの戦い ペリリュー島の戦い
新人(ホモ・サピエンス),先史,現在の人類の直接の祖先とされる化石人類を何と言いますか？,ネアンデルタール人 クロマニョン人 ホモ・エレクトス ホモ・ハビリス ホモ・ルドルフエンシス ホモ・ハイデルベルゲンシス ホモ・フローレシエンシス アウストラロピテクス パラントロプス ホモ・ナレディ
壬申の乱,飛鳥,天智天皇の死後に起こった皇位継承をめぐる戦いを何と言いますか？,乙巳の変 承久の乱 保元の乱 平治の乱 応仁の乱 壇ノ浦の戦い 承和の変 天明の乱 永享の乱 藤原の乱
新石器時代,弥生｜先史,磨製石器を使い始め、農耕や牧畜が始まった時代を何と言いますか？,旧石器時代 縄文時代 奈良時代 古墳時代 青銅器時代 鉄器時代 石器時代 縄文文化 飛鳥時代 狩猟時代
新田,奈良〜平安,墾田永年私財法により開発された新しく開墾された農地を何と言いますか？,開墾地 荘園 地頭領地 公領 田畑 村地 荘園地 領地 水田 棚田
寝殿造,平安,貴族の住居に使われた建築様式で、広い敷地と池を持つのが特徴の建築様式は何ですか？,書院造 数寄屋造 書道造 唐様 和様 侘茶様 風雅様 寄棟造 寝室造 寝床造
神道,古代〜現代,日本古来の自然信仰から発展した宗教を何と言いますか？,仏教 キリスト教 道教 儒教 イスラム教 新興宗教 民間信仰 シャーマニズム ヒンドゥー教 民俗宗教
親藩,江戸,徳川家の一族で、将軍に近い地位を与えられた大名を何と言いますか？,譜代大名 外様大名 旗本 御家人 公家 大名 徳川親族 武士 家臣 武家
神話,古代,古代の人々が天地の創造や神々の出来事などを語り伝えた物語を何と言いますか？,伝説 物語 史書 古典 民話 説話 口承文学 歴史書 叙事詩 英雄譚
隋,古代,大運河を建設し、科挙を始めたが短命に終わった中国の王朝は何ですか？,唐 元 明 清 漢 晋 魏 周 秦 宋
水田稲作,弥生,日本列島に伝わった、湿田を利用した稲作を何と言いますか？,畑作 乾田稲作 水稲 稲作 農耕 牧畜 養蚕 漁労 狩猟 採集
水爆実験,昭和,1954年、アメリカがビキニ環礁で行い、日本の第五福竜丸が被曝した事件に関わるのは何ですか？,原爆実験 核実験 放射線事故 原子力発電事故 環境汚染 戦争事故 核兵器開発 米軍演習 軍事演習 防衛演習
水墨画,室町,墨の濃淡で風景や人物を描く中国伝来の絵画技法は何ですか？,浮世絵 肉筆画 漆絵 素描 油絵 水彩画 日本画 西洋画 版画 洋画
枢軸国,昭和,第二次世界大戦でドイツ・イタリア・日本が結んだ軍事同盟国を何と言いますか？,連合国 中立国 同盟国 中枢国 交戦国 参戦国 連合軍 軍事同盟 武力同盟 国際連盟
枢密院,明治,天皇の最高諮問機関として憲法や重要政策を審議した機関は何ですか？,国会 内閣 裁判所 大審院 大日本帝国憲法 司法府 立法府 行政府 軍部 議会
須恵器,古墳,高温で焼かれた硬くて灰色の土器を何と言いますか？,土師器 縄文土器 弥生土器 白磁 青磁 磁器 染付け焼き物 鉄器 青銅器 陶器
スペイン,安土桃山〜江戸,日本にキリスト教や鉄砲を伝えた国の一つはどこですか？,ポルトガル オランダ イギリス フランス ロシア 中国 朝鮮 アメリカ オーストリア ドイツ
征夷大将軍,奈良〜江戸,朝廷から任命され、後に武家政権の最高職となった役職は何ですか？,太政大臣 藤原摂関 議政官 皇太子 執権 国司 国守 大納言 右大臣 公卿
征韓論,明治,朝鮮への武力派遣を主張し、西郷隆盛らが政府を去る原因となった論争は何ですか？,征台論 西南戦争 明治維新 甲午農民戦争 日朝交渉 甲申政変 日清戦争 漢城条約 事変 甲午改革
聖書,古代〜現代,キリスト教の教えが書かれている宗教的な書物は何ですか？,コーラン 仏典 タルムード 経典 典籍 福音書 聖典 ヴェーダ 仏教経典 トーラー
青銅器,弥生〜古代,日本では銅鐸や銅剣などに使われた金属器は何ですか？,鉄器 鉄鉱石 鉛器 金銀器 鉄製品 銅器 銅合器 鉄製青銅 鉄鋼 青鋼器
青踏,大正,平塚らいてううらが創刊した女性解放運動の雑誌は何ですか？,婦人之友 平凡社 女学生 女権論 女性週報 女性時報 女性問題 女性新聞 女流 女性運動誌
政党政治,大正,内閣の構成を国会の多数派政党が担う政治体制を何と言いますか？,官僚政治 軍部政治 一党独裁 民主政治 内閣制 議院内閣制 独裁政治 立憲政治 大統領制 議会制民主主義
政党内閣,大正,憲政の常道のもとで、政党が組織した内閣を何と言いますか？,軍部内閣 臨時内閣 官僚内閣 軍人内閣 民主内閣 連立内閣 影の内閣 非公式内閣 過渡内閣 技術内閣
西南戦争,明治,西郷隆盛が政府に対して起こした士族反乱は何ですか？,佐賀の乱 神風連の乱 秋月の乱 反乱 乱 叛乱 反政府運動 武士反乱 内乱 士族の乱
政府開発援助(ODA),現代,日本が発展途上国に対して行っている経済支援を何と言いますか？,民間開発援助 国際開発援助 経済支援 技術協力 国際援助 国際支援 外交援助 国際協力 財政援助 政府援助資金
世界恐慌,昭和,アメリカの株価暴落から始まり、世界中に広がった経済危機を何と言いますか？,大恐慌 バブル崩壊 リーマンショック 金融危機 経済危機 経済崩壊 株価暴落 景気後退 不況 失業率増加
世界宗教,古代〜中世,国や地域を超えて広まった宗教で、仏教・キリスト教・イスラム教などを何と言いますか？,民族宗教 土着宗教 古代宗教 民族信仰 多神教 一神教 新興宗教 宗教改革 新宗教 普遍宗教
関ヶ原の戦い,安土桃山,1600年に徳川家康が石田三成を破り、全国統一を果たした戦いは何ですか？,長篠の戦い 本能寺の変 大坂の陣 賤ヶ岳の戦い 山崎の戦い 小牧・長久手の戦い 本能寺合戦 伏見城の戦い 鳥居強右衛門の戦い 桶狭間の戦い
関所,飛鳥〜江戸,街道に設けられ、通行人や物資を検問した施設は何ですか？,駅 駅馬車 街道 検問所 交通検査所 役所 監視所 境界所 関門 出入り口
石油危機(オイル・ショック),昭和,1973年と1979年に中東情勢の悪化により起こった、原油価格の急騰による経済混乱を何と言いますか？,バブル崩壊 リーマンショック 世界恐慌 アジア通貨危機 サブプライムローン危機 ブラックマンデー オイル戦争 石油カルテル ユーロ危機 オイルクライシス
摂関政治,平安,藤原氏が天皇に代わって実権を握った政治体制を何と言いますか？,幕府政治 院政 政党政治 中央集権政治 地方分権政治 武家政治 封建政治 専制政治 独裁政治 天皇制
摂政,古代〜近世,天皇が幼少のときや女性天皇のときに政務を代行した職を何と言いますか？,関白 将軍 大臣 中務大臣 左大臣 右大臣 太政大臣 蔵人頭 摂政代行 院司
絶対王政,近世,国王が強い権力を持ち、国を支配した政治体制を何と言いますか？,専制政治 君主制 共和制 民主主義 立憲君主制 独裁政治 君主独裁 専制君主制 絶対君主制 君権神授説
尖閣諸島,現代,沖縄県に属し、日中間で領有権をめぐる問題がある諸島はどこですか？,南鳥島 小笠原諸島 北方領土 竹島 馬毛島 沖縄諸島 渡嘉敷島 久米島 慶良間諸島 与那国島
宣教師,安土桃山〜江戸,キリスト教の布教のために日本に来た人物たちを何と言いますか？,修道士 司祭 神父 修道女 信徒 宣教者 宣教師団 伝道師 宣教師候補 布教者
戦国時代,戦国,応仁の乱後から安土桃山時代までの戦乱の時代を何と言いますか？,室町時代 安土桃山時代 江戸時代 南北朝時代 戦乱時代 武家時代 平安時代 幕末 明治時代 鎌倉時代
全国水平社,大正,部落差別に対抗するために結成された日本初の人権団体は何ですか？,同和会 人権連合 反差別運動 自由人権運動 労働組合 民族解放運動 市民運動 人権擁護団体 社会運動団体 解放同盟
戦国大名,戦国,各地で独立して領地を支配し、勢力を競った領主を何と言いますか？,守護大名 武家大名 藩主 大名 家臣 将軍 親藩 外様大名 御家人 国人
戦車,昭和〜現代,第一次世界大戦で登場し、戦場で主力となった装甲戦闘車両を何と言いますか？,装甲車 自走砲 駆逐戦車 歩兵戦闘車 装甲戦闘車 車両 軍用車両 軍用トラック 戦闘車両 装甲兵員輸送車
禅宗,鎌倉,座禅による悟りを重視し、武士にも広まった仏教の宗派は何ですか？,浄土宗 真言宗 天台宗 法華宗 日蓮宗 浄土真宗 臨済宗 黄檗宗 浄土教 曹洞宗
全体主義,現代,国家の利益を最優先し、個人の自由を抑える政治体制を何と言いますか？,民主主義 独裁政治 君主制 共和制 立憲君主制 社会主義 共産主義 ファシズム 権威主義 専制政治
千歯こき,江戸,稲の脱穀作業を効率化した農具を何と言いますか？,唐箕 風車 籾摺り機 脱穀機 手作業 鎌 鋤 鍬 農具 かまど
前方後円墳,古墳,前が四角で後ろが丸い形の古墳を何と言いますか？,円墳 方墳 方形墳 墳丘墓 古墳 古墳時代 古墳墓 竪穴式石室 横穴式石室 古墳群
賤民,古代〜近世,身分制度の中で最下層とされた人々を総称して何と言いますか？,部民 えた 非人 ひにん 被差別民 隷属民 かぶき者 無産階級 流民 乞食
川柳,江戸,滑稽や風刺を題材とした五七五の形式の短詩を何と言いますか？,俳句 和歌 詩文 短歌 狂歌 詠歌 川柳句 俳諧 短詩 和歌川
租,奈良,律令制下で農民が収穫した稲の一定量を納める税を何と言いますか？,庸 調 年貢 兵役 税金 諸税 蔵入地 公地 公民 徴税
宋,中世,960年に中国を統一し、商業や文化が栄えた王朝は何ですか？,金 元 明 漢 唐 遼 西夏 北宋 南宋 清
惣,室町,農民たちが自衛や自治のために作った村の自治組織を何と言いますか？,村内会 組合 村落 寄合 自治組合 村会 町内会 自治会 村民組合 惣村
宗氏,中世〜近世,対馬を支配し、朝鮮との貿易を行った戦国大名の氏族は何ですか？,尼子氏 毛利氏 大友氏 島津氏 浅野氏 織田氏 徳川氏 豊臣氏 斎藤氏 安東氏
創氏改名,昭和,日本の統治下で朝鮮人に日本式の姓名を名乗らせた政策は何ですか？,同化政策 分断政策 強制連行 与氏改名 日本化政策 国策 名字強制 姓名統一 氏名統一政策 姓名変更令
宋銭,平安〜鎌倉,日宋貿易で輸入され、国内で流通した中国の銅銭は何ですか？,和同開珎 開元通宝 寛永通宝 天保通宝 元宝 宝永通宝 元宝銭 明銭 唐銭 貞永銭
曹洞宗,鎌倉,道元が開いた、只管打坐（ただひたすら座禅）を重んじる禅宗の一派は何ですか？,臨済宗 黄檗宗 真言宗 浄土宗 日蓮宗 浄土真宗 天台宗 法華宗 禅宗 曹教
雑徭,奈良,農民に課された労役のうち、臨時で命じられるものを何と言いますか？,庸 租 調 年貢 公役 労役 兵役 徴発 臨時労役 臨時労務
惣領,鎌倉〜室町,武士の家で一族の代表となる嫡男を何と言いますか？,家督 嫡男 分家 分領 従弟 親族 本家 分家筋 長男 親長
総力戦,近代〜現代,国のすべての人や物資を戦争に動員する戦い方を何と言いますか？,持久戦 電撃戦 游撃戦 速攻戦 兵站戦 陣地戦 総合線 機動戦 戦略戦 戦術戦
蘇我氏,飛鳥,仏教の受容に積極的で、天皇に強い影響力をもった豪族は何ですか？,藤原氏 平氏 源氏 中臣氏 物部氏 葛城氏 菅原氏 応神氏 平城氏 大伴氏
ソビエト社会主義共和国連邦(ソ連),近代〜現代,1917年の革命で成立し、冷戦時代にアメリカと対立した国家はどこですか？,ロシア帝国 ロシア共和国 モンゴル人民共和国 中華人民共和国 チェコスロバキア ハンガリー人民共和国 ソ連 ユーゴスラビア人民共和国 ブルガリア人民共和国 東ドイツ
尊王攘夷運動,幕末,天皇を尊び、外国を排除しようとした思想運動は何ですか？,公武合体 尊皇思想 開国論 尊王思想 徳川幕府 倒幕運動 明治維新 幕末維新 幕末革命 尊王論
第一次世界大戦,大正,1914年から1918年まで続いた、ヨーロッパを中心に世界が巻き込まれた戦争は何ですか？,第二次世界大戦 日露戦争 太平洋戦争 日中戦争 甲午農民戦争 韓国併合 朝鮮戦争 ベトナム戦争 独ソ戦 ボスニア事件
太陰暦,飛鳥〜明治,月の満ち欠けを基準とした暦を何と言いますか？,太陽暦 太陰太陽暦 グレゴリオ暦 ユリウス暦 旧暦 新暦 カレンダー ローマ暦 日食歴 月齢歴
大化の改新,飛鳥,645年に中大兄皇子らが蘇我氏を倒し、政治改革を行ったできごとは何ですか？,壬申の乱 白村江の戦い 承久の乱 保元の乱 承久の変 壇ノ浦の戦い 大宝律令 延暦寺建立 乙巳の変 平城遷都
大韓帝国,近代,朝鮮王朝が1897年に国号を改めて成立した国家は何ですか？,大韓民国 朝鮮民主主義人民共和国 朝鮮王朝 李氏朝鮮 朝鮮戦争 韓国政府 韓帝国 韓帝国連邦 大韓連合 韓国帝国
大韓民国,現代,第二次世界大戦後に朝鮮半島の南側に成立した国はどこですか？,朝鮮民主主義人民共和国 大韓帝国 朝鮮王朝 李氏朝鮮 韓国 韓帝国連邦 大韓連合 朝鮮帝国 朝鮮王国 高麗王朝
大逆事件,明治,1910年に天皇の暗殺を計画したとして社会主義者らが逮捕された事件は何ですか？,義和団事件 西南戦争 日露戦争 日清戦争 明治維新 大日本帝国 社会主義運動 労働運動 革命運動 大正デモクラシー
大航海時代,中世,ヨーロッパ諸国がアジア・アメリカへの航路を求めて航海を行った時代を何と言いますか？,ルネサンス 宗教改革 産業革命 啓蒙時代 大陸横断時代 植民地時代 大西洋航路 アジア進出 新航路開拓 西洋侵略
太間検地,安土桃山,豊臣秀吉が全国の土地と収穫量を把握するために実施した検地は何ですか？,地租改正 徴税制度 石高制 幕藩制 土地調査 農地改革 墨俣検地 明治政府 土地台帳 公地公民制
第五福竜丸,昭和,1954年、ビキニ環礁の水爆実験で被ばくした日本のマグロ漁船は何ですか？,第一福竜丸 第二福竜丸 千島丸 第四福龍丸 第四青函丸 第五海王丸 第五福龍丸 第三宝龍丸 第三福竜丸 九頭竜丸
太政官,奈良〜明治,律令制度のもとで国家の政務を司った最高機関は何ですか？,太政大臣 摂政 関白 左大臣 右大臣 評定所 政務庁 参議 太政官庁 官吏
太政大臣,奈良〜明治,太政官の長官で、国政の最高責任者とされた役職は何ですか？,摂政 関白 大納言 中納言 左大臣 右大臣 蔵人頭 大臣 太政官 官吏
大正デモクラシー,大正,普通選挙運動や政党政治の発展など、民主主義的な動きが高まった風潮を何と言いますか？,明治維新 昭和恐慌 バブル経済 昭和デモクラシー 大正ロマン 普通選挙運動 政党政治 労働運動 社会運動 改革運動
大政奉還,幕末,1867年に徳川慶喜が政権を朝廷に返上した出来事は何ですか？,王政復古 版籍奉還 尊王攘夷 明治維新 徳川慶喜 大政復古 戊辰戦争 鎖国 開国 藩政改革
大西洋憲章,昭和,アメリカとイギリスが戦後の国際秩序の原則を示した共同宣言は何ですか？,ポツダム宣言 ヤルタ会談 国際連合憲章 国際連盟 大東亜会議 国連憲章 太平洋戦争 冷戦 国際協力 安全保障
大政翼賛会,昭和,1940年に政党を解消して設立された戦時体制下の政治団体は何ですか？,政党内閣 民政党 自由党 立憲政友会 昭和政治 軍部政権 軍国主義 国民政府 国策 統制政治
大戦景気,大正,第一次世界大戦によって日本の経済が活性化した現象を何と言いますか？,好景気 不況 バブル景気 戦時景気 大正景気 戦後恐慌 昭和恐慌 物価高騰 景気拡大 景気後退
大仙古墳(仁徳陵古墳),古墳,日本最大の前方後円墳で、大阪府堺市にあるものは何ですか？,造山古墳 稲荷山古墳 箸墓古墳 前方後円墳 墳丘墓 岡山古墳 吉備古墳 石舞台古墳 佐紀古墳 大山古墳
大東亜会議,昭和,1943年、日本がアジア諸国の首脳を集めて開催した会議は何ですか？,ヤルタ会議 ポツダム会議 国連総会 国際連合会議 大東亜共栄圏 アジア会議 太平洋会議 日中会議 戦時会議 国際会議
大東亜共栄圏,昭和,日本がアジアの国々を支配するために掲げたスローガンは何ですか？,東アジア共栄圏 東南アジア条約機構（SEATO） アジア共栄圏 大東亜連盟 アジア新秩序 東亜新秩序 太平洋戦争連合 日華協力会議 日亜連合 東洋共栄圏
大東亜共同宣言,昭和,大東亜会議で採択された、日本の対アジア支配を正当化する宣言は何ですか？,東亜新秩序宣言 太平洋戦争宣言 アジア新秩序宣言 大東亜新秩序宣言 日華声明 日本アジア宣言 日中共同宣言 アジア共同宣言 アジア太平洋宣言 大東亜宣言
第二次世界大戦,昭和,1939年に始まり、世界を巻き込んだ史上最大の戦争は何ですか？,第一次世界大戦 太平洋戦争 朝鮮戦争 ベトナム戦争 冷戦 大東亜戦争 独ソ戦 第三次世界大戦 日中戦争 日露戦争
大日本史,江戸,水戸藩が編さんし、日本の正統な歴史をまとめた歴史書は何ですか？,史記 日本書紀 古事記 徳川実紀 水戸学 徳川史 水戸藩史 日本歴史書 日本古典史書 日本通史
大日本帝国憲法,明治,1889年に発布された、日本最初の近代的な憲法は何ですか？,日本国憲法 明治憲法 大正憲法 大日本国憲法 日本憲法 帝国憲法 近代憲法 大日本帝国法典 明治法典 日本憲法草案
大仏,奈良,東大寺に建立され、人々の平和と国家の安泰を祈願して作られた、大きな像は何ですか？,釈迦像 立像 不動明王 観音像 菩薩像 石像 木像 金銅像 如意輪像 地蔵菩薩
太平天国の乱,江戸,19世紀半ばに清で起きた、洪秀全による大規模な反乱は何ですか？,辛亥革命 太平洋戦争 義和団事件 洪秀全の乱 太平天国革命 太平天国蜂起 太平天国戦争 清朝反乱 南京の乱 アヘン戦争
太平洋戦争(大東亜戦争),昭和,1941年に日本がアメリカ・イギリスなどと戦争状態に入った戦争は何ですか？,日中戦争 日露戦争 第二次世界大戦 日ソ戦 大日本帝国戦争 連合国戦争 日米戦争 第三次世界大戦 第一次世界大戦 湾岸戦争
大宝律令,飛鳥,701年に制定された、日本で初めての本格的な律令を何と言いますか？,憲法十七条 律令法 承和令 延喜式 日本律令 奈良律令 飛鳥律令 律令制 十七条憲法 律令制度
大名,戦国〜江戸,領地を持ち、将軍に仕えた有力な武士を何と言いますか？,武士 将軍 旗本 御家人 藩主 大名家 大名領主 家臣 侍 藩士
太陽暦,明治,日本が1873年に採用した、地球の公転を基準とする暦を何と言いますか？,太陰暦 グレゴリオ暦 太陰太陽暦 旧暦 新暦 カレンダー ローマ暦 太陽暦採用 近代暦 明治暦
台湾,明治,日本が日清戦争後に領有したアジアの島はどこですか？,澎湖島 沖縄 朝鮮半島 小笠原諸島 南洋群島 八重山諸島 琉球諸島 東シナ海諸島 南西諸島 パラオ
台湾総督府,明治〜昭和,日本の台湾統治のために置かれた行政機関は何ですか？,朝鮮総督府 沖縄県庁 内務省 文部省 総督府庁 軍政庁 統治庁 行政庁 台湾庁 政府庁
高床倉庫(建物),弥生,穀物を湿気や害虫から守るために建てられた倉庫の構造は何ですか？,高床式倉庫 平屋建て 土塁倉庫 地下倉庫 土蔵 倉庫 貯蔵庫 石室 木造倉庫 貯蔵施設
大宰府,飛鳥〜奈良,九州地方の政治・外交・防衛の拠点として置かれた役所は何ですか？,国府 摂津府 近江府 難波津 太宰 府庁 九州府 防衛府 行政府 役所
多神教,古代〜現代,日本の神道のように多くの神々を信仰する宗教を何と言いますか？,一神教 仏教 キリスト教 イスラム教 新興宗教 原始宗教 民族宗教 精霊信仰 宗教多様性 アニミズム
打製石器,先史,石を打ち欠いて作られた、最も古い石器は何ですか？,磨製石器 骨器 青銅器 鉄器 石器時代 土器 石斧 石槍 石刀 石片
竪穴住居,縄文〜弥生,地面を掘り下げて作られた当時の代表的な住居の形を何と言いますか？,高床式住居 平屋建て 集落住居 石室 丸太小屋 仮小屋 木造家屋 土間住居 屋根裏住居 座敷
田沼時代,江戸,田沼意次が重商主義政策を行っていた時代を一般に何と呼びますか？,寛政の改革 享保の改革 天明の飢饉 天保の改革 天明の改革 田沼政治 享保政治 江戸時代改革 改革期 商業時代
種子島,戦国,1543年に鉄砲が伝わった、日本の島はどこですか？,屋久島 琉球島 沖縄島 佐渡島 本州 四国 九州 北海道 淡路島 五島列島
樽廻船,江戸,日本酒などを運んだ大型の輸送船を何と言いますか？,千石船 北前船 廻船船 外輪船 大型船 貨物船 商船 船舶 輸送船 船
壇ノ浦の戦い,平安,源氏と平氏の最後の戦いで、平氏が滅んだ海戦は何ですか？,壬申の乱 承久の乱 壇上の戦い 応仁の乱 保元の乱 承久の変 壇ノ浦合戦 平家滅亡の戦い 海戦 最終決戦
治安維持法,昭和,1925年に制定され、共産主義や社会主義の運動を取り締まった法律は何ですか？,刑法 民法 憲法 労働基準法 労働法 特殊刑法 治安条例 共産党取締法 社会主義取締法 警察法
治外法権,明治,外国人が日本の法律の適用を受けず、自己の国の法律に守られる権利を何と言いますか？,領事裁判権 領事裁判 特権外交 関税自主権 領事裁判所 外国人特権 領事特権 外国特権 領事裁判権限 領事特権制度
地球温暖化,現代,化石燃料の大量消費などにより地球の気温が上昇する現象を何と言いますか？,オゾン層破壊 酸性雨 森林破壊 大気汚染 地球寒冷化 気候変動 温暖化対策 環境破壊 温暖化現象 温室効果
地球温暖化防止京都会議,現代,1997年に温室効果ガスの削減目標を決めた国際会議は何ですか？,気候変動枠組条約 コペンハーゲン会議 パリ協定 モントリオール議定書 国連気候変動会議 地球サミット 気候サミット 地球環境会議 環境サミット 環境保護国際会議
地券,明治,土地の所有権を証明するために発行された証書は何ですか？,地租証 明治証 土地証 所有権証明書 土地権利証 明治土地証 書類 登記証 土地登記証 所有証書
千島列島,現代,日本とロシアが領有権を争っている北方の島々を何と言いますか？,南鳥島 小笠原諸島 北海道 択捉島 歯舞群島 色丹島 国後島 北方領土 北方四島 千島諸島
地租改正,明治,1873年に実施され、土地の所有者に地価に応じて税金を課す制度は何ですか？,地券制度 地方税制度 土地課税制度 租税改革 税制改革 明治税制 土地税 制度改革 税務制度 財政改革
秩父事件,明治,1884年に起きた農民による大規模な自由民権運動の一つの武装蜂起は何ですか？,西南戦争 自由民権運動 農民一揆 明治維新 農民蜂起 武装蜂起 反乱 改革運動 社会運動 民権運動
地方自治法,現代,日本で地方公共団体の自治を保障する法律は何ですか？,地方分権法 行政改革法 国地方関係法 地方自治基本法 自治基本法 行政法 法律地方 自治条例 自治法 制度法
茶の湯,室町〜安土桃山,日本で発展した、茶を点てて楽しむ文化を何と言いますか？,茶道 華道 書道 香道 花道 華芸 茶芸 茶文化 茶会 茶事
中央集権国家,飛鳥,大化の改新の後に天皇中心の政治を目指して整えられた体制を何と言いますか？,国家権力 封建制 地方分権 中央集権化 集権体制 中央政府 政府一元化 政権集中 行政統一 中央統制
中央集権国家,中世〜現代,政治権力を中央政府が一元的に掌握する体制を何と言いますか？,連邦制 分権制 地方自治 中央統治 政府一元化 政権集中 中央集権化 国家統制 統一政府 政策統合
中華人民共和国,現代,1949年に成立し、中国大陸を支配している国家は何ですか？,中華民国 大韓民国 朝鮮民主主義人民共和国 台湾 香港 モンゴル 中華民主共和国 新疆 中国人民共和国 満州国
中華民国,近代,1912年に成立し、台湾や一部地域を除き中華人民共和国と対立する国家は何ですか？,中華人民共和国 大韓民国 朝鮮民主主義人民共和国 台湾 香港 香港特別行政区 台湾省 中国国民政府 大陸委員会 金門島
中国共産党,現代,1921年に結成され、1949年に中国の政権を掌握した政党は何ですか？,中国国民党 孫文 蒋介石 民主党 自由党 社会党 共産主義政党 中華党 中国民主党 中国党
中国国民党,現代,孫文が中心となり、蒋介石が率いた中華民国の主要政党は何ですか？,中国共産党 民主党 自由党 国民政府 国民党 蒋介石政党 中華民国党 孫文党 蒋介石党 国民党政府
中国文明,古代,黄河流域を中心に発展した東アジア最古の文明は何ですか？,黄河文明 長江文明 メソポタミア文明 インダス文明 エジプト文明 バビロニア文明 アッシリア文明 インダス文化 黄河流域文明 黄河文化
中東戦争,現代,イスラエルとアラブ諸国の間で繰り返された軍事衝突を総称して何と言いますか？,第一次中東戦争 第二次中東戦争 第三次中東戦争 ヨム・キプール戦争 六日戦争 レバノン内戦 ガザ紛争 シリア内戦 パレスチナ紛争 レバノン戦争
忠臣蔵,江戸,赤穂事件をもとにした義士たちの討ち入りを描いた物語や演劇を何と言いますか？,義士伝 義経記 平家物語 太平記 浄瑠璃 歌舞伎 能 狂言 文楽 仮名手本忠臣蔵
調,飛鳥〜奈良,日本の律令制度で、地方から朝廷に納められた租税の一つは何ですか？,租 調庸 貢物 年貢 公役 兵役 労役 雑徭 徴発 財政税
長安,古代,唐の都として栄えた中国の都市はどこですか？,洛陽 北京 西安 南京 成都 咸陽 開封 扬州 上海 香港
朝貢,古代〜中世,周辺国が中国の皇帝に貢ぎ物をして朝廷の宗主権を認める制度を何と言いますか？,冊封 進貢 貢納 貢物 朝廷への献上 服属 戒律 盟約 使節交換 貢献
長州藩,幕末,幕末の尊王攘夷運動や明治維新の中心となった藩はどこですか？,薩摩藩 土佐藩 会津藩 米沢藩 岩国藩 福岡藩 仙台藩 弘前藩 秋田藩 水戸藩
朝鮮,古代〜近代,日本や中国と地理的・文化的に関わりが深く、儒教や漢字文化が早く伝わった東アジアの地域はどこですか？,満州 琉球 台湾 モンゴル 樺太 サハリン 内蒙古 マレーシア インド タイ
朝鮮国(李氏朝鮮),近世〜現代,1392年に成立し、1910年まで続いた朝鮮王朝を何と言いますか？,高麗 朝鮮王朝 渤海 新羅 百済 玄菟郡 任那 日本国 安東都護府 楽浪郡
朝鮮出兵,安土桃山,豊臣秀吉が1592年と1597年に行った朝鮮への軍事遠征は何ですか？,朝鮮王国戦争 壬辰倭乱 慶長の役 文禄の役 韓国出兵 壬辰戦争 倭乱 日明戦争 倭寇討伐 中国出兵
朝鮮戦争,現代,1950年に始まり、南北に分断された朝鮮半島で行われた戦争は何ですか？,ベトナム戦争 日中戦争 太平洋戦争 朝鮮内戦 南北戦争 朝鮮内乱 北朝鮮侵攻 米韓戦争 朝鮮半島紛争 朝鮮王国戦争
朝鮮総督府,明治〜昭和,日本の朝鮮統治の最高行政機関は何ですか？,台湾総督府 沖縄県庁 文部省 法務省 朝鮮庁 日本政府 韓国政府 内務省 韓国総督府 満州総督府
朝鮮通信使,江戸,朝鮮から江戸幕府に派遣され、日朝友好を図った使節団は何ですか？,琉球通信使 蝦夷使節 因幡使節 朝鮮使節 日本使節 幕府使節 対馬使節 日朝使節 外交使節 韓国通信使
朝鮮特需,昭和,朝鮮戦争を契機に日本の経済が活性化した現象を何と言いますか？,韓国景気 戦後復興期 高度経済成長期 日本経済復興 朝鮮景気 戦後景気 戦争景気 景気回復 産業復興 韓国特需
朝鮮民主主義人民共和国(北朝鮮),現代,朝鮮半島北部に存在する国家は何ですか？,大韓民国 中華人民共和国 朝鮮民主主義国 朝鮮人民主義共和国 朝鮮民主主義人民国 韓国民主主義人民国 日本 韓国 中国 北韓国
朝廷,古代〜中世,日本の天皇を中心とした政治の中心機関を何と言いますか？,幕府 政所 大政官 摂関家 内裏 院政 律令制度 公家 官僚機構 朝議
町人,江戸,商工業に従事し、都市で生活した庶民を何と言いますか？,武士 農民 商人 職人 大名 旗本 百姓 浪人 地主 僧侶
徴兵制度,明治,国民に兵役義務を課した制度を何と言いますか？,徴税制度 納税制度 軍隊制度 志願兵制 兵農分離 兵役逃れ 徴用制度 兵役免除 防衛制度 兵力集結
徴兵令,明治,1873年に出された、20歳以上の男子に兵役義務を課した法令は何ですか？,民法 戸籍法 教育令 租税法 軍法 警察法 衛生法 司法令 外交令 刑法
対馬藩,江戸,朝鮮との外交や貿易を担当した九州の藩はどこですか？,薩摩藩 長州藩 肥前藩 土佐藩 備前藩 尾張藩 加賀藩 福岡藩 彦根藩 越後藩
土一揆,室町,室町時代に農民が年貢の軽減や借金の帳消しを求めて起こした武力行動を何と言いますか？,百姓一揆 打ちこわし 反乱 暴動 浪人蜂起 門徒一揆 農民蜂起 国一揆 踏み倒し 一向一揆
徒然草,鎌倉,兼好法師が書いた随筆で、枕草子と並ぶ日本三大随筆の一つは何ですか？,方丈記 源氏物語 平家物語 奥の細道 枕草子 更級日記 徒然記 竹取物語 源氏絵巻 古今和歌集
定期市,中世,日本各地で月に数回開かれた決まった日に物を売買する市場を何と言いますか？,楽市 座市 常設市 公設市 闇市 物産展 移動市 物々交換 市役所 問屋
帝国議会,明治,大日本帝国憲法下で開かれた、衆議院と貴族院から成る立法機関を何と言いますか？,国会 参議院 衆議院 貴族院 内閣 太政官 裁判所 行政庁 地方議会 元老院
帝国主義,近代,列強諸国が軍事力や経済力で植民地を獲得しようとした思想や政策は何ですか？,植民地主義 資本主義 民族主義 社会主義 自由主義 帝政主義 覇権主義 国家主義 封建主義 官僚主義
適塾,江戸,緒方洪庵が大阪に開いた蘭学の私塾を何と言いますか？,芝蘭堂 鳩居堂 良順塾 開成所 蘭学塾 弘道館 昌平坂学問所 明倫館 造士館 咸宜園
出島,江戸,日本が鎖国中にオランダとの貿易のために長崎に設けた人工の島は何ですか？,長崎港 横浜港 神戸港 清水港 函館港 広島港 大坂港 江戸湾 堺港 佐世保港
鉄器,弥生,農耕や戦いの道具として使われ始めた金属製の道具は何ですか？,青銅器 石器 銅器 鉄鉱石 鉄鋼 鉄粉 鉄釘 鋳鉄 鍛鉄 鉄鉢
鉄砲,戦国,1543年に種子島に伝わり、日本の戦いの様式を大きく変えた武器は何ですか？,弓矢 槍 刀 弩 火縄銃 大砲 弾丸 弓 剣 銃
寺子屋,江戸,庶民の子どもに読み書きそろばんを教えた教育施設は何ですか？,藩校 私塾 学問所 塾 学校 寺院 講堂 道場 漢学塾 洋学塾
天安門事件,現代,1989年に中国の北京で起きた民主化要求運動の武力弾圧事件は何ですか？,六四事件 文化大革命 天安門広場事件 反革命事件 天安門抗議 天安門デモ 民主化運動 戒厳令 人民解放軍 民主化抗議
天下の台所,江戸,大阪が商業と物流の中心として呼ばれた別名は何ですか？,大坂城 京都 江戸 日本橋 神戸 長崎 奈良 堺 伏見 名古屋
田楽,中世,田植えの際に行われた芸能で、のちに芸能として発展したものは何ですか？,能 狂言 歌舞伎 浄瑠璃 雅楽 説経節 神楽 謡曲 琉球舞踊 文楽
天正遺欧少年使節,安土桃山,キリスト教を布教した宣教師により、ヨーロッパに派遣された日本の少年使節を何と言いますか？,天正遣欧使節 南蛮使節 遣欧少年団 遣欧使節団 少年伝道使節 天正少年使節 キリシタン使節 ヨーロッパ使節 布教少年使節 伝道使節
天台宗,平安,最澄によって比叡山に開かれた仏教宗派は何ですか？,真言宗 浄土宗 浄土真宗 禅宗 曹洞宗 日蓮宗 臨済宗 律宗 華厳宗 法相宗
天皇,古代〜現代,日本の象徴であり、歴代の国家元首でもあった人物を何と言いますか？,将軍 執政 摂政 関白 大名 皇子 征夷大将軍 院政者 摂関家 公家
天皇機関説,大正,天皇は国家の最高機関であるとする、美濃部達吉が提唱した学説は何ですか？,国体論 国家主義 憲法学説 君主権説 王権神授説 象徴天皇制 明治憲法論 法治主義 立憲主義 議会主義
天平文化,奈良,聖武天皇の時代に栄えた、唐の影響を受けた国際的な文化を何と言いますか？,飛鳥文化 鎌倉文化 室町文化 安土桃山文化 江戸文化 平安文化 桃山文化 奈良文化 飛鳥時代文化 鎌倉時代文化
天保の改革,江戸,水野忠邦が行った幕府の改革は何ですか？,寛政の改革 享保の改革 安政の改革 文政の改革 弘化の改革 明治維新 慶応改革 嘉永の改革 天明の改革 宝暦の改革
天保のききん,江戸,1830年代に起こった、冷害と飢饉による大災害を何と言いますか？,天明のききん 享保のききん 安政の飢饉 寛政の飢饉 宝暦の飢饉 応仁の乱 享保の改革 天明の改革 嘉永の改革 文久の改革
天明のききん,江戸,1780年代に浅間山の噴火や冷害で起きた大規模な飢饉を何と言いますか？,天保のききん 享保のききん 安政の飢饉 寛政の飢饉 宝暦の飢饉 応仁の乱 享保の改革 天明の改革 嘉永の改革 天保の改革
天皇,古代〜現代,日本の象徴であり、歴代の国家元首でもあった人物を何と言いますか？,将軍 執政 摂政 関白 大名 皇子 征夷大将軍 院政者 摂関家 公家
天皇機関説,大正,天皇は国家の最高機関であるとする、美濃部達吉が提唱した学説は何ですか？,国体論 国家主義 憲法学説 君主権説 王権神授説 象徴天皇制 明治憲法論 法治主義 立憲主義 議会主義
天平文化,奈良,聖武天皇の時代に栄えた、唐の影響を受けた国際的な文化を何と言いますか？,飛鳥文化 鎌倉文化 室町文化 安土桃山文化 江戸文化 平安文化 桃山文化 奈良文化 飛鳥時代文化 鎌倉時代文化
天保の改革,江戸,水野忠邦が行った幕府の改革は何ですか？,寛政の改革 享保の改革 安政の改革 文政の改革 弘化の改革 明治維新 慶応改革 嘉永の改革 天明の改革 宝暦の改革
天保のききん,江戸,1830年代に起こった、冷害と飢饉による大災害を何と言いますか？,天明のききん 享保のききん 安政の飢饉 寛政の飢饉 宝暦の飢饉 応仁の乱 享保の改革 天明の改革 嘉永の改革 文久の改革
天明のききん,江戸,1780年代に浅間山の噴火や冷害で起きた大規模な飢饉を何と言いますか？,天保のききん 享保のききん 安政の飢饉 寛政の飢饉 宝暦の飢饉 応仁の乱 享保の改革 天明の改革 嘉永の改革 天保の改革
ドイツ,近代〜現代,第一次・第二次世界大戦で中心的な役割を果たしたヨーロッパの国はどこですか？,フランス イギリス イタリア ロシア オーストリア スペイン ポーランド スウェーデン オランダ ベルギー
問,中世,日本の各地で商品の流通を仲介した商業施設や商人のことを何と言いますか？,座 問屋 楽市 座市 市場 港 町人 商人 蔵屋敷 流通業者
問屋,江戸,商品を仕入れて小売商人に卸す商人のことを何と言いますか？,小売商 仲買人 蔵元 行商人 商人 運送業者 製造業者 卸売商 座元 商会
問屋制家内工業,江戸〜明治,問屋が農民に原料を渡して生産させる仕組みの工業形態は何ですか？,工場制手工業 自営農業 封建制 農業共同体 工場制機械工業 徒弟制度 分業制 職人制度 家内制手工業 地代制
唐,中世,律令制を整備し、日本や東アジア諸国に大きな影響を与えた中国の王朝は何ですか？,宋 元 明 清 漢 晋 隋 魏 秦 楚
東海道中膝栗毛,江戸,十返舎一九が書いた滑稽本で、弥次郎兵衛と喜多八の旅を描いた作品は何ですか？,南総里見八犬伝 浮世風呂 好色一代男 御伽草子 東海道五十三次 雨月物語 今昔物語 徒然草 源氏物語 竹取物語
東学党の乱,近代,朝鮮で宗教団体・東学の信者が起こした農民反乱は何ですか？,甲午農民戦争 辛未農民戦争 東学革命 朝鮮農民蜂起 農民反乱 東学蜂起 朝鮮騒擾 農民抗争 甲午戦争 日本介入
銅鏡,弥生,中国から伝わり、祭祀や権力の象徴として使用された金属製の鏡は何ですか？,銅鐸 銅剣 鉄鏡 金鏡 銀鏡 銅鉾 銅矛 水銀鏡 石鏡 鋼鏡
東京オリンピック,昭和,1964年に日本で初めて開催された国際スポーツ大会は何ですか？,札幌オリンピック 長野オリンピック リオデジャネイロオリンピック 北京オリンピック ロサンゼルスオリンピック メキシコシティオリンピック バルセロナオリンピック モスクワオリンピック アテネオリンピック ロンドンオリンピック
東京大空襲,昭和,1945年3月、アメリカ軍によって行われた日本の首都への大規模空襲を何と言いますか？,大阪大空襲 名古屋空襲 広島空襲 長崎空襲 横浜空襲 神戸空襲 福岡空襲 仙台空襲 千葉空襲 横須賀空襲
銅剣,弥生,主に祭祀用として使われた、青銅製の武器は何ですか？,銅鏃 銅鏡 銅鐸 銅矛 鉄剣 青銅剣 鉄鏃 鉄鏡 石剣 銅鉾
東西ドイツ統一,現代,冷戦終結後の1990年に実現した、分断されていたドイツの統一を何と言いますか？,ドイツ再統一 ドイツ連邦結成 ドイツ合併 ドイツ統一条約 ドイツ連邦共和国成立 ドイツ民主共和国解体 ベルリンの壁崩壊 冷戦終結 ヨーロッパ統合 欧州連合
唐招提寺,奈良,唐から来た鑑真が創建した奈良の寺院は何ですか？,薬師寺 興福寺 法隆寺 東大寺 平等院 清水寺 延暦寺 建仁寺 円覚寺 南禅寺
東大寺,奈良,聖武天皇の命で建立された、大仏で有名な寺院は何ですか？,興福寺 薬師寺 法隆寺 唐招提寺 清水寺 延暦寺 建仁寺 円覚寺 南禅寺 仁和寺
銅鐸,弥生,農耕儀礼に使われたとされる、釣鐘型の青銅器は何ですか？,銅鏡 銅剣 銅矛 鉄鏃 鉄剣 青銅鐸 鉄鏡 石鐸 銅鉾 銅鐸型
銅矛,弥生,九州北部を中心に分布し、祭祀に使われたとされる青銅器の武器は何ですか？,銅剣 銅鏃 銅鏡 鉄矛 鉄剣 青銅矛 鉄鏃 石矛 銅鉾 銅槍
棟梁,中世〜近世,武士団の統率者や親分を意味する言葉は何ですか？,棟主 頭領 大将 将軍 殿様 君主 家老 親分 家臣 棟守
土器,縄文〜弥生,粘土を焼いて作った、食物の煮炊きや保存に使われた容器は何ですか？,陶器 磁器 陶磁器 焼き物 素焼き 土鍋 瓦器 釉薬 陶土 土瓶
徳川氏,江戸,江戸幕府を開き、約260年の平和を築いた武家は何ですか？,織田氏 豊臣氏 足利氏 北条氏 今川氏 武田氏 伊達氏 島津氏 毛利氏 浅井氏
徳政令,鎌倉〜室町,借金の帳消しを命じた法令を何と言いますか？,徳政一揆 借金帳消令 債務整理令 貸借解除令 免債令 借金無効令 借金返済猶予令 徳政法令 財政改革令 金銭救済令
独ソ不可侵条約,昭和,第二次世界大戦直前にドイツとソ連の間で結ばれた相互不侵略条約は何ですか？,日独伊三国同盟 英仏協商 日ソ中立条約 米英協定 仏ソ不可侵条約 日ソ不戦協定 英独協定 独伊協定 英ソ同盟 英米協定
独立宣言(アメリカ),近代,1776年にアメリカがイギリスからの独立を宣言した文書は何ですか？,バージニア権利章典 アメリカ合衆国憲法 マグナ・カルタ 人権宣言 ボストン茶会事件声明 連邦準備制度 アメリカ合衆国権利章典 フィラデルフィア協定 ペンシルベニア宣言 ボストン協定
土佐藩,江戸,坂本龍馬などを輩出し、倒幕運動で活躍した四国の藩は何ですか？,薩摩藩 長州藩 肥前藩 会津藩 備前藩 美濃藩 伊予藩 土浦藩 越後藩 加賀藩
外様大名,江戸,関ヶ原の戦い以後に徳川氏に従った大名を何と呼びますか？,譜代大名 親藩 旗本 御家人 武士 浪人 公家 天皇 庄屋 豪族
土倉,中世,中世に物資の保管や金融業務を担った倉庫業者は何ですか？,酒屋 材木商 米問屋 両替商 商人 農民 職人 庄屋 鍛冶屋 船頭
特攻,昭和,第二次世界大戦末期、日本軍が行った体当たり攻撃を何と言いますか？,玉砕 突撃 斬り込み 掃討作戦 包囲攻撃 上陸作戦 防御戦 反撃 撤退戦 強襲
鳥羽・伏見の戦い,明治,戊辰戦争の始まりとなった1868年の戦いを何と言いますか？,箱館戦争 神戸事件 長州征討 薩英戦争 西南戦争 神風連の乱 戊辰の役 鳥羽戦争 伏見の乱 大坂の陣
富岡製糸場,明治,日本の近代化を象徴する官営模範工場として群馬県に建設された製糸工場は何ですか？,横浜製糸工場 新潟製糸工場 東京紡績工場 大阪紡績工場 名古屋製糸工場 京都製糸工場 静岡製糸工場 北海道製糸工場 青森製糸工場 福岡製糸工場
豊臣氏,安土桃山,織田信長の後を継ぎ、日本統一を達成した武将の氏は何ですか？,徳川氏 足利氏 北条氏 今川氏 武田氏 毛利氏 島津氏 織田氏 浅井氏 上杉氏
渡来人(帰化人),古墳,中国や朝鮮から技術や文化を伝えた人々を何と呼びますか？,蝦夷 侍 豪族 農民 武士 職人 商人 百済人 新羅人 伽耶人
トルコ,現代,第一次世界大戦後にオスマン帝国が解体されてできた国はどこですか？,ギリシャ アルバニア ブルガリア シリア イラク イラン イエメン レバノン エジプト イスラエル
奴隷,古代〜近世,戦争捕虜などとして売買され、人権を認められなかった人々を何と言いますか？,農民 商人 武士 豪族 貴族 農奴 傭兵 隷属民 平民 庶民
屯田兵,明治,北海道の開拓と防備を目的に置かれた農兵を何と言いますか？,歩兵 騎兵 砲兵 憲兵 海兵 近衛兵 警察官 警備隊 特務隊 衛兵
内閣制度,明治,1885年に太政官制に代わって創設された日本の行政制度は何ですか？,議院内閣制 参議院 衆議院 元老院 太政官 裁判所 警察庁 国会 官僚制 地方自治制
ナウマンゾウ,先史,日本に生息していた大型哺乳類で、旧石器人が狩猟していたとされる動物は何ですか？,マンモス ケナガマンモス オオツノジカ ヘラジカ オオカミ シカ イノシシ トナカイ リス タヌキ
長岡京,奈良,平安京の前に桓武天皇が一時遷都した都はどこですか？,平城京 藤原京 難波京 長安 京都 大阪 奈良 鎌倉 江戸 東京
長崎,江戸,鎖国中に唯一オランダと中国に対して貿易が許されていた港はどこですか？,浦賀 平戸 薩摩 江戸 大阪 横浜 神戸 函館 博多 広島
長篠の戦い,安土桃山,織田信長が鉄砲を用いて武田軍を破った1575年の戦いは何ですか？,桶狭間の戦い 関ヶ原の戦い 姉川の戦い 石山合戦 大坂の陣 鳥取城攻め 小田原攻め 山崎の戦い 本能寺の変 鳥羽・伏見の戦い
中継貿易,中世,琉球王国が明との朝貢貿易を基盤に行っていた貿易形態を何と言いますか？,直貿易 唐貿易 宋貿易 明貿易 朝鮮貿易 鎖国貿易 内貿易 海賊貿易 海上交易 密貿易
ナチス(国民社会主義ドイツ労働者党),昭和,ヒトラーが率いたドイツの国家社会主義ドイツ労働者党の通称は何ですか？,共産党 社会民主党 自由党 ドイツ社会党 国家保守党 自由ドイツ党 ドイツ民族党 ドイツ労働組合 ドイツ農民党 保守連合
奴国,弥生,57年に後漢の光武帝から金印を授けられたとされる九州北部の国は何ですか？,邪馬台国 倭国 狗奴国 筑紫国 出雲国 吉備国 讃岐国 阿蘇国 肥後国 筑前国
名主(庄屋),江戸,村の運営を担い、年貢の徴収などを行った村方三役の中心は何ですか？,百姓代 組頭 村役人 町人 庄官 代官 郡代 領主 領主代理 地頭
生麦事件,江戸,1862年に薩摩藩士が横浜近郊でイギリス人を殺傷した事件は何ですか？,薩英戦争 生田事件 横浜事件 薩摩騒動 長州征討 池田事件 長州騒動 幕末騒乱 神戸事件 長州事件
奈良,奈良,日本で最初の本格的な都城が置かれた地で、平城京の所在地はどこですか？,平安京 藤原京 長岡京 京都 鎌倉 大阪 奈良市 橿原 飛鳥 大阪市
奈良時代,奈良,710年に平城京に遷都してから、平安京に遷るまでの時代を何と言いますか？,飛鳥時代 鎌倉時代 室町時代 安土桃山時代 江戸時代 弥生時代 縄文時代 昭和時代 明治時代 大正時代
南京事件,昭和,1937年に日中戦争中に日本軍が中国の首都で多数の市民を殺害した事件は何ですか？,北京事件 上海事件 広州事件 天津事件 漢口事件 瀋陽事件 南京条約 南京攻略戦 揚子江事件 大連事件
南京条約,近世,1842年にアヘン戦争の講和条約として清とイギリスが結んだ条約は何ですか？,北京条約 天津条約 上海条約 廣州条約 香港条約 マカオ条約 馬関条約 日英修好条約 日米修好通商条約 日露講和条約
南総里見八犬伝,江戸,曲亭馬琴によって書かれた長編読本で、勧善懲悪を描いた物語は何ですか？,東海道中膝栗毛 好色一代男 雨月物語 南総物語 浮世風呂 伊曾保物語 仮名手本忠臣蔵 忠臣蔵 今昔物語 曽我物語
南朝,南北朝,1336年に後醍醐天皇が吉野に設けた朝廷を何と呼びますか？,北朝 室町幕府 足利幕府 鎌倉幕府 江戸幕府 安土桃山政権 明朝 元朝 清朝 明治政府
南蛮人,安土桃山,16世紀に来日したポルトガル人やスペイン人を日本では何と呼んだか。,和蘭人 清国人 朝鮮人 倭寇 蝦夷 琉球人 大名 浪人 農民 町人
南蛮船,安土桃山,ポルトガルやスペインから日本に来航した大型帆船を何と言いますか？,和船 唐船 北前船 鎖国船 旗艦 軍船 商船 漁船 運搬船 羅針船
南蛮文化,安土桃山,キリスト教やヨーロッパの技術・美術などを取り入れた日本文化を何と言いますか？,和風文化 鎌倉文化 室町文化 桃山文化 江戸文化 飛鳥文化 奈良文化 平安文化 元禄文化 明治文化
南蛮貿易,安土桃山,16〜17世紀に日本とポルトガル・スペインとの間で行われた貿易は何ですか？,鎖国貿易 朝鮮貿易 日明貿易 日宋貿易 日露貿易 日米貿易 東インド貿易 北前船貿易 琉球貿易 内貿易
南北戦争,近代,1861年からアメリカで起きた奴隷制度をめぐる内戦を何と言いますか？,独立戦争 メキシコ戦争 米西戦争 第一次世界大戦 第二次世界大戦 朝鮮戦争 ベトナム戦争 湾岸戦争 冷戦 インディアン戦争
南北朝時代(日本),南北朝,1336年〜1392年にかけて、朝廷が2つに分かれて争った時代は何ですか？,鎌倉時代 室町時代 安土桃山時代 江戸時代 飛鳥時代 奈良時代 平安時代 戦国時代 明治時代 大正時代
南北朝時代(中国),古代,魏晋南北朝時代において、中国が南北に分かれて争った時代を何と言いますか？,三国時代 秦朝 漢朝 隋朝 唐朝 宋朝 元朝 明朝 清朝 五代十国時代
南北朝の合一,室町,1392年に足利義満の仲介により南朝と北朝が統一されたできごとは何ですか？,鎌倉幕府成立 応仁の乱 応天門の変 応永の乱 応永の合戦 関ヶ原の戦い 応仁の合一 徳川幕府成立 元寇 安土桃山統一
南北問題,現代,先進国と発展途上国の経済格差や対立を表す国際的課題は何ですか？,冷戦 国際紛争 資本主義 社会主義 第三世界問題 貿易摩擦 地政学問題 核問題 環境問題 難民問題
新潟水俣病,昭和,化学工場の排水によって阿賀野川流域で発生した公害病は何ですか？,水俣病 イタイイタイ病 四日市ぜんそく クロロホルム中毒 アスベスト肺 カドミウム中毒 鉛中毒 砒素中毒 有機水銀中毒 ダイオキシン中毒
錦絵,江戸,多色刷りで制作された華やかな浮世絵を何と言いますか？,浮世絵版画 木版画 墨絵 水墨画 金箔絵 屏風絵 巻物絵 絹絵 切り絵 墨摺り絵
西陣織,中世〜近世,京都の伝統的な高級織物で、室町時代に発展し江戸時代に有名になった織物は何ですか？,友禅染 博多織 江戸縮緬 久留米絣 備後絣 結城紬 越後縮緬 奄美大島紬 琉球紅型 西陣染
西廻り航路,江戸,日本海を通って大阪に至る物資輸送のために整備された航路は何ですか？,東廻り航路 南廻り航路 北廻り航路 東海道 中山道 山陽道 北前船航路 西海道 大坂街道 参勤交代路
二十一か条の要求,大正,1915年に日本が中国の袁世凱政府に突きつけた要求は何ですか？,二十一条要求 九か条の要求 二十か条の請求 三十一か条の要求 十か条の協定 五か条の約束 十五か条の同盟 四か条の盟約 七か条の請求 十三か条の協議
日英通商航海条約,明治,1894年に締結され、不平等条約の改正の第一歩となった条約は何ですか？,日米修好通商条約 日露講和条約 日独通商条約 日仏通商条約 日露同盟 日韓協約 日中友好条約 日墨通商条約 日墺通商条約 日西同盟
日英同盟,明治,1902年に日本とイギリスの間で締結された対ロシアを意識した同盟は何ですか？,日露同盟 日米同盟 日独同盟 日仏同盟 日中同盟 日西同盟 日墺同盟 日韓同盟 日蘭同盟 日比同盟
日独伊三国同盟,昭和,1940年に日本・ドイツ・イタリアの間で結ばれた軍事同盟は何ですか？,日英同盟 日米同盟 日露同盟 日仏同盟 日中同盟 日墺同盟 日蘭同盟 日比同盟 日韓同盟 日ソ中立条約
日米安全保障条約(安保条約),昭和,日本の安全をアメリカの軍事力によって保障することを定めた条約は何ですか？,日英同盟 日露講和条約 日米修好通商条約 日独伊三国同盟 日韓基本条約 日中平和友好条約 日蘭通商条約 日墨協定 日仏同盟 日墺条約
日米修好通商条約,江戸,1858年に日本とアメリカとの間で締結された、不平等な通商条約は何ですか？,日米和親条約 日英通商航海条約 日露通商条約 日独通商条約 日仏通商条約 日韓条約 日中条約 日蘭通商条約 日墨修好条約 日墺通商条約
日米和親条約,江戸,1854年に日本が開国する契機となったアメリカとの条約は何ですか？,日米修好通商条約 日英同盟 日露講和条約 日独通商条約 日仏同盟 日韓条約 日中友好条約 日蘭通商条約 日墨修好条約 日墺通商条約
日明貿易(勘合貿易),室町,足利義満が始めた、明との正式な貿易で勘合を用いた貿易は何ですか？,日宋貿易 日朝貿易 日露貿易 日米貿易 日英貿易 日独貿易 日仏貿易 日韓貿易 日蘭貿易 日清貿易
日蓮宗(法華宗),鎌倉,「南無妙法蓮華経」を唱えることを中心とし、日蓮によって開かれた宗派は何ですか？,浄土宗 禅宗 真言宗 天台宗 浄土真宗 曹洞宗 臨済宗 日蓮正宗 神道 修験道
日露戦争,明治,1904年に日本とロシアとの間で起こった戦争は何ですか？,日清戦争 日英戦争 日米戦争 日韓戦争 第一次世界大戦 第二次世界大戦 日独戦争 日仏戦争 日蘭戦争 日中戦争
日韓基本条約,昭和,1965年に日本と大韓民国の国交正常化を実現した条約は何ですか？,日中基本条約 日露基本条約 日米基本条約 日ソ基本条約 日英基本条約 日仏基本条約 日豪基本条約 日独基本条約 日加基本条約 日墨基本条約
日清修好条規,明治,1871年に日本と清国の間で結ばれた最初の対等な条約は何ですか？,天津条約 北京条約 南京条約 上海条約 広州条約 馬関条約 下関条約 日露修好条規 日英修好条規 日米修好条約
日清戦争,明治,1894年に朝鮮の支配をめぐって日本と清国の間で起きた戦争は何ですか？,日露戦争 日英戦争 第三次世界大戦 第一次世界大戦 第二次世界大戦 日独戦争 日仏戦争 日蘭戦争 日韓戦争 日米戦争
日宋貿易(宋との貿易),平安〜鎌倉,平清盛が積極的に行った中国との貿易を何と言いますか？,日明貿易 日朝貿易 日露貿易 日米貿易 日英貿易 日仏貿易 日蘭貿易 日韓貿易 日独貿易 日墨貿易
日ソ共同宣言,昭和,1956年に日本とソ連の国交を回復させた文書は何ですか？,日中共同宣言 日米安全保障条約 日英同盟 日露講和条約 日韓基本条約 日独同盟 日仏友好条約 日蘭条約 日米修好通商条約 日露条約
日ソ中立条約,昭和,1941年に日本とソ連が互いに攻撃しないことを約束した条約は何ですか？,日中中立条約 日米中立条約 日英中立条約 日独中立条約 日韓中立条約 日仏中立条約 日蘭中立条約 日墨中立条約 日露不侵略条約 日米不戦協定
日中共同声明,昭和,1972年に日本と中国が国交を正常化したことを発表した文書は何ですか？,日中平和条約 日中友好条約 日中安保条約 日中協力協定 日中経済協定 日中文化交流協定 日中通商協定 日中安全保障条約 日中経済連携協定 日中軍事協定
日中戦争(支那事変),昭和,1937年に盧溝橋事件をきっかけに始まった日本と中国の戦争は何ですか？,日露戦争 日清戦争 第一次世界大戦 第二次世界大戦 日米戦争 日韓戦争 日独戦争 日英戦争 日仏戦争 日蘭戦争
日中平和友好条約,昭和,1978年に日本と中国の間で締結された平和的関係を確認する条約は何ですか？,日中基本条約 日中友好協定 日中安全保障条約 日中経済協力協定 日中文化交流条約 日中軍事協定 日中通商条約 日中同盟 日中協力条約 日中相互防衛条約
日朝修好条規,明治,1876年に日本と朝鮮の間で結ばれた、朝鮮にとって初の近代的条約は何ですか？,日韓条約 日中修好条規 日露修好条規 日英修好条約 日米修好条約 日仏修好条約 日蘭修好条約 日墨修好条約 日独修好条約 日豪修好条約
日本社会党,昭和,戦後に結成され、平和主義・社会主義を掲げて活動した政党は何ですか？,自由民主党 日本共産党 公明党 民社党 社会民主党 民主党 日本維新の会 国民民主党 立憲民主党 日本未来の党
二・二六事件,昭和,1936年に陸軍の青年将校が起こしたクーデター未遂事件は何ですか？,五・一五事件 三・一五事件 四・一六事件 三・二六事件 二・二五事件 一・二六事件 六・一五事件 七・一五事件 八・二六事件 九・一五事件
日本(国号),古墳,7世紀に「倭」から改められ、公式に使用されるようになった国号は何ですか？,倭 大和 唐 新羅 百済 高句麗 魏 晋 秦 漢
日本海海戦,明治,日露戦争で日本海軍がバルチック艦隊を破った戦いは何ですか？,黄海海戦 対馬海戦 関門海戦 津軽海戦 釜山海戦 広島海戦 長崎海戦 神戸海戦 大阪海戦 東京海戦
日本共産党,大正,1922年に結成され、戦後には合法政党として活動を続ける左派政党は何ですか？,日本社会党 自由党 民社党 公明党 民主党 社会民主党 日本維新の会 国民民主党 立憲民主党 希望の党
日本銀行,明治,1882年に設立され、日本の中央銀行として金融政策を担っている機関は何ですか？,財務省 日銀券 東京銀行 大阪銀行 第一銀行 第二銀行 農林中央金庫 証券取引所 証券会社 中央会計局
日本国憲法,昭和,1947年に施行された、日本の現行憲法は何ですか？,明治憲法 大日本帝国憲法 国際憲章 憲法改正案 大正憲法 昭和憲法 平和憲法 自衛隊憲法 統治憲法 緊急事態条項
日本書紀,奈良,日本最初の正史である、720年に完成した歴史書は何ですか？,古事記 風土記 万葉集 続日本紀 日本後紀 続紀 日本霊異記 日本外史 日本武尊伝 日本伝記
日本農民組合,大正,1922年に結成された、日本初の全国的な農民運動組織は何ですか？,農業協同組合 全日本農民組合 農業共済組合 農村青年会 全国農協連 農業青年連盟 日本青年農業会 農業改良普及協会 農政会 農村振興協会
日本町,戦国〜江戸,東南アジアに進出した日本人が形成した居留地を何と言いますか？,唐人町 朝鮮町 インド人街 清人町 オランダ町 ポルトガル町 イギリス町 フランス町 スペイン町 マレー町
日本労働総同盟,大正,大正期に設立され、戦前最大の労働団体となった組織は何ですか？,日本労働組合総連合会 日本労働組合協議会 日本労働組合会 日本労働者連盟 日本労働者協会 日本産業別労働組合 日本労働者連合 日本労働連盟 日本労働組合連合 日本労働会議所
二毛作,鎌倉,鎌倉時代に畿内や西日本で、稲作と麦作を組み合わせて行うようになった農業技術は何ですか？,単作 三毛作 輪作 連作 抑作 複作 複稲作 多毛作 雑作 畑作
二毛作,南北朝,南北朝時代に関東地方に広まった農業技術を何と言いますか？,単作 三毛作 輪作 連作 抑作 複作 複稲作 多毛作 雑作 畑作
ニューディール政策,昭和,アメリカのフランクリン・ローズヴェルト大統領が実施した経済回復政策は何ですか？,マーシャルプラン ケインズ政策 モンロー主義 トルーマン・ドクトリン ワグナー法 ブラント政策 ニューフロンティア マッカーシズム グリーンニューディール テネシー谷開発公社
人形浄瑠璃,江戸,三味線と語りに合わせて人形で演じる、日本の伝統芸能は何ですか？,歌舞伎 能 狂言 文楽 浄瑠璃 雅楽 謡曲 落語 太神楽 舞踏
奴婢,飛鳥〜平安,律令制度下で支配階級に所有されていた身分の低い人々を何と言いますか？,百姓 侍 農民 豪族 被官 奴隷 士族 武士 隠者 僧侶
年貢,奈良〜江戸,農民が土地の所有者や領主に納めた米や作物のことを何と言いますか？,賦役 地租 税金 租税 労役 御用 公役 御供 奉納 物納
年号,飛鳥,日本で特定の時代に名づけられた、天皇の在位中に使われる紀年法を何と言いますか？,西暦 元号 干支 暦注 節気 太陰暦 和暦 太陽暦 旧暦 天皇暦
年中行事,平安,日本の伝統的な暦に基づいて年間を通じて行われる行事を何と言いますか？,祭礼 祝祭 節句 仏事 伝統祭 旧暦祭 年祭 季節祭 行楽 例祭
能(能楽),室町,観阿弥・世阿弥父子によって大成された、日本の古典芸能は何ですか？,狂言 歌舞伎 浄瑠璃 文楽 雅楽 謡曲 舞楽 落語 舞踏 大道芸
農耕,縄文〜弥生,日本列島で稲作を中心とする農業が始まったことを何と言いますか？,狩猟採集 牧畜 遊牧 農業革命 畑作 園芸 稲作 蓄畜 耕作 栽培
農地改革,昭和,第二次世界大戦後、地主制度を解体し、自作農を増やすために行われた政策は何ですか？,土地解放 農地整理 農業改良 農業協同組合 農業振興 農村改革 農政改革 農村再生 農村振興政策 農業基盤整備
ノルマントン号事件,明治,1886年に起きた、イギリス船が日本人乗客を救助せず沈没し、治外法権撤廃運動のきっかけとなった事件は何ですか？,三国干渉事件 長崎事件 横浜事件 釜山事件 青島事件 日英紛争 上海事件 天津事件 広島事件 大阪事件
俳諧,江戸,滑稽や風刺を交えた和歌風の文芸で、松尾芭蕉などが活躍した文芸は何ですか？,連歌 和歌 短歌 狂歌 俳句 詩歌 物語 和讃 漢詩 詩文
配給制,昭和,戦時中や戦後の物資不足の際に実施された、生活必需品の分配制度を何と言いますか？,統制経済 価格統制 闇市 物資統制 戦時経済 食糧管理 物価統制 割当制度 共産主義経済 強制配給
俳句,江戸,五・七・五の十七音で構成され、季語を含む日本の短詩型文学は何ですか？,短歌 連歌 和歌 狂歌 俳諧 漢詩 詩歌 物語 和讃 詩文
廃藩置県,明治,1871年に行われた、藩を廃止し県を設置して中央集権化を進めた改革は何ですか？,版籍奉還 地租改正 明治維新 征韓論 廃仏毀釈 民選議院設立の建白 秩禄処分 戸籍法制定 徴兵令 民法公布
博多,鎌倉〜室町,鎌倉時代から室町時代にかけて対外貿易の中心となった九州の港町はどこですか？,長崎 下関 門司 鹿児島 佐賀 熊本 天草 平戸 五島 対馬
白村江の戦い,飛鳥,日本・百済連合軍が唐・新羅連合軍に敗れた663年の戦いは何ですか？,壬申の乱 応仁の乱 保元の乱 承久の乱 平治の乱 鳥羽・伏見の戦い 関ヶ原の戦い 壇ノ浦の戦い 壬生の戦い 長篠の戦い
幕藩体制,江戸,将軍と藩主がそれぞれ支配する政治体制を何と言いますか？,幕府政治 鎌倉幕府 南北朝時代 戦国時代 室町幕府 明治政府 藩政改革 武家政権 封建制度 領国政治
白鳳文化,飛鳥,天武・持統天皇の時代を中心に栄えた、仏教文化を特色とする文化は何ですか？,奈良文化 天平文化 平安文化 鎌倉文化 室町文化 江戸文化 飛鳥文化 元禄文化 大正文化 昭和文化
馬借,鎌倉〜室町,中世で物資の運搬を職業とした、馬を使った運送業者を何と言いますか？,問丸 車借 渡世人 傭兵 商人 鍛冶屋 木挽 網元 舟運業者 馬丁
旗本,江戸,将軍に直属し将軍に謁見できた、家禄1万石未満の武士のことを何と言いますか？,大名 御家人 浪人 侍大将 足軽 藩士 御用人 庄屋 村役人 郡代
バテレン追放令,安土桃山,1587年に豊臣秀吉がキリスト教の布教を禁じた法令は何ですか？,鎖国令 禁教令 島原・天草一揆 踏絵 キリシタン弾圧令 明暦の大火 天草の乱 廃仏毀釈令 五人組制度 兵農分離
埴輪,古墳,古墳の周囲に置かれた素焼きの土製人形を何と言いますか？,土偶 土面 土器 瓦当 鏡 銅鏡 土製品 石器 剣 甲冑
バブル経済,昭和,1980年代後半に日本で起きた、地価や株価が異常に高騰した経済状況を何と言いますか？,高度経済成長 オイルショック 昭和恐慌 大恐慌 経済バブル 円高不況 失われた10年 アベノミクス リーマンショック バブル景気
パリ講和会議,大正,第一次世界大戦後の講和条約を決定するために1919年に開かれた国際会議は何ですか？,ヴェルサイユ条約 国際連盟 ワシントン会議 サンフランシスコ会議 ヤルタ会議 ポツダム会議 ノイシュヴァンシュタイン城 ベルリン会議 バンドン会議 ケベック会議
ハル・ノート,昭和,太平洋戦争直前にアメリカが日本に提示した最後通牒を何と言いますか？,モンロー主義 カイロ宣言 ポツダム宣言 日米開戦 トルーマン・ドクトリン ワシントン海軍軍縮会議 国際連盟 マーシャル・プラン ヤルタ協定 ニューディール政策
藩,江戸,大名が治めた領地を何と言いますか？,領地 藩領 藩地 封土 領国 大名領 領分 封内 領土 領所
藩校,江戸,藩士の教育を目的として各藩が設置した学校を何と言いますか？,私塾 寺子屋 藩学 藩立学校 学問所 藩教育機関 学校 寺院 私塾制度 大学
万国博覧会(万博),近代〜現代,産業や文化を国際的に紹介・交流する目的で開催される展示会を何と言いますか？,国際博覧会 エキスポ 博覧会 国際展示会 万博会場 世界博覧会 国際博覧会連合 国際エキスポ ワールドフェア 展覧会
蛮社の獄,江戸,幕政を批判した渡辺崋山や高野長英らが処罰された事件を何と言いますか？,蛮社事件 幕府批判事件 思想弾圧 渡辺崋山事件 高野長英事件 江戸思想弾圧 蛮社弾圧 江戸弾圧 思想統制 弾圧事件
阪神・淡路大震災,現代,1995年に発生した兵庫県南部を中心とした大地震を何と言いますか？,兵庫県南部地震 神戸地震 阪神地震 淡路島地震 関西地震 1995地震 阪神震災 淡路震災 関西大震災 西日本大震災
藩政改革,江戸,各藩が財政難を打開するために行った政治・経済の改革を何と言いますか？,藩財政改革 財政改革 藩政治改革 藩経済改革 藩士改革 地方改革 藩政改善 藩財政再建 藩政再生 藩経済再建
版籍奉還,明治,1869年に大名が領地と領民を天皇に返上した政策を何と言いますか？,領地返還 版籍還付 藩返上 版籍還付令 領地返上 版籍返上 版籍納還 領土返還 政策改正 藩改正
班田収授法,奈良,戸籍に基づいて6歳以上の男女に口分田を支給し、一定期間後に返還させる制度を何と言いますか？,班田法 口分田法 収授法 口分田制度 戸籍制班田 口分田支給 班田制 班田制度 律令制口分田 口分田政策
藩閥,明治,明治政府で旧藩主や有力な武士が政治の中心を占めた体制を何と言いますか？,藩閥政治 旧藩閥 明治藩閥 政治家藩閥 政治的藩閥 藩閥支配 藩閥体制 藩閥政権 明治政権 政治体制
万里の長城,古代,中国の北方民族の侵入を防ぐために築かれた城壁を何と言いますか？,長城 万里長城 万里の城壁 中国の長城 北方城壁 長城壁 万里防壁 長城防衛壁 長城遺構 長城跡
比叡山,奈良〜平安,最澄が延暦寺を開き天台宗を広めた山はどこですか？,延暦寺 天台宗 比叡寺 比叡峰 比良山 伊吹山 鞍馬山 六甲山 鈴鹿山 丹波山
菱垣廻船,江戸,大阪と江戸間を定期的に運航した木綿などの輸送船は何ですか？,菱垣船 江戸菱垣船 回船 回船問屋 菱垣廻航船 菱垣廻航 菱垣廻 木綿輸送船 江戸回船 回航船
東インド会社,近世,アジアとの貿易を目的にオランダやイギリスが設立した貿易会社は何ですか？,三菱商会 大和商船 日本郵船 バルト海会社 ロシア貿易会社 西インド会社 東洋貿易会社 東インド洋会社 西インド洋会社 大インド会社
東日本大震災,現代,2011年に東北地方を中心に発生した大規模地震と津波災害は何ですか？,東北地方太平洋沖地震 福島大震災 東北大震災 東北地震津波 東日本津波地震 震災 東北津波 東日本震災 東北地方震災 宮城大震災
東廻り航路,江戸,日本海側と太平洋側を日本列島北部経由で結んだ航路を何と言いますか？,北廻り航路 北前航路 日本海航路 北廻航路 西回り回路 北廻り海道 東海道 北廻り海路 北回り航路 西回り航路
東山文化,室町,足利義政の時代に栄えた、簡素・優雅な美を重んじた文化は何ですか？,東山文化様式 東山様式 室町文化 足利文化 東山文化期 室町後期文化 東山美術 東山文化期文化 東山風 美術様式
飛脚,江戸,幕府や商人などのために書状や荷物を運んだ職業を何と言いますか？,飛脚業者 江戸飛脚 飛脚人 書状飛脚 飛脚便 飛脚配達人 飛脚屋 江戸配達人 書状配達人 書状便
肥前藩,江戸,佐賀藩とも呼ばれ、後に明治維新で重要な役割を果たした藩はどこですか？,佐賀藩領 佐賀県 佐賀藩主 佐賀藩地域 佐賀藩国 肥前地域 肥前藩主 藩領 佐賀国 肥前国
備中ぐわ,江戸,深く土を掘るのに使われた農具で、農業の発展に貢献した道具は何ですか？,備中鍬 農具 鍬 鋤 田鍬 鍬具 耕作用具 農耕具 農業用鍬 土農具
ひにん,江戸,身分制度で最下層に位置づけられた人々のうち、犯罪者などを指す呼称は何ですか？,非人身分 下層身分 被差別身分 犯罪者階級 被差別階級 賎民 犯罪者身分 江戸非人 被差別者 被差別階級者
日比谷焼き打ち事件,明治,1905年に日露戦争講和条約に反対する市民が起こした暴動は何ですか？,日比谷焼打ち事件 日比谷焼討ち事件 日比谷暴動 日比谷騒動 日比谷焼打事件 日比谷暴動事件 焼打ち事件 日比谷事件 日比谷騒擾 日比谷抗議
姫路城,安土桃山,日本の代表的な城郭建築で、白鷺城とも呼ばれる城は何ですか？,城郭建築 姫路の城 国宝城 世界遺産城 日本城郭 日本の城 姫路城天守 安土桃山城郭 城跡 城郭
百姓,奈良〜江戸,日本の農民や庶民を総称して何と言いますか？,農民 庶民 農家 農耕民 農民階級 農業従事者 農村住民 農夫 村人 住民
百姓一揆,江戸,江戸時代に農民が年貢軽減などを求めて起こした集団的抵抗運動は何ですか？,土一揆 農民一揆 百姓蜂起 農民蜂起 年貢一揆 農民反乱 年貢軽減運動 農民抵抗 国一揆 一向一揆
百姓代,江戸,百姓の意見を藩に伝える役職を何と言いますか？,村役人 村代 百姓頭 百姓代官 村代官 百姓役人 農民代表 農民代 百姓代表 農村代表
ピューリタン革命,近世,17世紀にイギリスで清教徒が起こした王政打倒の革命は何ですか？,市民革命 名誉革命 フランス革命 アメリカ独立戦争 グロリアーナ革命 マグナ・カルタ運動 共和制運動 清教徒戦争 権利章典闘争 ボストン茶会事件
氷河時代,先史,地球の気温が大幅に低下し、氷河が広がった時代を何と言いますか？,更新世 氷結期 極寒時代 古気候期 氷雪期 第四紀寒冷期 寒冷世 大寒期 原始寒冷期 地殻冷却期
平等院鳳凰堂,平安,宇治にある阿弥陀堂で、藤原頼通が建立した寺院は何ですか？,藤原文化 浄土式庭園 寝殿造 浄土信仰 阿弥陀堂建築 鳳凰信仰 阿弥陀如来信仰 藤原家寺院 浄土宗 貴族寺院
平泉,鎌倉,奥州藤原氏の拠点であり、中尊寺金色堂で知られる場所はどこですか？,中尊寺 藤原文化 北方政庁 奥州文化 浄土庭園 金色堂 奥州平定地 仏教都市 平安遺産 奥羽拠点
ひらがな,平安,日本語の音を表すために女性や貴族の間で生まれた表音文字は何ですか？,女文字 和字 万葉仮名 草仮名 仮名文字 やまと文字 流麗体 音表記文字 日本文字 和製文字
平戸,江戸,長崎県にある重要な貿易港で、オランダ商館も置かれた場所はどこですか？,出島 長崎 貿易港 西洋商館 鎖国拠点 対オランダ貿易 西洋接点 南蛮港 朱印船港 江戸外交港
ピラミッド,古代,ファラオの墓として建てられた巨大な石造建築物は何ですか？,古代建築 王墓 石造建築 エジプト文明 古代墳墓 王家の墓 神殿建築 巨石文明 陵墓建造物 太陽信仰建築
広島,現代,日本で1945年に原子爆弾が投下された都市はどこですか？,長崎 被爆地 原爆都市 太平洋戦争都市 終戦地 平和記念地 核兵器使用地 被災都市 戦争記憶地 悲劇の都市
琵琶法師,鎌倉,琵琶を弾きながら物語を語る旅芸人は何ですか？,語り部 平家物語伝承者 楽器芸人 中世芸能者 説話芸人 旅僧語り手 仏教語り手 弾語り芸人 語り芸人 音楽語り部
ヒンドゥー教,古代,多神教的要素を持ち、ヴェーダを経典とするインドの主要宗教は何ですか？,バラモン教 インド宗教 ヴェーダ教 インド哲学宗教 多神教 インド古代宗教 輪廻信仰 カルマ思想宗教 サンスクリット文化 アーリア系宗教
ファシスト党,昭和,ムッソリーニが率いたイタリアの極右政党は何ですか？,国家主義党 黒シャツ団 極右政党 反共政党 独裁主義党 独裁政党 イタリア独裁派 統制政治派 独裁主導党 軍国主義団体
ファシズム,昭和,国家の強化と独裁を重視し、全体主義的な政治体制を何と言いますか？,全体主義 独裁政治 国家主義 反民主主義 極右思想 軍国主義 抑圧政治 強権政治 権威主義 統制主義
フェートン号事件,江戸,1808年にイギリス軍艦が長崎港に侵入した事件を何と言いますか？,外国船事件 イギリス侵入事件 幕末危機 海外挑発事件 長崎事件 海防危機 異国船問題 鎖国動揺事件 港湾侵入事件 外交緊張事件
武家諸法度,江戸,将軍が大名を統制するために定めた法令を何と言いますか？,大名統制令 江戸幕府法 武士統制法 武家規律 幕府法度 大名律令 家臣規律法 封建規範 大名行動規範 統制令
武家政治,鎌倉〜江戸,武士が政権を握る政治体制を何と言いますか？,封建政治 将軍政治 武士政権 武士支配体制 幕府体制 軍事政治 士政 軍人政権 武断体制 武力支配体制
富国強兵,明治,近代国家建設のため、経済と軍備の充実を目指した政策は何ですか？,殖産興業 軍備拡張 国家強化策 近代化政策 国策強化 経済拡張 近代国家戦略 近代整備策 近代育成計画 防衛拡充政策
武士,平安〜江戸,主に武力をもって仕えた階級の人々を何と言いますか？,戦士 兵士 武力階級 武家 武装奉公人 武装階級 主従兵 軍人階級 封建武士 戦闘従属者
富士山,飛鳥〜現代,日本一高い山で、信仰の対象にもなった山は何ですか？,霊峰 日本最高峰 火山 霊山 巡礼地 名山 象徴山 修験山 国民的山岳 自然信仰地
武士団,平安,地方の武士たちが主従関係で構成した軍事集団を何と言いますか？,地方武装集団 軍団 武装集団 郡司武士団 武士連合 郷土軍団 在地武士団 士族組織 豪族軍団 戦力集団
武士道,鎌倉〜江戸,武士が理想とした倫理観・行動規範を何と言いますか？,忠義 名誉 戦士道徳 武人精神 封建倫理 戦士規律 忠誠思想 武人規範 自律精神 忠節道
藤原京,飛鳥,日本で最初の本格的な都城で、694年に遷都された都はどこですか？,都城制 古代首都 飛鳥京 初期都城 天皇都 都造営 奈良以前の都 朝廷首都 律令制首都 中央政庁
藤原氏,飛鳥〜平安,摂関政治を行い権勢をふるった貴族の氏族は何ですか？,貴族 摂関家 有力氏族 朝廷貴族 政権掌握氏族 上級公家 藤原北家 天皇家外戚 古代豪族 政治貴族
婦人参政権,昭和,1945年の選挙法改正で認められた女性の政治参加の権利は何ですか？,女性選挙権 女性の政治参加 女子選挙法改正 女性投票権 婦人権利拡張 女性参政改正 婦人立候補権 男女平等参政 戦後民主化改革 婦人運動成果
譜代大名,江戸,関ヶ原の戦い以前から徳川氏に仕えていた大名を何と言いますか？,家臣大名 近習大名 徳川系大名 幕府系大名 古参大名 徳川忠臣 本家大名 内臣 徳川譜代家 忠誠大名
普通選挙法,大正,1925年に制定された、25歳以上の男子に選挙権を与えた法律は何ですか？,男子選挙法 選挙制度改革 選挙法改正 政治参加拡大 大衆選挙制度 国民権利法 民権拡大法 男性普通選挙 民主選挙法 大正選挙法
仏教,古墳,日本に伝来し、寺院建設や文化に大きな影響を与えた宗教は何ですか？,インド宗教 釈迦教 仏陀教 経典宗教 寺院宗教 伝来宗教 東アジア宗教 三宝信仰 伝統宗教 古代信仰
風土記,奈良,各国の地理・伝説などをまとめた記録書を何と言いますか？,地誌 古代地理記録 国別記録 国風文化文書 各国伝承記録 記録書 伝承集 地方記録文書 地域誌 律令地誌
不平等条約,幕末〜明治,欧米諸国と結ばれた関税自主権などを欠いた条約を何と言いますか？,安政五カ国条約 通商条約 関税放棄条約 不平等外交文書 欧米優位条約 列強圧迫条約 領事裁判権条項 劣位条約 不利条項条約 幕末外交不利条約
富本銭,飛鳥,日本最古の銅銭とされる貨幣は何ですか？,和同開珎以前銭 古代貨幣 初期貨幣 銅貨 銭貨 日本最初通貨 古銭 飛鳥銅銭 通用銭 歴史貨幣
踏絵,江戸,キリシタン禁制のために信仰を試すため行われた行為は何ですか？,宗門改め 信仰確認行為 絵踏み 宗教弾圧手段 絵図検査 宗教調査儀式 禁教政策実施 弾圧儀式 信仰試験 踏査行為
部落差別,中世〜現代,えた・ひにんとされた人々に対する社会的差別を何と言いますか？,身分差別 四民平等外差別 賤民差別 被差別部落問題 階級差別 日本型カースト 差別意識 歴史的差別 社会的偏見 封建的差別
フランス,近世〜現代,日本と関係の深いヨーロッパの国で、ナポレオンや革命で知られる国はどこですか？,ドイツ イギリス イタリア スペイン ポルトガル オランダ ベルギー スイス オーストリア ルーマニア
フランス革命,近代,「自由・平等・博愛」を掲げ、絶対王政を倒したヨーロッパの大革命は何ですか？,市民革命 近代革命 人権革命 ブルジョワ革命 絶対王政打倒運動 啓蒙運動成果 共和国運動 革命運動 世界三大革命 ヨーロッパ革命
フランス領インドシナ,近代〜現代,フランスが植民地支配したベトナム・カンボジア・ラオスの地域をまとめて何と呼びますか？,インドシナ半島 仏領東南アジア フランス植民地 インドシナ支配地 仏領諸国 インドシナ三国 東洋植民地 仏領連邦 東南アジア統治地 仏統治領
ブロック経済,現代,自国と植民地の経済圏内で貿易を制限し、他国製品に高い関税をかける政策を何と言いますか？,保護貿易 経済閉鎖政策 植民地経済圏 経済排他政策 経済ブロック化 帝国主義経済 制限貿易政策 独占貿易体制 輸入制限 自国優先経済
プロテスタント,近世〜現代,カトリック教会の腐敗を批判してルターらが始めたキリスト教の宗派は何ですか？,新教 宗教改革派 キリスト教改革派 ルター派 改革派教会 聖書重視派 個人信仰派 反カトリック教派 分裂教会 近代キリスト派
プロレタリア文学,大正〜昭和,労働者や社会主義を題材にした文学運動を何と言いますか？,左翼文学 階級文学 社会主義文学 労働文学 階層闘争文学 大衆文学 マルクス主義文学 革命文学 人民文学 共産思想文学
文永の役,鎌倉,1274年に元軍が日本に侵攻した最初の戦いを何と言いますか？,元寇 蒙古襲来 対元戦争 異民族侵攻 日本侵攻第一戦 高麗経由侵攻 海上防衛戦 東アジア戦争 鎌倉防衛戦 対外戦役
分国法,戦国,戦国大名が領国統治のために独自に制定した法令を何と言いますか？,大名法令 戦国法制 地域法 私的法令 封建法規 家法 独自法 領国統治令 分地法 戦国規則
文治政治,鎌倉,武力によらず法律や制度に基づいて行われた政治を何と言いますか？,制度政治 規律統治 法治主義 幕府制度政治 非武断統治 法規政治 安定政治 行政主導政治 組織統治 統制統治
文明,古代,メソポタミアやエジプトで発達した、文字や都市などをもつ高度な文化を何と言いますか？,古代文化 都市文化 高次文化 歴史的文化 国家文化 初期文明 文字文化 統治文化 文明圏 先進文化
文明開化,明治,西洋の文化や生活様式を取り入れた近代化の動きを何と言いますか？,西洋化運動 近代化政策 啓蒙思想導入 明治維新文化 生活革新 洋風化運動 改革文化 開国文化 文明変革 教育刷新運動
文禄の役,安土桃山,1592年に豊臣秀吉が朝鮮に出兵した戦争を何と言いますか？,朝鮮出兵 第一次朝鮮侵攻 豊臣遠征 朝鮮役 東アジア侵攻 朝鮮戦役 秀吉の戦 海を越えた戦 大陸遠征 外征戦争
平安京,平安,794年に桓武天皇が遷都した都を何と言いますか？,京都 都 新都建設 王城 天皇都城 平安の都 律令都城 中央政府都市 首都遷都地 御所所在地
平安時代,平安,貴族文化が栄えた、奈良時代の後の時代は何ですか？,王朝時代 貴族時代 文化時代 律令体制期 公家文化時代 国風時代 仮名文学時代 王朝文化期 平安王朝期 貴族支配時代
兵役,明治〜昭和,徴兵令により国民に課された軍務の義務を何と言いますか？,徴兵制度 軍務義務 国防義務 兵務 国民兵 徴集制度 兵隊義務 義務兵制 徴用令 軍属義務
平家物語,鎌倉,源平の争いを描いた軍記物語で、「祇園精舎の鐘の声」で始まる作品は何ですか？,軍記物語 源平合戦記 中世文学 戦記物語 語り物 古典軍記 琵琶語り 英雄物語 源平記 合戦文学
平氏(平家),平安,源氏と並ぶ武士の代表的な氏族で、平清盛が頂点に立ったのは何氏ですか？,武士政権 貴族武士 清盛一族 貴族軍事氏族 平安武士団 平家一門 豪族武士 中世武士 中央武士団 戦乱武士
平治の乱,平安,1159年に源義朝と平清盛が争った政争を何と言いますか？,武士政争 中世内乱 源平争乱 内乱事件 貴族政変 政変戦乱 朝廷内紛 源平対立 武士内戦 都争い
平城京,奈良,710年に元明天皇が遷都した都を何と言いますか？,奈良の都 律令都市 古代都城 藤原京の後 京城 国の都 奈良都城 日本最古都 条坊制都市 古代中央都市
兵農分離,安土桃山〜江戸,武士と農民の身分を区別し、武士の常備軍化を図った政策は何ですか？,身分制度強化 軍制改革 武農区別 常備軍政策 社会階層分化 封建制度整備 土地支配策 戦国体制整理 身分法整備 社会安定政策
平民,江戸,武士・農民・町人など四民平等の身分制度で、農民や町人などの一般庶民を何と言いますか？,庶民 町農層 非武士 平常人 一般人 市井人 階層民 民衆 町人農民 被支配層
平民,明治,四民平等によって士族・華族以外の一般国民の身分を何と言いますか？,庶民身分 普通国民 平等市民 四民中下層 新民 国民階層 民間人 民間階層 一般庶民 平民階級
平和維持活動(PKO),現代,日本も参加することがある、国連による国際的な平和活動を何と言いますか？,国連派遣活動 国際協力活動 停戦監視活動 平和協力任務 国際平和部隊 PKO活動 国際安全活動 戦後復興支援 国連軍事任務 多国籍活動
平和主義,現代,日本国憲法第9条に基づく、戦争放棄の理念を何と言いますか？,戦争放棄 非武装理念 憲法理念 非戦主義 戦争否定 恒久平和 平和国家理念 不戦の誓い 平和的生存権 非戦憲法
北京原人,先史,中国で発見された、約50万年前の原人を何と言いますか？,ジャワ原人 ネアンデルタール人 クロマニョン人 ホモ・サピエンス 旧人 アウストラロピテクス 原人類 初期人類 黄河人 三葉虫
ベトナム戦争,現代,アメリカと南ベトナムが北ベトナムと戦った東南アジアの戦争を何と言いますか？,朝鮮戦争 湾岸戦争 イラク戦争 冷戦 インドシナ戦争 カンボジア内戦 タイ内戦 中越戦争 太平洋戦争 東西戦争
ベルサイユ条約,現代,第一次世界大戦の講和条約で、ドイツに厳しい賠償を課した条約は何ですか？,ワシントン条約 パリ条約 ポーツマス条約 日独伊三国同盟 ロカルノ条約 サンフランシスコ条約 不戦条約 北大西洋条約 ジュネーブ条約 大西洋憲章
ベルリンの壁,現代,東西ドイツを分断し、冷戦の象徴となった壁を何と言いますか？,アイアンカーテン 防衛線 ドイツ堤防 戦後境界線 欧州境界壁 冷戦壁 封鎖線 分割壁 ドイツ障壁 東西線
保元の乱,平安,1156年に後白河天皇派と崇徳上皇派に分かれて起きた争乱を何と言いますか？,承久の乱 平治の乱 応仁の乱 元寇 応天門の変 大化の改新 建武の新政 壬申の乱 藤原騒乱 足利戦争
奉公,鎌倉〜安土桃山,御恩に対して御家人が将軍に尽くす義務を何と言いますか？,忠勤 従軍 忠誠 仕官 家臣化 出仕 武功 軍役 親征 任官
奉公,江戸〜幕末,農民の子どもなどが家計を助けるために商家などへ住み込みで働くことを何と言いますか？,下働き 手代 見習い 丁稚奉公 店奉公 小間使い 下僕 丁稚 雑用係 商家奉公
奉公,明治,家計や職業修業のために庶民の若者が住み込みで働いたことを何と言いますか？,住み込み労働 奉仕 修業 徒弟制度 職業訓練 農家奉公 親方制度 出稼ぎ 下宿修行 業務補助
方丈記,鎌倉,鴨長明による随筆で、無常観を描いた作品は何ですか？,枕草子 徒然草 今昔物語 源氏物語 竹取物語 更級日記 大鏡 宇治拾遺物語 和漢朗詠集 古今著聞集
北条氏,鎌倉,執権として鎌倉幕府の実権を握った有力御家人の氏族は何ですか？,源氏 平氏 足利氏 細川氏 三好氏 豊臣氏 徳川氏 畠山氏 今川氏 上杉氏
法隆寺,飛鳥,聖徳太子によって建てられたとされる、世界最古の木造建築の寺は何ですか？,四天王寺 興福寺 薬師寺 東大寺 飛鳥寺 唐招提寺 中宮寺 金剛寺 夢殿 海龍王寺
ポーツマス条約,明治,日露戦争の講和条約で、アメリカの仲介により結ばれた条約は何ですか？,日清講和条約 サンフランシスコ講和条約 日米修好通商条約 パリ条約 ベルサイユ条約 ロンドン条約 モスクワ協定 日ソ中立条約 カイロ宣言 不戦条約
牧畜,先史,人類が農耕とともに始めた、動物を飼いならして生活に利用することを何と言いますか？,農耕 採集 漁労 狩猟 焼畑 農業 定住 放牧 採取 飼育
牧畜,古代,メソポタミア文明などで発達した、牛・羊・ヤギなどの動物を飼って生活に利用する生業を何と言いますか？,農耕 放牧 定住 耕作 農業 集落生活 牧地経営 水利農業 遊牧 肥育
北朝,南北朝,京都にあった朝廷で、足利尊氏が擁立した天皇の系統を何と言いますか？,南朝 後醍醐朝 尊氏朝 朝廷政府 武家政権 幕府政権 王政復古 新政 京都政庁 平家朝
戊辰戦争,明治,明治維新の際、新政府軍と旧幕府軍が争った内戦は何ですか？,西南戦争 長州征討 会津戦争 箱館戦争 鳥羽伏見の戦い 大阪戦争 幕末騒乱 江戸開城戦 京阪戦争 幕府最後の戦い
細川氏,室町〜戦国,室町幕府の管領を務めた有力守護大名の一族で、応仁の乱の西軍を率いた氏族は何ですか？,斯波氏 畠山氏 今川氏 山名氏 一色氏 赤松氏 三好氏 大内氏 武田氏 北条氏
渤海,奈良〜平安,日本と親交があった、7〜10世紀に満州と朝鮮北部に存在した国は何ですか？,高句麗 百済 新羅 契丹 遼 金 高麗 満州国 扶余 女真
ポツダム宣言,昭和,第二次世界大戦末期に連合国が日本に示した無条件降伏の勧告を何と言いますか？,ヤルタ協定 カイロ宣言 サンフランシスコ条約 ベルリン宣言 モスクワ宣言 国際連合憲章 ドイツ降伏文書 停戦協定 連合国覚書 戦後処理案
北方領土,現代,第二次世界大戦後にソ連が占拠し、日本が返還を求めている千島列島の一部を何と言いますか？,竹島 尖閣諸島 南樺太 千島列島 サハリン 択捉島 歯舞群島 色丹島 国後島 南鳥島
ポルトガル,戦国,1543年に鉄砲を種子島に伝えたヨーロッパの国はどこですか？,スペイン オランダ イギリス フランス イタリア ドイツ デンマーク ベルギー ロシア スイス
ポルトガル,安土桃山,日本にキリスト教を伝えたカトリックの宣教師フランシスコ・ザビエルはどこの国の出身か。,スペイン イタリア フランス オランダ イギリス ドイツ ギリシャ アイルランド ノルウェー フィンランド
ポルトガル,江戸,鎖国体制下で最初に日本との貿易を禁止されたヨーロッパの国はどこですか？,スペイン オランダ イギリス フランス ドイツ イタリア デンマーク スウェーデン ロシア ノルウェー
ポルトガル,近世,15世紀後半にアジアへの航路を開拓し、インド航路を発見したヨーロッパの国はどこですか？,スペイン イギリス フランス オランダ イタリア デンマーク スイス ノルウェー スウェーデン ロシア
ポルトガル,近世,大航海時代に活躍したヴァスコ・ダ・ガマやマゼランを支援した国はどこですか？,スペイン イギリス フランス オランダ イタリア ドイツ ベルギー ノルウェー ロシア デンマーク
本能寺の変,安土桃山,1582年に明智光秀が織田信長を自害に追い込んだ事件を何と言いますか？,山崎の戦い 関ヶ原の戦い 大坂の陣 桶狭間の戦い 長篠の戦い 比叡山焼き討ち 本圀寺の変 長久手の戦い 伊賀攻め 姉川の戦い
本百姓,江戸,年貢を直接納める義務を負った農民を特に何と呼んだか。,水呑百姓 五人組 庄屋 小作人 名主 地主 農奴 下人 作人 田夫
枕草子,平安,清少納言が著した、日本最古の随筆とされる文学作品は何ですか？,源氏物語 更級日記 蜻蛉日記 大鏡 徒然草 竹取物語 方丈記 土佐日記 伊勢物語 宇津保物語
磨製石器,先史,表面を磨いて作られた石器で、農耕に適した道具は何ですか？,打製石器 石斧 石鏃 石刃 木器 骨器 縄文土器 石皿 石包丁 石錘
町衆,室町〜安土桃山,室町時代の京都で祇園祭を復興し、自治を行った有力な商工業者を何と言いますか？,座衆 惣村 連雀 町人 名主 問屋 商人衆 市人 町役人 問丸
町奉行,江戸,江戸の行政・裁判・警察をつかさどった幕府の職制は何ですか？,勘定奉行 寺社奉行 大目付 代官 目付 奉行人 郡代 町年寄 与力 町役人
末法思想,平安,釈迦の死後、仏教の教えが衰えるとする仏教上の考えを何と言いますか？,無常観 浄土思想 業報思想 輪廻思想 涅槃観 法華信仰 煩悩思想 空観思想 一切皆苦 菩薩信仰
松前藩,江戸,北海道南部（蝦夷地）を支配していた藩で、アイヌとの交易を担っていたのは何藩か。,仙台藩 弘前藩 南部藩 秋田藩 庄内藩 石見藩 長岡藩 米沢藩 新発田藩 上杉藩
マルタ会談,現代,1989年にアメリカとソ連の首脳が冷戦の終結を確認した会談を何と言いますか？,ヤルタ会談 ポツダム会談 ジュネーブ会談 ケネディ会談 ニクソン会談 ブレトンウッズ会議 ロンドン会議 ワルシャワ会談 サミット 安全保障会議
満州,現代,現在の中国東北部にあたり、かつて清の発祥地でもあった地域を何と言いますか？,華北 蒙古 華中 華南 朝鮮半島 シベリア 沿海州 北支 旧清領 遼寧省
満州国,現代,1932年に日本が中国東北部につくった傀儡国家を何と言いますか？,中華民国 日本統治領 清朝復興国 東亜連邦 大東亜国 北支那政権 東満政権 東北行政区 偽国家 帝国自治領
満州事変,現代,柳条湖事件をきっかけに関東軍が満州を占領した事件を何と言いますか？,日中戦争 支那事変 盧溝橋事件 上海事変 済南事件 奉天事件 北伐 張作霖爆殺事件 九一八事変 中国侵攻
政所,鎌倉〜室町,幕府の財政や政務をつかさどった機関を何と言いますか？,侍所 問注所 評定所 公文所 勘定方 奉行所 町役所 館 将軍家政所 財政局
マンモス,先史,日本でも骨などが発見されている、氷期に生息した大型のゾウの仲間は何ですか？,ナウマンゾウ ゾウ サイ バイソン 古代牛 トリケラトプス オオツノジカ メガロドン オオカミ ジャイアントモール
万葉集,奈良,日本最古の和歌集で、大伴家持らが編纂したとされるものは何ですか？,古今和歌集 新古今和歌集 金葉集 後撰集 拾遺集 新撰和歌 和漢朗詠集 懐風藻 古代歌集 和歌大全
水呑百姓,江戸,田畑を持たず地主の土地を借りて耕作していた農民を何と言いますか？,本百姓 小作人 農奴 借地農民 名請百姓 無地農民 零細百姓 年季奉公人 農業下人 小作百姓
密教,平安,空海が伝えた真言宗などに代表される、神秘的な儀式を重視する仏教の一派は何ですか？,天台宗 禅宗 浄土宗 法相宗 律宗 日蓮宗 華厳宗 三論宗 顕教 原始仏教
ミッドウェー海戦,現代,太平洋戦争中、日本海軍がアメリカ海軍に大敗した戦いは何ですか？,レイテ沖海戦 珊瑚海海戦 真珠湾攻撃 硫黄島の戦い 沖縄戦 ノルマンディー上陸作戦 大西洋の戦い アッツ島の戦い ガダルカナルの戦い 南太平洋海戦
水戸学,江戸,尊王思想や国学に影響を与えた、水戸藩で発展した学問は何ですか？,朱子学 国学 蘭学 陽明学 古学 勤王学 寺子屋学 士道学 封建学 藩校学問
港町,中世〜近世,日本各地の交通・交易の拠点となった、港を中心とした町を何と言いますか？,城下町 宿場町 門前町 商人町 農村 遊郭 漁村 町屋 市場町 船着町
水俣病,昭和,熊本県で起きた、有機水銀を原因とする四大公害病の一つは何ですか？,イタイイタイ病 四日市ぜんそく 新潟水俣病 大気汚染症 鉛中毒 ヒ素中毒 光化学スモッグ症 化学薬品障害 重金属汚染症 中毒性神経症
南満州鉄道(満鉄),昭和,日露戦争後、日本が満州に敷設・経営した重要な鉄道会社は何ですか？,北支鉄道会社 満鉄建設団 朝鮮総督府鉄道局 東清鉄道 中国鉄路総公司 中華鉄道会社 日満連絡鉄道 新京鉄道 山海関鉄道 関東軍鉄道部
身分制度,古代〜近世,武士・百姓・町人など、人々を法的・社会的に区分した制度を何と言いますか？,階級制度 封建制度 四民平等 族制 家制度 特権階級制 戸籍制 身分登録制 村落制度 差別制度
任那(加羅・伽耶),古墳,古代日本が朝鮮半島南部に持っていたとされる支配地を何と言いますか？,百済 新羅 高句麗 唐領地 伽耶連邦 帯方郡 韓四郡 任那日本府 楽浪郡 倭人地
明,中世〜近世,朱元璋が建国し、倭寇対策などで日本とも関わった中国の王朝は何ですか？,唐 宋 元 清 秦 夏 晋 遼 漢 隋
明銭,中世,中国の明で鋳造され、日本にも輸入された銅貨を何と言いますか？,宋銭 開元通宝 元銭 和同開珎 皇朝十二銭 中国貨幣 寛永通宝 銅開宝 唐銭 漢銭
民撰議院設立の建白書,明治,1874年に板垣退助らが提出した、国会開設を求める文書を何と言いますか？,五箇条の御誓文 自由民権宣言 憲法草案 憲法私擬案 大日本帝国憲法草案 明六社宣言 愛国社声明 民権運動綱領 建議書 国会要望書
民族自決,現代,ウィルソン大統領が提唱した、民族が自らの政治的運命を決定する権利を何と言いますか？,独立宣言 自由権 自治権 自決権 平和原則 民主的選択 国際協調 政治的独立 集団安全保障 人種平等
民族宗教,古代〜現代,特定の民族や地域に根ざし信仰されている宗教を何と言いますか？,普遍宗教 国教 世界宗教 部族宗教 地域信仰 原始宗教 先住信仰 地域祭祀 神話信仰 祖先信仰
民法,明治〜現代,私的な権利義務（家族・財産など）を定めた法律を何と言いますか？,憲法 刑法 商法 行政法 基本法 家族法 税法 契約法 法令集 裁判法
民本主義,大正,吉野作造が提唱した、民衆の利益を重視する政治思想を何と言いますか？,民主主義 自由主義 大衆主義 平民政治 立憲主義 共和主義 市民主義 議会主義 社会民主主義 自由民権思想
ムラ,縄文〜弥生,人々が定住して生活し始めた時代に形成された、小規模な共同体を何と言いますか？,集落 部族 家族単位 農村 集団 村落 住居群 縄文村 狩猟団 共同体群
村役人,江戸,名主・組頭・百姓代など、村の運営にあたった人々を何と言いますか？,庄屋 年寄 地頭 郷士 町役人 村老 在郷役人 代官補 五人組長 民役人
室町幕府,室町,足利尊氏が京都に開いた武家政権を何と言いますか？,鎌倉幕府 戦国政権 江戸幕府 南朝政権 将軍家 関東公方 幕府政権 足利政権 征夷府 武家政所
明治維新,明治,幕末から明治初期にかけて行われた政治・社会の大改革を何と言いますか？,大政奉還 王政復古 廃藩置県 文明開化 尊王攘夷 維新改革 政治革命 自由民権運動 明治改革 憲政創始
名誉革命,近世,イギリスで流血をともなわずに行われた王政の交代を何と言いますか？,ピューリタン革命 フランス革命 市民革命 王政復古 チャールズ革命 立憲革命 政変期 民主政革命 清教徒革命 革命改革
メソポタミア文明,古代,チグリス・ユーフラテス川流域で栄えた世界最古級の文明を何と言いますか？,エジプト文明 インダス文明 黄河文明 ペルシャ文明 ヒッタイト文明 アッシリア文明 シュメール文化 アラビア文明 チグリス文化 ナイル文明
目安箱,江戸,将軍吉宗が庶民の意見を取り入れるために設けた投書箱を何と言いますか？,町触箱 訴訟箱 上申箱 意見帳 訴え帳 町方箱 評定箱 幕府投函所 意見入れ 奉行箱
文字,古代,言語を記録・伝達するための記号体系を何と言いますか？,言語記号 象形符号 記録体系 伝達記号 言語模写 符号化 文様言語 言語記述法 言葉印 記号文
木簡,古代,日本で使用された、文字を記した細長い木の札を何と言いますか？,竹簡 石碑 紙札 粘土板 古簡 木札 墨板 板書 記札 書板
モヘンジョ・ダロ,古代,インダス文明の代表的な遺跡で、計画都市の特徴をもつものは何ですか？,ハラッパー インダス川都市 チグリス都市 メソポタミア遺跡 計画都市遺跡 ウル シュメール都市 ドラヴィダ都市 インダス郡城 南アジア遺跡
桃山文化,安土桃山,織田・豊臣政権期に栄えた、豪華で力強い文化を何と言いますか？,北山文化 東山文化 鎌倉文化 武家文化 京文化 南蛮文化 戦国文化 安土様式 豊臣文化 信長様式
モリソン号事件,江戸,1837年、日本人漂流者を救出するために来航したアメリカ船が撃退された事件は何ですか？,フェートン号事件 黒船事件 天保異国船事件 漂流民事件 異国船排撃令事件 日米衝突事件 通商要求事件 嘉永使節事件 咸臨丸事件 渡航阻止事件
モンゴル帝国,中世,チンギス・ハンによって建てられ、ユーラシアに広大な領土を築いた国家を何と言いますか？,元 金 唐 突厥 西夏 ティムール朝 スキタイ帝国 匈奴帝国 大ハン国 中央アジア帝国
門前町,中世〜近世,寺社の門前に発展した商工業者の町を何と言いますか？,宿場町 港町 城下町 寺町 参道町 町人町 市町 神社町 社前町 霊場町
靖国神社,近代,国家のために戦死した人々をまつる目的で明治時代に創建された神社は何ですか？,明治神宮 伊勢神宮 護国神社 東京大神宮 招魂社 忠魂社 国柱神社 戦没神社 国家社 英霊社
八幡製鉄所,明治,日本の官営製鉄所で、1901年に操業を開始した施設は何ですか？,釜石製鉄所 富士製鉄所 官営長崎製鉄所 鉄鋼庁 大阪製鉄所 日本製鉄 帝国製鋼 製鋼庁 九州製鉄 福岡製鋼
山城国一揆,戦国,農民や国人らが団結して守護大名を追放し自治を行った京都の一揆は何ですか？,加賀一向一揆 伊賀一揆 土一揆 国人一揆 惣村一揆 百姓一揆 守護追放一揆 在地一揆 国府一揆 京都百姓蜂起
邪馬台国,弥生,3世紀ごろに倭に存在したとされ、「魏志倭人伝」に記述された国は何ですか？,倭国 大和国 狗奴国 卑弥呼国 九州国 近畿国 和国 弥生王国 卑女国 倭女国
大和絵,平安〜室町,日本的な風物や物語を題材とした絵画様式を何と言いますか？,漢画 唐絵 仏画 屏風絵 浮世絵 草子絵 絵巻物 風俗画 日本絵 室町絵
大和政権,古墳,日本を統一し始めた奈良盆地を中心とする政権を何と言いますか？,出雲政権 吉備政権 倭国政権 古墳政権 古代豪族政権 天皇家政権 近畿王権 古代連合 畿内統一政権 古王国
山名氏,室町,室町幕府で「六分の一殿」と呼ばれるほど勢力を誇った守護大名は何氏か。,細川氏 斯波氏 畠山氏 赤松氏 今川氏 大内氏 京極氏 足利氏 三好氏 一色氏
弥生時代,弥生,稲作の開始と金属器の使用が特徴の、日本の時代区分を何と言いますか？,縄文時代 古墳時代 石器時代 先史時代 青銅器時代 旧石器時代 新石器時代 前方後円期 鉄器時代 農耕文化期
弥生土器,弥生,弥生時代に使われた、薄手でかたく焼かれた土器を何と言いますか？,縄文土器 土師器 須恵器 陶器 石器容器 炻器 素焼き土器 原始陶器 赤焼き器 弥生器
弥生文化,弥生,水稲農耕を特徴とする、弥生時代の文化を何と言いますか？,縄文文化 古墳文化 農耕文化 稲作文化 鉄器文化 環濠文化 弥生集落文化 米作文化 先史文化 焼物文化
ヤルタ会談,現代,連合国首脳が戦後処理について話し合った1945年の会談を何と言いますか？,ポツダム会談 カイロ会談 テヘラン会談 連合国会議 戦後処理会議 連合国高官会議 戦略協議会 対独戦略会談 戦後分割会談 欧州戦線会議
ユダヤ人,先史,古代イスラエルの民族的起源とされる、紀元前の中東に住んでいた人々は何と呼ばれるか。,セム人 カナン人 フェニキア人 アラム人 古代ヘブライ人 中東遊牧民 ハビル人 古代ユーフラテス民族 原イスラエル族 西アジア系民族
ユダヤ人,古代,旧約聖書に登場し、モーセの導きでエジプトを脱出した民族を何と言いますか？,ヘブライ人 イスラエル人 シリア人 カナン人 ミディアン人 アモリ人 パレスチナ人 セム族 サマリア人 古代遊牧民
ユダヤ人,中世,ヨーロッパのキリスト教圏で差別や迫害を受けながらも独自の文化を守った民族は何ですか？,ロマ人 モロッコ系民族 ユグノー ジプシー アシュケナジム セファルディム 改宗者 少数部族 民族教徒 流浪民
ユダヤ人,近世,ヨーロッパの啓蒙時代に市民権を求め、移住や排斥を経験した民族は何ですか？,プロテスタント 移民ユダヤ系 ユグノー マロノ 自由民 市民階級 都市民 啓蒙民族 改革派 開明民
ユダヤ人,近代,シオニズム運動の中でパレスチナへの移住を進めた民族は何ですか？,シオニスト パレスチナ移民 イスラエル人 ユダ移民 ヘブライ復興者 開拓者民 祖国回帰民 シリア系民族 ナショナリスト 帰還者
ユダヤ人,現代,イスラエル建国後も世界各地で民族的アイデンティティを維持している民族は何と呼ばれるか。,ディアスポラ イスラエル系民族 海外ユダヤ系 国際系民族 民族分散者 非居住民 宗教保持民 ユダ系移民 ヘブライ系 現代部族
庸,奈良,班田収授法に基づく税制で、都に労働の代わりに布などを納める税を何と言いますか？,調 雑徭 出挙 労役税 布納税 代替税 納物 口分田税 物納税 民租
陽明学,江戸,知行合一を説き、幕末の尊王攘夷運動にも影響を与えた儒学の一派は何ですか？,朱子学 古学派 水戸学 実学派 崎門学派 日本儒学 尊王派学 道学派 中庸派 幕末儒派
ヨーロッパ共同体(EC),現代,欧州の経済統合を進めるため1957年に設立された組織は何ですか？,EFTA OEEC EU 西ヨーロッパ連合 経済連合体 欧州委員会 統合経済機構 ユーロ圏機構 欧州通商機構 西欧経済会議
ヨーロッパの火薬庫,近代,第一次世界大戦のきっかけとなった、バルカン半島が「何の火薬庫」と呼ばれたか。,戦争地帯 衝突地帯 民族火種 列強対立地帯 衝突の谷 政争地域 国境火種地帯 欧州不安地帯 帝国衝突地 戦火地帯
ヨーロッパ連合(EU),現代,経済・政治の統合を目指し1993年に発足したヨーロッパの超国家組織は何ですか？,EC OECD EFTA ユーロ圏 NATO 欧州通貨連合 欧州協定機構 統合ヨーロッパ機構 欧州安保連合 連合欧州議会
横浜,幕末,1859年に開港され、外国との貿易で発展した神奈川県の港町はどこですか？,長崎 下田 神戸 函館 新潟 兵庫 大阪 浦賀 品川 清水
横浜,明治,明治維新後、日本の近代化を支えた主要な港町はどこですか？,神戸 大阪 長崎 東京 新潟 函館 清水 名古屋 舞鶴 呉
横浜,大正〜現代,関東大震災や第二次世界大戦後の復興を経て、日本有数の商業都市となった神奈川県の都市はどこですか？,川崎 東京 千葉 大阪 さいたま 名古屋 神戸 浜松 横須賀 藤沢
吉野ヶ里遺跡,弥生,日本最大級の環濠集落遺跡で、弥生文化の研究に重要な遺跡はどこですか？,登呂遺跡 唐古・鍵遺跡 板付遺跡 三内丸山遺跡 菜畑遺跡 沖ノ島遺跡 浜北人骨 岩宿遺跡 向ヶ丘遺跡 大森貝塚
四日市ぜんそく,昭和,日本で1960年代に公害問題として社会問題になった工業地帯のぜんそくを何と言いますか？,水俣病 イタイイタイ病 新潟水俣病 足尾鉱毒事件 公害問題 酸性雨 スモッグ障害 光化学スモッグ 高度経済成長病 環境汚染病
4つの口,江戸,村の自治に関わる有力者4名を総称して何と呼んだか。,村役人 名主 百姓代 組頭 庄屋 郷士 寄合役 年寄 村老 御用人
世直し,江戸,貧困や悪政に対して農民などが起こした社会運動の総称は何ですか？,百姓一揆 打ちこわし 義民運動 農民蜂起 乱妨取り 郷村闘争 御用金拒否 庄屋抗議 一揆連判状 百姓訴訟
寄合,江戸,村や藩で年寄などが話し合いをする会合を何と言いますか？,評定 会所 庄屋会議 町役人会議 村談義 百姓評定 村会 組合寄合 町寄合 名主会合
楽市・楽座,戦国,商工業の自由化を目的に織田信長が進めた政策を何と言いますか？,関所撤廃 市場開放令 商業振興令 自由商業制度 座廃止令 町人優遇策 検地整理 城下町政策 商都改革 貨幣流通促進策
落語,江戸,話芸の一つで、庶民の生活を笑いに変えた話術は何ですか？,講談 浄瑠璃 狂言 能 歌舞伎 小咄 浪曲 寄席芸 物真似芸 大道芸
ラジオ放送,昭和,1920年代から始まった大衆向けの無線音声放送を何と言いますか？,新聞 映画 テレビ放送 通信網 録音盤 講談放送 ニュース紙芝居 映写会 町内放送 朗読放送
拉致,現代,日本人が北朝鮮などに強制的に連れ去られた事件を何と言いますか？,密航 亡命 強制送還 拉致疑惑 不法入国 人権侵害事件 政治亡命 脱北者問題 国際問題 家族会問題
蘭学,江戸,日本でオランダを通じて西洋の学問や医学を学んだ学問は何ですか？,漢学 朱子学 和算 国学 洋学 医学所学 実学 兵学 物産学 寺子屋学
立憲改進党,明治,自由民権運動の流れで1882年に結成された初期の政党は何ですか？,自由党 立憲政友会 民政党 国民党 大日本帝国憲政会 憲政本党 進歩党 中立党 大政翼賛会 愛国公党
立憲君主制,明治〜昭和,明治憲法により成立し、天皇の権限が憲法によって制限された政治体制を何と言いますか？,絶対君主制 専制政治 議院内閣制 象徴天皇制 共和制 封建制 官僚制 帝政 帝国主義体制 皇帝独裁制
立憲君主制,現代,日本国憲法の下で、象徴天皇制と議会制民主主義を組み合わせた政治体制を何と言いますか？,民主主義 議院内閣制 国民主権 象徴制度 共和制 大統領制 社会主義体制 絶対王政 封建制度 独裁政治
立憲君主制,近世,17世紀イギリスで名誉革命の結果成立し、王の権力を議会が制限した政治体制を何と言いますか？,絶対王政 共和制 市民革命体制 王政復古 貴族政治 議会制王政 保守政治 階級政治 王政 国家協約体制
立憲君主制,近代,フランス革命後、多くのヨーロッパ諸国で導入され、君主の権限が憲法で制限された政治体制を何と言いますか？,共和制 帝政 絶対主義 社会主義体制 自由主義体制 民主制 人民主権 議会主導政治 王政 市民政府
立憲君主制,現代,現在も英国や日本などで見られる、憲法に基づき君主の権限が制限される政治体制を何と言いますか？,議会制民主主義 共和制 大統領制 社会民主主義 自由主義体制 市民政治 立法優位体制 国民代表制 選挙制 象徴制度
立憲政友会,明治〜大正,伊藤博文を中心に結成され、政党政治の基礎を築いた政党は何ですか？,自由党 憲政本党 国民党 進歩党 大日本帝国憲政会 中立党 大政翼賛会 民政党 政務会 愛国公党
立志社,明治,自由民権運動の中心となった、板垣退助が結成した政治団体は何ですか？,愛国公党 民撰議院 自由党 憲法起草会 高知社中 政治結社 国会期成同盟 立憲改進党 国権党 有司専制批判団
リットン調査団,昭和,1932年の満州事変を調査するために国際連盟が派遣した調査団は何ですか？,国際連盟 九カ国条約調査団 日米中立委員会 五カ国委員団 ロンドン会議団 満州国監察団 戦後処理団 国際監視団 条約調査団 極東国際団
律令,飛鳥〜奈良,日本の中央集権体制を整備するための法律体系を何と言いますか？,大宝律令 養老律令 班田収授法 戸籍法 冠位十二階 十七条の憲法 律法 古代法制 封建法 朝廷法
律令国家,奈良,律令によって支配体制が整えられた中央集権国家を何と言いますか？,中央集権国家 古代王政 律法体制国家 天皇制国家 貴族政治体制 古代統一政権 中央官制国家 古代国家 古代律法体制 法治国家
琉球,古代〜近世,日本の南に位置し独自の文化をもつ島々を何と言いますか？,アイヌ 台湾 沖縄本島 奄美諸島 対馬 小笠原諸島 南西諸島 日本列島 東シナ海諸島 南海道
琉球王国,中世〜近世,15世紀に成立し薩摩藩の支配を受けつつ独自の貿易で栄えた王国は何ですか？,アイヌ国家 奄美政権 薩摩藩領 南西諸島連合 中山王国 奄美王国 東南諸島国 対馬国 薩摩王国 日本領琉球
琉球処分,明治,1879年に日本政府が琉球王国を廃止し沖縄県を設置した出来事を何と言いますか？,版籍奉還 廃藩置県 征韓論 台湾出兵 日清戦争 沖縄県設置令 朝鮮併合 琉球併合 南西諸島統合 台湾併合
柳条湖(事件),昭和,1931年に満州で関東軍が南満州鉄道の線路を爆破した事件は何ですか？,盧溝橋事件 日華事変 満州事変 済南事件 通州事件 張作霖爆殺事件 支那事変 上海事変 大東亜戦争 中国事変
両替商,室町〜江戸,貨幣の交換や貸付けを行い、金融の中心となった商人を何と言いますか？,金貸し 商人 町人 問屋 蔵元 豪商 呉服商 銭屋 質屋 商業者
領国,中世,守護大名が支配した荘園や公領のまとまりを何と言いますか？,荘園 守護地頭領地 守護領 大名領 公領 封建領土 直轄地 自治領 家臣団領 知行地
領事裁判権(治外法権),幕末〜明治,外国人が日本の裁判を受けず自国の領事裁判を受ける権利を何と言いますか？,不平等条約 外交特権 外国人特権 内政干渉 治外処置 特別行政権 通商特許 特権階級裁判 外国法適用権 自治裁判権
臨済宗,鎌倉,禅宗の一派で、武士に広まった宗派は何ですか？,曹洞宗 浄土宗 日蓮宗 天台宗 真言宗 法相宗 華厳宗 律宗 浄土真宗 禅宗一般
ルネサンス(文芸復興),近世,14〜16世紀にかけてイタリアなどで広がった、ギリシャ・ローマの古典文化を復興しようとする文化運動を何と言いますか？,宗教改革 市民革命 産業革命 絶対主義 啓蒙思想 人文主義 バロック運動 再生文化 ギリシャ復興 古典復活主義
冷戦(冷たい戦争),現代,第二次世界大戦後のアメリカとソ連の直接戦闘を避けた対立を何と言いますか？,東西対立 核競争 資本主義対共産主義 鉄のカーテン 平和共存政策 分断体制 イデオロギー戦争 戦後秩序 国際緊張 ブロック経済対立
冷戦終結,現代,1989年のベルリンの壁崩壊などにより、東西対立が終わったことを何と言いますか？,ソ連崩壊 東欧革命 米ソ協調 核軍縮 世界再編 ドイツ統一 民主化革命 社会主義崩壊 冷戦協定 平和体制確立
列強,近代〜現代,アジアやアフリカに進出し勢力を拡大した欧米の強国を何と言いますか？,帝国主義国 欧米諸国 先進国 侵略国家 植民地主義国 支配国家 覇権国家 海洋帝国 大国 列国
連歌,鎌倉〜室町,複数人で詠み継いで作る和歌の形式を何と言いますか？,和歌 短歌 俳句 長歌 川柳 狂歌 詩文 雅歌 詩歌 古今和歌
連合国,現代,アメリカ・イギリス・ソ連など枢軸国に対抗した国々を何と言いますか？,枢軸国 連合軍 大国連盟 国際連合 戦勝国 協商国 自由陣営 国際勢力 対独連盟 抗戦国
最高司令官総司令部(GHQ),昭和,第二次世界大戦後、日本の占領と改革を指導した組織は何ですか？,占領軍 アメリカ軍 戦後改革機構 国連軍 マッカーサー司令部 戦後指令団 日本復興司令部 米軍政府 日本管理団 極東軍司令部
老中,江戸,幕府の政務を統括した最高職の役職を何と言いますか？,大老 奉行 旗本 御家人 若年寄 城代 評定所 勘定奉行 町奉行 目付
労働運動,明治〜現代,労働者の労働条件改善や権利獲得を目指して行われる社会運動を何と言いますか？,社会運動 労働争議 ストライキ 労働抗議 労働争議運動 労働団体運動 労働者運動 労働改革運動 労働改善運動 労働組合運動
労働基準法,昭和,1947年に制定され、労働時間や賃金などの基準を定めた法律は何ですか？,労働安全法 労働者保護法 雇用契約法 労働契約法 労働保護法 労働環境法 職業安定法 就業規則法 労働時間法 労働関係法
労働組合,明治〜現代,労働者が団結して労働条件の改善を求めるための組織を何と言いますか？,労働団体 労働協会 労働連盟 労働者組合 職員組合 団体交渉組織 就労団体 労働者連合 労働者会 労働者連盟
労働組合法,昭和,労働組合の結成や活動を保障するために制定された法律は何ですか？,労働組合法案 労働組合活動法 労働保障法 労働者保護法 労働者権利法 労働基本法 労働団体法 団体交渉法 労働組織法 就労組合法
ローマ教皇,中世〜現代,カトリック教会の最高指導者を何と言いますか？,法王 教皇庁長官 司教 司祭 枢機卿 教皇代理 司教長 宗教総裁 教会総長 教会長
ローマ帝国,古代,地中海世界を支配し、西暦27年に始まった帝政時代の国家を何と言いますか？,ローマ共和政 カルタゴ帝国 ビザンツ帝国 エジプト帝国 ヘレニズム帝国 ギリシア帝国 アレクサンドロス帝国 古代ローマ カエサル帝国 パルティア帝国
ローマ文明,古代,イタリア半島を中心に栄え、共和政・帝政を経た文明は何ですか？,エトルリア文明 ギリシア文明 カルタゴ文明 ヘレニズム文明 フェニキア文明 バビロニア文明 アッシリア文明 古代ローマ文明 古代ギリシア文明 エジプト文明
六波羅探題,鎌倉,鎌倉幕府が京都に設置した京都の警備・監督の役所は何ですか？,守護所 侍所 評定所 鎌倉府 京都所司代 鎮守府 番役所 関所 東国管領 公文所
鹿鳴館,明治,西洋風の社交場として建てられ、明治政府の外交政策を象徴した施設は何ですか？,築地ホテル 帝国ホテル 銀座洋館 丸の内迎賓館 横浜外国人居留地 東京博物館 大隈講堂 迎賓館 日本館 日比谷公園
虚溝橋事件,昭和,中国で日本軍と中国軍が衝突した事件で、日中戦争のきっかけとなったものは何ですか？,盧溝橋事件 上海事変 通州事件 済南事件 柳条湖事件 大連事件 張作霖爆殺事件 北支事変 中国事変 南京事件
ロシア,中世〜現代,東ヨーロッパと北アジアにまたがる国家で、帝政からソ連を経て現代の連邦国家となった国はどこですか？,ソ連 ウクライナ ベラルーシ カザフスタン モルドバ ラトビア リトアニア エストニア ポーランド フィンランド
ロシア革命,現代,1917年に起きたロシア帝政崩壊とソビエト政権樹立の出来事を何と言いますか？,十月革命 二月革命 赤軍創設 白軍反乱 社会主義革命 ボリシェヴィキ革命 ロマノフ家打倒 農民蜂起 労働者蜂起 共産党革命
ロシア連邦,現代,ソビエト連邦解体後のロシアの正式国名は何ですか？,ソ連連邦 ロシア帝国 ロシア共和国 ロシア社会主義共和国 ロシア共産主義連邦 ロシア自治共和国 ロシア国家 ロシア連合 ロシア王国 ロシア共和国連邦
論語,古代,孔子の言行を弟子たちがまとめた儒教の基本的な書物は何ですか？,孟子 大学 中庸 春秋 礼記 孝経 詩経 書経 周礼 易経
ロンドン軍縮会議,現代,1921〜22年に開かれ、第一次世界大戦後の海軍軍備削減を協議した会議は何ですか？,ワシントン会議 パリ講和会議 ベルサイユ会議 ヤルタ会談 ポツダム会議 ジュネーブ会議 サンフランシスコ会議 国際連盟会議 ハーグ会議 シカゴ会議
倭,古墳,古代中国の文献に記された日本の呼称は何ですか？,倭国 倭人 大和 邪馬台国 日本 和国 倭奴 弥生 日本列島 縄文
和歌,飛鳥,日本の伝統的な短詩形の詩を何と言いますか？,短歌 俳句 連歌 詩歌 漢詩 和文 和詩 古今和歌集 万葉集 古歌
倭寇,中世,14〜16世紀に東アジア沿岸で海賊行為を行った日本人を何と言いますか？,海賊 密航者 私掠船 水賊 盗賊 密貿易者 密輸業者 山賊 船賊 海賊団
ワシントン会議,現代,1921〜22年に開かれ、軍縮や太平洋の安全保障を話し合った国際会議は何ですか？,ロンドン会議 パリ講和会議 ベルサイユ会議 ヤルタ会談 ポツダム会議 ジュネーブ会議 国際連盟会議 ハーグ会議 サンフランシスコ会議 シカゴ会議
和同開珎,奈良,日本で最初に発行された銅銭を何と言いますか？,富本銭 開元通宝 天平銭 宣化銭 乾元大宝 永楽通宝 元豊通宝 観応通宝 元宝 明銭
倭の五王,古墳,中国の歴史書に記された日本の古代王たちを総称して何と言いますか？,五王 五帝 五柱 五君 五帝王 五聖 五帝国 五代王 五氏 五皇
ワルシャワ条約機構,現代,冷戦期にソ連を中心に成立した東側の軍事同盟は何ですか？,北大西洋条約機構 ワシントン条約機構 ベルリン条約機構 東欧軍事同盟 共産圏軍事同盟 東側軍事同盟 社会主義軍事同盟 モスクワ軍事同盟 ソ連軍事同盟 東欧連合
湾岸戦争,現代,1990年代にイラクのクウェート侵攻をめぐって行われた多国籍軍の戦争は何ですか？,イラク戦争 ペルシャ湾戦争 ゴルフ戦争 ペルシャ湾紛争 クウェート戦争 多国籍軍戦争 砂漠の嵐作戦 ペルシャ湾危機 中東戦争 多国籍戦争
