アイスランド,ヨーロッパ,北大西洋に位置し火山活動が活発な国はどこですか？,フィンランド ノルウェー スウェーデン デンマーク アイルランド グリーンランド スコットランド エストニア ラトビア リトアニア
愛知県,中部,中京工業地帯の中心で、名古屋市がある県はどこですか？,三重県 岐阜県 滋賀県 静岡県 富山県 石川県 山梨県 和歌山県 長野県 福井県
青森県,東北,本州の最北端にある県はどこですか？,北海道 岩手県 秋田県 山形県 宮城県 福島県 栃木県 群馬県 茨城県 新潟県
青森市,東北,青森県の県庁所在地はどこですか？,弘前市 盛岡市 秋田市 仙台市 福島市 山形市 会津若松市 黒石市 八戸市 宇都宮市
赤石山脈,中部,南アルプスとも呼ばれる山脈は何ですか？,飛騨山脈 秩父山地 八ヶ岳 赤城山 谷川岳 奥秩父山塊 関東山地 丹沢山地 日光連山 奥羽山脈
明石市,近畿,日本の標準時子午線が通る都市はどこですか？,神戸市 姫路市 岡山市 和歌山市 高松市 徳島市 松山市 高知市 福山市 広島市
秋田県,東北,米の生産がさかんな東北地方の県はどこですか？,岩手県 宮城県 福島県 山形県 青森県 栃木県 群馬県 茨城県 新潟県 福井県
秋田市,東北,秋田県の県庁所在地はどこですか？,大仙市 横手市 能代市 盛岡市 仙台市 福島市 会津若松市 潟上市 青森市 宇都宮市
英虞湾,近畿,真珠の養殖がさかんな三重県の湾はどこですか？,志摩市 熊野市 尾鷲市 伊勢市 名張市 松阪市 鳥羽市 四日市市 鈴鹿市 津市
旭川市,北海道,北海道で札幌市に次いで人口が多い都市はどこですか？,函館市 釧路市 帯広市 北見市 室蘭市 稚内市 網走市 留萌市 江別市 小樽市
アフリカ,アフリカ,サハラ砂漠やナイル川がある州（大陸）はどこですか？,アジア ヨーロッパ 南極 北アメリカ 南アメリカ オセアニア 中東 カリブ海 地中海 マグリブ
アフリカ大陸,アフリカ,世界で2番目に大きい大陸はどこですか？,アジア ヨーロッパ 北アメリカ 南アメリカ オセアニア 南極 中東 カリブ海 地中海 マグリブ
アマゾン川,南アメリカ,南アメリカを流れる世界最大の流量をもつ川は何ですか？,ナイル川 ミシシッピ川 長江 ガンジス川 ドナウ川 コンゴ川 テムズ川 ライン川 ヴォルガ川 ユーフラテス川
アメリカ合衆国,北アメリカ,世界有数の経済大国で、州からなる国はどこですか？,カナダ メキシコ ブラジル アルゼンチン ロシア 中国 インド イギリス フランス ドイツ
アラスカ州,北アメリカ,アメリカの中で最も北にあり寒冷な州はどこですか？,カナダ グリーンランド アイスランド ノースダコタ モンタナ ミネソタ ウィスコンシン メーン バーモント ニューハンプシャー
アラビア半島,アジア,サウジアラビアなどが位置し、石油資源が豊富な半島はどこですか？,インドシナ半島 ユカタン半島 イベリア半島 アナトリア半島 バルカン半島 スカンディナヴィア半島 カムチャツカ半島 メキシコ半島 ラブラドル半島 ライン川流域
有明海,九州,九州の北西部にあり、海苔の養殖で知られる湾はどこですか？,八代海 瀬戸内海 豊後水道 宇和海 筑後川 河口湾 豊後灘 宇佐湾 五島灘 天草灘
アルゼンチン,南アメリカ,南アメリカ南部に位置し、パンパと呼ばれる草原が広がる国はどこですか？,ブラジル チリ ペルー コロンビア ベネズエラ ウルグアイ ボリビア エクアドル パラグアイ ガイアナ
アルプス山脈,ヨーロッパ,ヨーロッパ中部を東西に走る高い山脈は何ですか？,ピレネー山脈 カルパチア山脈 ウラル山脈 スカンディナヴィア山脈 グレートディバイディング山脈 ヒマラヤ山脈 アパラチア山脈 ロッキー山脈 アトラス山脈 コーカサス山脈
淡路島,近畿,瀬戸内海にあり、明石海峡大橋で本州とつながる島はどこですか？,四国 佐渡島 屋久島 小豆島 隠岐諸島 能登半島 対馬 丹後半島 隠岐島 五島列島
アンデス山脈,南アメリカ,南アメリカの西側に南北に長く伸びる山脈は何ですか？,ロッキー山脈 アパラチア山脈 ヒマラヤ山脈 ウラル山脈 グレートディバイディング山脈 ピレネー山脈 カルパチア山脈 アルプス山脈 コーカサス山脈 アトラス山脈
イギリス,ヨーロッパ,産業革命が始まったヨーロッパの島国はどこですか？,アイルランド アイスランド ノルウェー スウェーデン デンマーク オランダ ベルギー フランス ドイツ イタリア
石狩山地,北海道,北海道中央部に位置する山地は何ですか？,日高山脈 大雪山系 後志山地 十勝連峰 知床連山 トムラウシ山系 石狩平野 釧路平野 阿寒山地 根室半島
石狩平野,北海道,北海道で最も広く、農業が盛んな平野はどこですか？,十勝平野 函館平野 釧路平野 根室平野 後志平野 日高平野 札幌平野 網走平野 美唄平野 旭川平野
出雲大社,中国・四国,島根県にあり、古くから信仰を集めてきた神社は何ですか？,厳島神社 宮島神社 明治神宮 熱田神宮 伊勢神宮 鹿島神宮 香取神宮 日光東照宮 鹿苑寺 伏見稲荷大社
伊勢湾,中部,愛知県や三重県に面し、中京工業地帯に囲まれた湾はどこですか？,三河湾 駿河湾 琵琶湖 富士五湖 敦賀湾 若狭湾 東京湾 能登湾 大村湾 有明海
市川市,関東,千葉県にあり、江戸川沿いに発展した市はどこですか？,松戸市 柏市 浦安市 船橋市 市原市 鎌ヶ谷市 習志野市 我孫子市 流山市 八千代市
猪苗代湖,東北,福島県にある日本で4番目に大きい湖は何ですか？,霞ヶ浦 琵琶湖 阿寒湖 洞爺湖 十和田湖 支笏湖 田沢湖 宍道湖 諏訪湖 五色沼
茨城県,関東,水戸市を県庁所在地とし、農業と工業が盛んな関東地方の県はどこですか？,栃木県 群馬県 千葉県 埼玉県 東京都 神奈川県 長野県 山梨県 新潟県 福島県
茨木市,近畿,大阪府にあり、古くから交通の要所として栄えた市はどこですか？,吹田市 高槻市 東大阪市 堺市 豊中市 枚方市 八尾市 松原市 寝屋川市 大東市
今治市,中国・四国,しまなみ海道の起点で、タオルの生産がさかんな愛媛県の市はどこですか？,松山市 新居浜市 西条市 四国中央市 宇和島市 大洲市 八幡浜市 伊予市 西予市 東温市
イラン,アジア,中東にあり、ペルシャ湾に面し、石油資源が豊富な国はどこですか？,イラク サウジアラビア クウェート アラブ首長国連邦 カタール バーレーン オマーン ヨルダン レバノン シリア
いわき市,東北,福島県にあり、小名浜港やスパリゾートハワイアンズで知られる市はどこですか？,福島市 郡山市 会津若松市 白河市 喜多方市 相馬市 南相馬市 須賀川市 二本松市 田村市
岩国市,中国・四国,山口県にあり、錦帯橋で有名な市はどこですか？,下関市 周南市 防府市 山口市 宇部市 光市 長門市 萩市 柳井市 平生町
磐田原,中部,静岡県西部に広がる台地で、茶の栽培が盛んな場所はどこですか？,掛川市 袋井市 浜松市 湖西市 藤枝市 焼津市 御前崎市 静岡市 沼津市 富士市
岩手県,東北,本州で最も面積が広く、盛岡市を県庁所在地とする県はどこですか？,青森県 秋田県 宮城県 山形県 福島県 栃木県 群馬県 茨城県 新潟県 長野県
石見銀山,中国・四国,島根県にある、世界遺産に登録された歴史的な銀山はどこですか？,足尾銅山 阿蘇山 佐渡金山 菱刈鉱山 銀山町 室蘭市 岩手銀山 出雲大社 富士山 屋久島
インダス川,アジア,パキスタンを流れ、古代文明が栄えた川は何ですか？,ガンジス川 ブラマプトラ川 メコン川 イラワジ川 ヤンツェ川 黄河 ラプラ川 チグリス川 ユーフラテス川 ナイル川
インド,アジア,南アジアに位置し、人口が世界最多の国はどこですか？,中国 バングラデシュ パキスタン ネパール スリランカ ブータン モルディブ アフガニスタン タイ ミャンマー
インドネシア,アジア,多くの島からなる東南アジアの国で、ジャワ島があるのはどこですか？,フィリピン マレーシア タイ ベトナム シンガポール ミャンマー ラオス カンボジア 東ティモール ブルネイ
インド洋,世界,アジア・アフリカ・オーストラリアに囲まれた海洋は何ですか？,太平洋 大西洋 北極海 南極海 地中海 カリブ海 バルト海 日本海 ベーリング海 ノルウェー海
上野村,関東,群馬県南西部で神流川上流に位置し人口が少ない村はどこですか？,神流町 下仁田町 甘楽町 藤岡市 高崎市 前橋市 桐生市 伊勢崎市 太田市 沼田市
有珠山,北海道,北海道の洞爺湖の南岸にあり20世紀に複数回噴火した活火山は何ですか？,昭和新山 十勝岳 羊蹄山 樽前山 駒ヶ岳 利尻山 然別湖 恵山 山中湖 大雪山系
宇部市,中国・四国,山口県西部にあり石炭から化学工業へ発展した工業都市はどこですか？,下関市 周南市 防府市 山口市 萩市 岩国市 光市 柳井市 長門市 山陽小野田市
ウユニ塩原,南アメリカ,ボリビア南西部にある世界最大級の塩湖はどこですか？,ティティカカ湖 マラカイボ湖 チチカカ湖 セルバンテス湖 ポリマ湖 ペルー湖 カラカス湖 ブラジル湖 アマゾン湖 リオデジャネイロ湖
ウラル山脈,ヨーロッパ,ヨーロッパとアジアの境界とされるロシアの長大な山脈は何ですか？,コーカサス山脈 アルタイ山脈 アパラチア山脈 カルパチア山脈 ピレネー山脈 スカンディナビア山脈 アルプス山脈 ロッキー山脈 ヒマラヤ山脈 アトラス山脈
雲仙岳(普賢岳),九州,1990年代の火砕流で知られる長崎県島原半島の活火山は何ですか？,阿蘇山 桜島 霧島山 口永良部島 富士山 桑折山 薩摩富士 霧島連山 鬼界カルデラ 宮崎山地
エクアドル,南アメリカ,国名が「赤道」を意味しガラパゴス諸島を領有する南米の国はどこですか？,コロンビア ペルー ボリビア チリ ベネズエラ ガイアナ スリナム フランス領ギアナ アルゼンチン ウルグアイ
エジプト,アフリカ,ナイル川流域に古代文明が栄え今もピラミッドが残る国はどこですか？,スーダン リビア チャド ニジェール ナイジェリア エチオピア ケニア ウガンダ タンザニア モロッコ
エチオピア高原,アフリカ,「アフリカの屋根」と呼ばれ標高2000ｍを超える東アフリカの高原はどこですか？,ケニア高原 タンザニア高原 ウガンダ高原 ルワンダ高原 ブルンジ高原 マダガスカル高原 ザンビア高原 ジンバブエ高原 モザンビーク高原 南アフリカ高原
越後山脈,中部,新潟県と福島県の県境に連なる山脈は何ですか？,飯豊山脈 会津山地 尾瀬山地 赤城山 谷川岳 越中山脈 飛騨山脈 上越山脈 八ヶ岳 丹沢山地
越後平野,中部,信濃川と阿賀野川の下流に広がる新潟県最大の平野はどこですか？,長岡平野 新発田平野 会津平野 阿賀野平野 福島平野 上越平野 越前平野 佐渡平野 富山平野 石川平野
択捉島,北海道,北方領土の中で最も大きい島はどこですか？,国後島 色丹島 歯舞群島 紋別島 礼文島 利尻島 奥尻島 天売島 焼尻島 苫小牧島
愛媛県,日本,松山市を県庁所在地としみかんの生産がさかんな四国の県はどこですか？,高知県 徳島県 香川県 福岡県 大分県 佐賀県 長崎県 熊本県 宮崎県 鹿児島県
奥羽山脈,東北,東北地方を南北に貫く本州最長の山脈は何ですか？,出羽山地 陸奥山地 霊山 阿武隈山地 磐梯山 越前山脈 飯豊山脈 丹沢山地 越後山脈 八ヶ岳
大泉町,関東,ブラジル出身者が多く「リトルブラジル」とも呼ばれる群馬県の町はどこですか？,高崎市 前橋市 桐生市 伊勢崎市 太田市 藤岡市 沼田市 甘楽町 みどり市 安中市
大分県,九州,別府温泉や由布院温泉が有名な九州の県はどこですか？,熊本県 宮崎県 鹿児島県 佐賀県 長崎県 福岡県 大牟田市 延岡市 日南市 日向市
大阪市,近畿,淀川河口部に発展し関西の経済中心となっている政令指定都市はどこですか？,神戸市 京都市 堺市 奈良市 和歌山市 豊中市 吹田市 茨木市 東大阪市 枚方市
大阪平野,近畿,淀川が形成し大阪府中央部から兵庫県南東部に広がる平野はどこですか？,京都盆地 河内平野 堺平野 奈良盆地 淀川流域 大和高原 六甲山地 生駒山地 和泉山地 箕面山地
小笠原諸島,関東,東京都に属し「東洋のガラパゴス」と呼ばれる亜熱帯の離島群はどこですか？,伊豆諸島 南鳥島 琉球諸島 八丈島 大島 三宅島 父島 母島 奄美群島 硫黄島
岡山県,中国・四国,桃の生産がさかんで、吉備団子の発祥地として知られる中国地方の県はどこですか？,広島県 山口県 鳥取県 島根県 愛媛県 香川県 徳島県 高知県 福岡県 佐賀県
岡山市,中国・四国,岡山県の県庁所在地で、晴れの日が多い都市はどこですか？,広島市 山口市 松山市 高松市 高知市 徳島市 鳥取市 島根市 米子市 倉敷市
沖縄県,九州,本州から最も南に位置し、サンゴ礁や観光で有名な県はどこですか？,鹿児島県 宮崎県 長崎県 佐賀県 福岡県 大分県 熊本県 山口県 愛媛県 高知県
沖ノ鳥島,九州,日本の最南端にある小さな島で、排他的経済水域を確保するために重要な島はどこですか？,南鳥島 小笠原諸島 与那国島 石垣島 宮古島 久米島 奄美大島 渡嘉敷島 渡名喜島 久高島
奥多摩,関東,東京都の西端にある山間地域で、多摩川の源流域として知られる場所はどこですか？,丹沢山地 秩父山地 奥秩父山地 奥武蔵山地 高尾山地 八王子市 青梅市 日の出町 瑞穂町 羽村市
オーストラリア,オセアニア,首都をキャンベラにもち、羊毛や鉱産資源の輸出が多い国はどこですか？,ニュージーランド パプアニューギニア フィジー サモア トンガ バヌアツ ソロモン諸島 フランス領ポリネシア クック諸島 ナウル
オーストラリア大陸,オセアニア,世界で最も小さく、全体が一つの国である大陸はどこですか？,南極大陸 南アメリカ大陸 アフリカ大陸 ユーラシア大陸 北アメリカ大陸 南極 オセアニア大陸 アジア大陸 北極圏 グリーンランド
尾瀬,関東,群馬・福島・新潟にまたがる湿原で、高山植物の宝庫として知られる国立公園はどこですか？,日光 磐梯山 草津白根 八甲田 那須 赤城 谷川連峰 男体山 奥只見 谷川岳
オセアニア州,オセアニア,オーストラリアやニュージーランド、南太平洋の島々を含む州はどこですか？,アジア州 ヨーロッパ州 アフリカ州 北アメリカ州 南アメリカ州 南極州 オセドニア州 カリブ州 太平洋州 アジア太平洋州
小樽市,北海道,北海道の日本海側に位置し、運河と歴史的建物で観光地となっている市はどこですか？,函館市 旭川市 釧路市 帯広市 北見市 室蘭市 網走市 根室市 留萌市 稚内市
尾道市,中国・四国,広島県にあるしまなみ海道の起点で、坂の町として知られる市はどこですか？,福山市 三原市 呉市 廿日市市 広島市 東広島市 安芸高田市 大竹市 海田町 府中町
オホーツク海,世界,北海道の北東に広がる海で、冬に流氷が見られるのはどこですか？,日本海 太平洋 北海道湾 ベーリング海 北極海 北海道沖瀬戸内海 瀬戸内海 サハリン海 カムチャッカ海 南シナ海
オランダ,ヨーロッパ,干拓地の利用が進み、風車とチューリップで有名なヨーロッパの国はどこですか？,ベルギー デンマーク ドイツ フランス スウェーデン ノルウェー イギリス アイルランド ポーランド チェコ
香川県,中国・四国,うどんの産地として有名で、日本で最も面積が小さい県はどこですか？,徳島県 愛媛県 高知県 福岡県 佐賀県 長崎県 大分県 熊本県 宮崎県 鹿児島県
鹿児島県,九州,桜島を有し、さつまいもや茶の生産がさかんな九州の県はどこですか？,宮崎県 熊本県 大分県 福岡県 佐賀県 長崎県 沖縄県 兵庫県 宮城県 山口県
鹿児島市,九州,鹿児島県の県庁所在地で、桜島に面した都市はどこですか？,熊本市 宮崎市 福岡市 佐賀市 長崎市 大分市 鹿児市 鹿島市 宮古市 石垣市
笠野原,九州,鹿児島県南西部にある火山灰からなる台地で、サツマイモなどの栽培が行われる場所はどこですか？,霧島台地 阿蘇台地 宮崎台地 鹿児島平野 九州中央台地 日向台地 薩摩台地 肝属台地 那須台地 天草台地
カザフスタン,アジア,中央アジアに位置し、かつてソ連に属していた内陸国はどこですか？,ウズベキスタン トルクメニスタン キルギス タジキスタン モンゴル アフガニスタン イラン イラク サウジアラビア クウェート
門真市,近畿,大阪府にあり、家電メーカーの本社が立地している市はどこですか？,東大阪市 大東市 枚方市 寝屋川市 茨木市 高槻市 豊中市 吹田市 箕面市 池田市
ガーナ,アフリカ,西アフリカに位置し、カカオ豆の生産がさかんな国はどこですか？,コートジボワール ナイジェリア セネガル マリ ガンビア ベナン トーゴ フィリピン リベリア シエラレオネ
神奈川県,関東,横浜市や川崎市を含み、人口が日本で2番目に多い県はどこですか？,東京都 埼玉県 千葉県 茨城県 栃木県 群馬県 山梨県 長野県 新潟県 福島県
金沢市,中部,加賀百万石の城下町として栄え、伝統工芸が盛んな石川県の市はどこですか？,富山市 高岡市 福井市 敦賀市 小松市 七尾市 輪島市 羽咋市 白山市 野々市市
カナダ,北アメリカ,面積がロシアに次いで世界第2位で、森林資源が豊富な国はどこですか？,アメリカ合衆国 メキシコ ブラジル アルゼンチン 中国 インド オーストラリア フランス ドイツ イギリス
鎌倉市,関東,神奈川県にあり、かつて幕府が置かれた歴史的都市はどこですか？,横浜市 川崎市 藤沢市 茅ヶ崎市 相模原市 平塚市 大和市 海老名市 座間市 綾瀬市
神山町,中国・四国,徳島県にあるIT企業のサテライトオフィス誘致で有名になった町はどこですか？,美馬市 阿波市 三好市 板野町 名西郡 丹波町 美馬町 吉野川市 小松島市 徳島市
樺太(サハリン),アジア,かつて日本領であり、現在はロシア領になっている島はどこですか？,千島列島 北海道 本州 四国 九州 南鳥島 小笠原諸島 南極大陸 ニューギニア島 ニュージーランド
カリブ海諸国,北アメリカ,中米にある多くの島国で、観光やサトウキビ栽培がさかんな地域はどこですか？,バハマ諸島 バミューダ諸島 バルバドス セントルシア グレナダ トリニダード・トバゴ ジャマイカ ドミニカ国 ハイチ ドミニカ共和国
軽井沢町,中部,長野県にある避暑地・別荘地として有名な町はどこですか？,白馬村 諏訪市 松本市 飯田市 伊那市 長野市 上田市 小諸市 佐久市 安曇野市
川崎市,関東,神奈川県にある工業地帯が広がる政令指定都市はどこですか？,横浜市 相模原市 さいたま市 千葉市 川口市 船橋市 所沢市 藤沢市 厚木市 茅ヶ崎市
韓国,アジア,朝鮮半島の南部に位置し、ソウルを首都とする国はどこですか？,北朝鮮 中国 日本 モンゴル 台湾 フィリピン ベトナム タイ カンボジア ラオス
ガンジス川,アジア,ヒンドゥー教の聖なる川とされ、インド北部を流れる川は何ですか？,インダス川 ヤムナ川 ブラマプトラ川 メコン川 サルウィン川 ナイル川 アマゾン川 ミシシッピ川 ドナウ川 テムズ川
関東山地,関東,関東地方西部に広がり、秩父山地などを含む山地は何ですか？,奥武蔵山地 丹沢山地 奥秩父山地 筑波山地 飯能山地 多摩山地 北関東山地 大秩父山地 日光山地 足尾山地
関東平野,関東,日本最大の平野で、東京や埼玉などを含む広大な平野はどこですか？,濃尾平野 北九州平野 筑紫平野 琵琶湖平野 信濃平野 上毛平野 江戸平野 山形平野 福島平野 日光平野
カンボジア,アジア,東南アジアにあり、アンコールワット遺跡で有名な国はどこですか？,タイ ラオス ベトナム ミャンマー マレーシア シンガポール インドネシア フィリピン ブルネイ 東ティモール
ギアナ高地,南アメリカ,南アメリカ北部にあり、テーブルマウンテンが特徴的な高地はどこですか？,アンデス山脈 パンパ 高原 アマゾン盆地 グアテマラ高地 グアヤキル高地 アタカマ高地 マラカイボ盆地 グアラニー高地 マヤ高地
紀伊山地,近畿,奈良・和歌山・三重県にまたがる山地で、高野山や吉野山があるのはどこですか？,丹波山地 中国山地 六甲山地 比良山地 播磨山地 山陰山地 近畿山地 筑波山地 奥羽山脈 日光山地
紀伊半島,近畿,本州南部に突き出し、熊野古道などがある半島はどこですか？,能登半島 房総半島 知多半島 三浦半島 若狭半島 尾鷲半島 佐渡半島 淡路島 近畿半島 四国
木曽川,中部,長野県に源をもち、濃尾平野を流れる中部地方の川は何ですか？,信濃川 天竜川 富士川 球磨川 利根川 阿賀野川 吉野川 濃尾川 北上川 最上川
木曽山脈,中部,中央アルプスとも呼ばれる長野県の山脈は何ですか？,南アルプス 飛騨山脈 北アルプス 越後山脈 赤石山脈 奥羽山脈 日光山脈 筑波山地 関東山地 丹沢山地
北アメリカ州,北アメリカ,アメリカ合衆国やカナダ、メキシコなどを含む州（大陸）はどこですか？,南アメリカ州 ヨーロッパ州 アジア州 アフリカ州 オセアニア州 南極州 北極圏 中東地域 カリブ海地域 太平洋地域
北アメリカ大陸,北アメリカ,五大湖やロッキー山脈をもつ大陸はどこですか？,南アメリカ大陸 ユーラシア大陸 アフリカ大陸 オーストラリア大陸 南極大陸 北極圏 グリーンランド インドネシア フィリピン ジャワ島
北上高地,東北,岩手県の東部に広がるなだらかな高地はどこですか？,奥羽山脈 陸中山地 出羽山地 奥羽山地 秋田平野 岩手平野 仙台平野 盛岡平野 北上平野 仙台丘陵
北上市,東北,岩手県の中部に位置し、北上川沿いにある市はどこですか？,盛岡市 花巻市 一関市 久慈市 宮古市 大船渡市 釜石市 遠野市 二戸市 奥州市
北九州市,九州,福岡県にあり、八幡製鉄所がつくられた工業都市はどこですか？,福岡市 久留米市 大牟田市 柳川市 筑後市 直方市 飯塚市 宮若市 八女市 大川市
北朝鮮,アジア,朝鮮半島の北半分を占め、ピョンヤンを首都とする国はどこですか？,韓国 中国 ロシア モンゴル 日本 ベトナム タイ ラオス カンボジア ミャンマー
北ドイツ平原,ヨーロッパ,ヨーロッパ北部に広がる、氷河の影響でできた平坦な地形の平原はどこですか？,ポーランド平原 フランス平原 イギリス平原 イタリア平原 スペイン平原 ベルギー平原 オランダ平原 ドイツ中部高地 バルト三国 ラトビア
北見盆地,北海道,北海道東部にあり、玉ねぎの生産がさかんな盆地はどこですか？,十勝盆地 釧路平野 美幌盆地 帯広盆地 網走平野 石狩盆地 津別盆地 長沼平野 美瑛盆地 斜里盆地
ギニア,アフリカ,西アフリカにあり、アルミニウムの原料であるボーキサイトの産出が多い国はどこですか？,ガーナ ナイジェリア コートジボワール リベリア セネガル マリ チャド ベナン トーゴ ブルキナファソ
ギニア湾岸,アフリカ,西アフリカの南部に面し、石油資源が豊富な地域はどこですか？,ナイジェリア湾岸 セネガル湾岸 カメルーン海岸 コートジボワール湾岸 ガボン湾岸 赤道ギニア湾岸 ガーナ沿岸 トーゴ沿岸 ベナン沿岸 リベリア沿岸
岐阜県,中部,飛騨山地や白川郷などがあり、長良川が流れる中部地方の県はどこですか？,福井県 石川県 富山県 滋賀県 奈良県 三重県 愛知県 静岡県 長野県 山梨県
九州山地,九州,九州中央部に連なる山地で、霧島山や阿蘇山を含むのはどこですか？,中国山地 四国山地 筑紫山地 日向山地 四国中央山地 関東山地 飛騨山地 丹沢山地 奥羽山脈 筑波山地
九州地方,九州,福岡・熊本・鹿児島などを含む、日本列島の南西部の地方はどこですか？,四国地方 中部地方 関東地方 東北地方 北海道地方 沖縄地方 中国地方 近畿地方 関西地方 南九州地方
京都市,近畿,かつての都で、歴史的建造物や伝統文化が多く残る市はどこですか？,奈良市 大津市 大阪市 神戸市 和歌山市 彦根市 豊橋市 長浜市 草津市 高槻市
霧島山,九州,宮崎・鹿児島県境にある火山群で、新燃岳などを含むのはどこですか？,阿蘇山 桜島 雲仙岳 由布岳 開聞岳 活火山 九州の火山 九州地方の山 九州の山 九州の平野
ギリシャ,ヨーロッパ,ヨーロッパ南部にあり、古代文明の遺跡が多く、エーゲ海に面する国はどこですか？,イタリア トルコ スペイン ポルトガル フランス ドイツ オーストリア スイス ベルギー オランダ
キリマンジャロ山,アフリカ,アフリカ大陸最高峰で、タンザニアにある山は何ですか？,ルウェンゾリ山 マラウイ山 ネンゴロゴロ山 ンゴロンゴロ山 エルゴ山 ケニア山 タンガニーカ山 ニレ山 ギニア山 ギニア高地
近畿地方,近畿,大阪府や京都府、奈良県などを含む、日本の中部西側に位置する地方はどこですか？,中部地方 関東地方 中国地方 四国地方 九州地方 北海道地方 沖縄地方 東北地方 近機地方 北陸地方
九十九里浜,関東,千葉県東部に広がる長い砂浜海岸で、海水浴場としても有名な場所はどこですか？,久里浜 銚子海岸 三浦半島 江の島 茨城海岸 千葉海岸 大洗海岸 勝浦海岸 九九里浜 横須賀海岸
釧路湿原,北海道,北海道東部にある、日本最大の湿原でタンチョウの生息地としても知られるのはどこですか？,サロベツ湿原 尾瀬 屈斜路湖 摩周湖 支笏湖 洞爺湖 網走湖 阿寒湖 小清水湖 十勝川
国後島,北海道,北方領土の1つで、択捉島の南に位置する島はどこですか？,択捉島 歯舞群島 色丹島 北海道本島 沖縄本島 礼文島 利尻島 奥尻島 渡島半島 根室半島
熊本県,九州,阿蘇山や球磨川がある九州中部の県はどこですか？,宮崎県 鹿児島県 福岡県 佐賀県 長崎県 大分県 島根県 沖縄県 広島県 兵庫県
熊本平野,九州,熊本県中部に広がる平野で、米やスイカの栽培が盛んなのはどこですか？,筑後平野 筑紫平野 有明海平野 日向平野 平戸平野 五島平野 対馬平野 薩摩平野 肥後平野 球磨平野
倉敷市,中国・四国,岡山県にあり、歴史的な美観地区や水島工業地帯をもつ市はどこですか？,高松市 松山市 広島市 岡山市 呉市 福山市 尾道市 今治市 徳島市 丸亀市
グリーンランド,北アメリカ,デンマーク領であり、世界最大の島はどこですか？,バフィン島 ビクトリア島 ニューファンドランド島 バンクス島 ハドソン湾 島 グランドバンクス島 グランドバンクス グレートベア湖 グレートスレーブ湖
グレートプレーンズ,北アメリカ,北アメリカ中央部に広がる大草原地帯で、小麦栽培が盛んな地域はどこですか？,プレーリー丘陵 ミシシッピ川平野 ロッキー山脈 アパラチア山脈 五大湖地域 カナディアンシールド セントローレンス低地 コーンベルト アパラチア山地 中央平野
黒部川,中部,富山県を流れ、黒部ダムで有名な川はどこですか？,信濃川 利根川 天竜川 木曽川 吉野川 四万十川 阿賀野川 淀川 長良川 荒川
群馬県,関東,関東地方の内陸県で、こんにゃくの生産がさかんな県はどこですか？,栃木県 茨城県 埼玉県 千葉県 神奈川県 山梨県 新潟県 福島県 長野県 静岡県
気仙沼市,東北,宮城県の北東部にあり、漁業がさかんな太平洋沿いの市はどこですか？,石巻市 釜石市 大船渡市 八戸市 仙台市 青森市 宮古市 秋田市 福島市 盛岡市
ケニア,アフリカ,東アフリカにあり、サバンナと野生動物の観光で有名な国はどこですか？,タンザニア ウガンダ エチオピア コンゴ ボツワナ ナミビア 南アフリカ ガーナ セネガル マリ
ケベック州,北アメリカ,フランス語が公用語で、モントリオールがあるカナダの州はどこですか？,オンタリオ州 ブリティッシュコロンビア州 アルバータ州 マニトバ州 ニューブランズウィック州 サスカチュワン州 ニューファンドランド ラブラドール州 ノバスコシア州 プリンスエドワード島州
黄河(ホワンホー),アジア,中国北部を流れ、文明の発祥地のひとつとされる川は何ですか？,長江 珠江 淮河 渭河 海河 松花江 塩江 澶淵江 淮水 澶渟河
高知県,中国・四国,四国の南部に位置し、カツオの一本釣りや清流四万十川で知られる県はどこですか？,愛媛県 徳島県 香川県 山口県 福岡県 和歌山県 岡山県 広島県 島根県 鳥取県
高知平野,中国・四国,高知県中部に広がる平野で、なすやピーマンの促成栽培がさかんなのはどこですか？,徳島平野 愛媛平野 香川平野 岡山平野 広島平野 山口平野 鳥取平野 島根平野 阿南平野 瀬戸内平野
甲府盆地,中部,山梨県に広がる盆地で、ぶどうやももの栽培がさかんなのはどこですか？,松本盆地 諏訪盆地 飯田盆地 駒ヶ根盆地 安曇野盆地 上田盆地 長野盆地 伊那盆地 富士盆地 八ヶ岳盆地
神戸市,近畿,兵庫県の県庁所在地で、六甲山と神戸港を持つ国際港湾都市はどこですか？,姫路市 西宮市 尼崎市 明石市 宝塚市 芦屋市 加古川市 伊丹市 豊岡市 篠山市
港北ニュータウン,関東,神奈川県横浜市北部にある計画的に開発された住宅地はどこですか？,多摩ニュータウン 川崎新町 横浜中区 横浜南区 相模原市 横須賀市 藤沢市 茅ヶ崎市 鎌倉市 横浜西区
郡山市,東北,福島県中部にあり、商業や交通の中心地として発展している都市はどこですか？,福島市 いわき市 白河市 会津若松市 仙台市 盛岡市 秋田市 青森市 山形市 石巻市
小坂町,東北,秋田県にあり、かつて銅や鉱山で栄えた町はどこですか？,鹿角市 由利本荘市 横手市 大館市 能代市 秋田市 湯沢市 大仙市 北秋田市 男鹿市
五大湖,北アメリカ,アメリカとカナダの国境にまたがる世界最大級の淡水湖群を何といいますか？,スペリオル湖 ミシガン湖 ヒューロン湖 エリー湖 オンタリオ湖 セントローレンス川 ナイアガラ川 ミシシッピ川 ロッキー山脈 アパラチア山脈
コートジボワール,アフリカ,西アフリカに位置し、カカオ豆の生産が世界一の国はどこですか？,ガーナ ナイジェリア セネガル マリ ブルキナファソ ベナン トーゴ リベリア チャド カメルーン
コロンビア,南アメリカ,南アメリカ北西部にあり、コーヒーの生産で有名な国はどこですか？,ブラジル ベネズエラ ペルー エクアドル ボリビア ガイアナ パラグアイ ウルグアイ チリ アルゼンチン
コンゴ盆地,アフリカ,アフリカ中部に広がり、熱帯雨林が発達している大きな盆地はどこですか？,サヘル地域 サバンナ 地中海性気候 スーダン盆地 ナイル川流域 サハラ砂漠 カラハリ砂漠 エチオピア高原 ギニア高地 ニジェール盆地
根釧台地,北海道,北海道東部にある冷涼な気候を活かして酪農がさかんな台地はどこですか？,十勝平野 釧路湿原 石狩平野 美幌台地 大雪山系 オホーツク海沿岸 北見盆地 網走平野 富良野盆地 留萌平野
埼玉県,関東,東京都の北に位置し、工業や住宅地の発展が見られる関東地方の県はどこですか？,千葉県 茨城県 栃木県 群馬県 神奈川県 山梨県 新潟県 長野県 福島県 静岡県
さいたま市,関東,埼玉県の県庁所在地で、浦和・大宮などが合併してできた市はどこですか？,川越市 越谷市 草加市 春日部市 所沢市 熊谷市 入間市 狭山市 鶴ヶ島市 富士見市
さいたま新都心,関東,埼玉県にある再開発地域で、オフィスや行政施設が集まる地区はどこですか？,大宮駅周辺 浦和駅周辺 川口駅周辺 越谷駅周辺 春日部駅周辺 所沢駅周辺 熊谷駅周辺 草加駅周辺 八潮駅周辺 蕨駅周辺
サウジアラビア,アジア,中東にあり、原油の埋蔵量が多く、イスラム教の聖地メッカをもつ国はどこですか？,イラン イラク クウェート アラブ首長国連邦 カタール オマーン バーレーン ヨルダン レバノン シリア
堺市,近畿,大阪府南部にあり、古墳群や刃物産業で有名な政令指定都市はどこですか？,大阪市 東大阪市 枚方市 豊中市 茨木市 高槻市 松原市 河内長野市 大東市 泉佐野市
堺港市,中国・四国,鳥取県にある港町で、漁業が盛んで中海に面している市はどこですか？,米子市 松江市 境港市 出雲市 倉吉市 津山市 倉敷市 岡山市 福山市 呉市
佐賀県,九州,九州北西部にあり、吉野ヶ里遺跡や有明海に面する県はどこですか？,長崎県 福岡県 大分県 熊本県 宮崎県 鹿児島県 沖縄県 奈良県 山口県 愛媛県
相模原市,関東,神奈川県北部に位置する市で、近年は東京のベッドタウンとして発展しているのはどこですか？,横浜市 川崎市 横須賀市 藤沢市 茅ヶ崎市 鎌倉市 大和市 座間市 海老名市 厚木市
桜島,九州,鹿児島湾にある活火山で、今も噴火活動が続いているのはどこですか？,阿蘇山 霧島山 雲仙岳 由布岳 雪舟岳 琵琶湖 富士山 浅間山 磐梯山 恐山
札幌市,北海道,北海道の道庁所在地で、雪まつりや時計台で有名な都市はどこですか？,旭川市 函館市 釧路市 帯広市 北見市 岩見沢市 小樽市 室蘭市 滝川市 網走市
讃岐平野,中国・四国,香川県に広がり、ため池を利用した農業が行われている平野はどこですか？,阿波平野 愛媛平野 高知平野 徳島平野 松山平野 四万十平野 広島平野 岡山平野 山口平野 鳥取平野
鯖江市,中部,福井県にあり、メガネフレームの国内生産の大部分を占める都市はどこですか？,福井市 敦賀市 小浜市 越前市 武生市 佐伯市 大野市 勝山市 永平寺町 美浜町
サハラ砂漠,アフリカ,アフリカ北部に広がる世界最大の砂漠は何ですか？,カラハリ砂漠 ナミブ砂漠 ソノラ砂漠 ゴビ砂漠 タクラマカン砂漠 シリア砂漠 ルブアルハリ砂漠 タル砂漠 グレートビクトリア砂漠 チャド砂漠
山陰,中国・四国,中国地方の日本海側に位置し、鳥取県や島根県を含む地域はどこですか？,山陽 北陸 瀬戸内 四国 九州 中国 甲信越 近畿 東北 関東
サンパウロ,南アメリカ,ブラジル最大の都市で、日本人移民が多く住むことで知られる都市はどこですか？,リオデジャネイロ ブエノスアイレス サンティアゴ ボゴタ マナウス カラカス キト リマ ラパス モンテビデオ
サンパウロ州,南アメリカ,ブラジル南東部にあり、工業が盛んな州で、サンパウロ市を含むのはどこですか？,リオデジャネイロ州 パラナ州 ミナスジェライス州 バイア州 リオグランデドスル州 セアラー州 アマゾナス州 マトグロッソ州 トカンチンス州 ゴイアス州
ザンビア,アフリカ,アフリカ南部に位置し、ビクトリアの滝で知られる内陸国はどこですか？,ジンバブエ ボツワナ マラウイ モザンビーク ナミビア アンゴラ コンゴ民主共和国 ウガンダ ケニア タンザニア
三本木原,東北,青森県にあり、かつて干拓事業により水田として開発された原野はどこですか？,八郎潟 田沢湖 十和田湖 釧路湿原 網走原野 十和田原 野付半島 三陸海岸 磐梯山 八幡平
三陸海岸,東北,岩手・宮城県などに広がる、リアス海岸が特徴的な海岸はどこですか？,北陸海岸 瀬戸内海 太平洋岸 佐渡島海岸 東シナ海 日本海 室戸岬 石廊崎 尾鷲海岸 太平洋岸北部
滋賀県,近畿,日本最大の湖である琵琶湖をもつ近畿地方の県はどこですか？,京都府 奈良県 兵庫県 和歌山県 大阪府 三重県 岐阜県 福井県 石川県 富山県
四国山地,中国・四国,四国の中央部に連なる山地で、急傾斜の地形が多いのはどこですか？,中国山地 紀伊山地 阿蘇山 越後山脈 飛騨山脈 奥羽山脈 丹沢山地 関東山地 八ヶ岳山脈 木曽山脈
四国地方,中国・四国,香川・徳島・愛媛・高知の4県からなる地方はどこですか？,九州地方 中国地方 関東地方 中部地方 北海道地方 東北地方 近畿地方 オセアニア地方 南アメリカ地方 アジア地方
色丹島,北海道,北方領土の1つで、国後島の南東に位置する島はどこですか？,択捉島 国後島 歯舞群島 渡島半島 津軽半島 尾張半島 知床半島 三陸海岸 北海道本島 礼文島
静岡県,中部,富士山の南側に位置し、お茶の栽培や自動車工業がさかんな県はどこですか？,山梨県 長野県 愛知県 岐阜県 三重県 福井県 石川県 富山県 新潟県 滋賀県
信濃川,中部,長野県に源をもち、日本最長の川として新潟県を流れるのは何川ですか？,利根川 荒川 木曽川 天竜川 筑後川 琵琶湖 河口湖 阿賀野川 多摩川 鬼怒川
シベリア,アジア,ロシアの東部に広がる寒冷な地域で、永久凍土やタイガが見られる地域はどこですか？,ツンドラ 氷河地帯 タイガ ステップ サバンナ 熱帯雨林 地中海性気候 温暖湿潤気候 砂漠 地中海沿岸
島根県,中国・四国,中国地方の北部に位置し、出雲大社や石見銀山で知られる県はどこですか？,鳥取県 岡山県 広島県 山口県 愛媛県 高知県 徳島県 香川県 福岡県 佐賀県
志摩半島,近畿,三重県にあり、リアス海岸と真珠の養殖で知られる半島はどこですか？,紀伊半島 渥美半島 房総半島 尾張半島 知多半島 下北半島 能登半島 済州島 天草半島 対馬
下総大地,関東,千葉県北部に広がる台地で、畑作や落花生の栽培が行われているのはどこですか？,常陸台地 武蔵野台地 下総台地 多摩丘陵 秩父台地 丹沢山地 赤城山 高尾山 日光山地 房総丘陵
周南市,中国・四国,山口県東部にあり、石油化学コンビナートが立地する工業都市はどこですか？,岩国市 防府市 宇部市 徳山市 下松市 呉市 萩市 山口市 下関市 光市
庄内平野,東北,山形県の日本海側に広がる平野で、米の産地として有名なのはどこですか？,秋田平野 仙台平野 八郎潟 阿武隈高地 山形盆地 津軽平野 会津盆地 福島平野 盛岡平野 酒田平野
白神山地,東北,青森県と秋田県にまたがり、ブナの原生林が世界遺産に登録されている山地はどこですか？,奥羽山脈 飛騨山脈 越後山脈 出羽山地 丹沢山地 阿蘇山 紀伊山地 関東山地 木曽山脈 八甲田山
白川村,中部,岐阜県にある合掌造りの集落で知られ、世界遺産にも登録されている村はどこですか？,小谷村 富士吉田市 飛騨市 高山市 長野市 松本市 上田市 諏訪市 伊那市 白山村
シラス台地,九州,九州南部に広がる火山灰が堆積した台地で、農業に適した土地はどこですか？,筑紫台地 有明海台地 薩摩台地 宮崎台地 日向台地 天草台地 霧島台地 阿蘇台地 出水台地 鹿児島台地
シリコンバレー,北アメリカ,アメリカ合衆国カリフォルニア州にあるIT産業の中心地はどこですか？,シアトル ニューヨーク サンディエゴ シカゴ ロサンゼルス サンフランシスコ ボストン ワシントンD.C. ヒューストン オークランド
知床半島,北海道,北海道東部に位置し、世界自然遺産に登録されている半島はどこですか？,宗谷半島 根室半島 日高半島 渡島半島 奥尻島 礼文島 利尻島 十勝半島 厚岸半島 津軽半島
シンガポール,アジア,マレー半島南端に位置する都市国家で、貿易と金融の重要な拠点はどこですか？,ブルネイ マレーシア タイ ベトナム フィリピン インドネシア カンボジア ラオス ミャンマー 香港
スイス,ヨーロッパ,アルプス山脈に囲まれ、永世中立国として知られるヨーロッパの国はどこですか？,ベルギー オーストリア ドイツ フランス イタリア スペイン ノルウェー スウェーデン フィンランド デンマーク
スカンディナビア半島,ヨーロッパ,ノルウェーとスウェーデンが位置する北欧の大きな半島はどこですか？,イベリア半島 バルカン半島 アペニン半島 ユトランド半島 ヘルシンキ半島 フィンマルク半島 ラインランド半島 カニサ半島 ケルシャン半島 カマルグ半島
スペイン,ヨーロッパ,イベリア半島にあり、マドリードを首都とするヨーロッパの国はどこですか？,ポルトガル ベルギー フランス イタリア ギリシャ ノルウェー スウェーデン デンマーク フィンランド アイルランド
スリランカ,アジア,インド南東沖の島国で、紅茶の生産が有名な国はどこですか？,バングラデシュ モルディブ モンゴル ネパール ブータン インド パキスタン アフガニスタン タイ ミャンマー
諏訪盆地,中部,長野県にある諏訪湖を中心とした盆地で、織物産業が発達した盆地はどこですか？,松本盆地 飯田盆地 佐久盆地 伊那盆地 上田盆地 富士見盆地 木曽盆地 松代盆地 塩尻盆地 千曲盆地
瀬戸内,日本,本州と四国・九州の間に広がる、温暖で穏やかな海域はどこですか？,瀬戸内海 日本海 東シナ海 太平洋 オホーツク海 琵琶湖 明石海峡 鳴門海峡 大阪湾 豊後水道
瀬戸市,中部,愛知県にあり、陶磁器の産地として有名な市はどこですか？,一宮市 常滑市 美濃市 多治見市 土岐市 瑞浪市 岐阜市 名古屋市 豊田市 半田市
瀬戸内海,日本,多くの島が点在し、工業地帯が発達した日本の内海はどこですか？,太平洋 日本海 東シナ海 相模湾 駿河湾 三陸沖 房総半島 淡路島 小豆島 鳴門海峡
セネガル,アフリカ,アフリカ西部に位置し、ダカールを首都とする国はどこですか？,エジプト 南アフリカ ナイジェリア モロッコ ガーナ コートジボワール スーダン ケニア マリ ギニアビサウ
尖閣諸島,日本,東シナ海にある日本が実効支配しているが、中国と領有権をめぐる問題がある島々はどこですか？,北方領土 竹島 南シナ海 南極大陸 小笠原諸島 南鳥島 沖ノ鳥島 南沙諸島 西沙諸島 パラセル諸島
仙台市,東北,東北地方最大の都市で、宮城県の県庁所在地はどこですか？,青森市 福島市 盛岡市 山形市 秋田市 郡山市 石巻市 弘前市 米沢市 大崎市
ソビエト連邦(ソ連),世界,かつて存在した東欧からアジアにまたがる共産主義国家は何と呼ばれていましたか？,中国 北朝鮮 キューバ ベトナム モンゴル 東ドイツ ポーランド ユーゴスラビア チェコスロバキア ハンガリー
タイ,アジア,東南アジアにあり、バンコクを首都とする国はどこですか？,インドネシア フィリピン ベトナム マレーシア シンガポール カンボジア ラオス ミャンマー 東ティモール ブルネイ
大西洋,世界,アメリカ大陸とヨーロッパ・アフリカ大陸の間にある海洋は何ですか？,太平洋 インド洋 北極海 南極海 地中海 カリブ海 バルト海 日本海 マラッカ海峡 ベーリング海
大山,中国・四国,鳥取県にある中国地方最高峰の山は何ですか？,石鎚山 剣山 四国山地 中国山地 讃岐山地 阿波山地 伯耆大山 伯耆富士 瀬戸内海 三瓶山
太平洋,世界,日本の東に広がる世界最大の海洋は何ですか？,大西洋 インド洋 北極海 南極海 日本海 フィリピン海 東シナ海 オホーツク海 ベーリング海 タスマン海
台湾,アジア,中国大陸の東にある島で、台北市を首都とする地域はどこですか？,中国 日本 韓国 北朝鮮 香港 マカオ フィリピン ベトナム ラオス モンゴル
高石市,近畿,大阪府にあり、臨海工業地域が広がる市はどこですか？,大阪市 堺市 岸和田市 和泉市 泉大津市 貝塚市 松原市 東大阪市 八尾市 富田林市
高岡市,中部,富山県にあり、銅器や鋳物の伝統工芸で知られる市はどこですか？,富山市 魚津市 滑川市 射水市 砺波市 黒部市 小矢部市 南砺市 立山町 舟橋村
高松市,中国・四国,香川県の県庁所在地で、四国地方の交通・経済の中心地はどこですか？,松山市 徳島市 高知市 丸亀市 今治市 新居浜市 坂出市 観音寺市 宇和島市 四万十市
滝沢市,東北,岩手県に位置し、盛岡市のベッドタウンとして発展している市はどこですか？,盛岡市 花巻市 北上市 一関市 奥州市 宮古市 久慈市 大船渡市 釜石市 釜石市区
竹島,日本,日本と韓国が領有権を主張している東海にある島はどこですか？,尖閣諸島 小笠原諸島 対馬 隠岐諸島 沖ノ鳥島 南鳥島 大隅諸島 壱岐 佐渡島 礼文島
多治見市,中部,岐阜県にあり、夏の気温が日本で最も高いことが多い市はどこですか？,熊谷市 甲府市 名古屋市 岐阜市 松本市 高山市 金沢市 浜松市 岡崎市 豊田市
タンザニア,アフリカ,東アフリカにあり、キリマンジャロ山やセレンゲティ国立公園がある国はどこですか？,ケニア ウガンダ エチオピア ルワンダ ブルンジ ジブチ ソマリア モザンビーク マラウイ マダガスカル
チェコ,ヨーロッパ,中央ヨーロッパに位置し、プラハを首都とする国はどこですか？,ポーランド スロバキア ハンガリー オーストリア ドイツ ルーマニア クロアチア セルビア ブルガリア スロベニア
地中海,世界,ヨーロッパ、アジア、アフリカに囲まれた内海は何ですか？,黒海 バルト海 カリブ海 日本海 北海 アラル海 紅海 アドリア海 オホーツク海 メキシコ湾
千葉県,関東,東京の東に位置し、成田空港や東京ディズニーリゾートがある県はどこですか？,神奈川県 埼玉県 茨城県 栃木県 群馬県 山梨県 長野県 静岡県 新潟県 福島県
千葉市,関東,千葉県の県庁所在地で、工業地帯が広がる都市はどこですか？,さいたま市 横浜市 川崎市 船橋市 松戸市 柏市 相模原市 所沢市 宇都宮市 高崎市
チベット高原,アジア,世界最高峰エベレストを含み、「世界の屋根」とも呼ばれる高原はどこですか？,モンゴル高原 デカン高原 パタゴニア高原 アラビア高原 イベリア高原 ペルー高原 アナトリア高原 ゴビ高原 タクラマカン砂漠 タイガ
中央アジア,アジア,カザフスタン、ウズベキスタンなどの内陸国があるアジアの地域はどこですか？,東アジア 南アジア 東南アジア 西アジア 北アジア 南東アジア 北東アジア 中央ヨーロッパ 西ヨーロッパ 北アフリカ
中央高地,中部,本州のほぼ中央にある、山地と盆地が広がる地域はどこですか？,関東山地 北陸山地 越後山脈 奥羽山脈 飛騨山脈 赤石山脈 秩父山地 丹沢山地 比良山地 奥武蔵山地
中央平原,中部,岐阜県や愛知県の一部に広がる、木曽川と長良川が流れる平野はどこですか？,濃尾平野 信濃平野 庄内平野 加賀平野 武蔵野台地 甲府盆地 関東平野 阿武隈高地 能登半島 九十九里浜
中国,アジア,世界人口最多の国で、首都を北京とするアジアの国はどこですか？,インド インドネシア バングラデシュ パキスタン ロシア ベトナム モンゴル イラン サウジアラビア トルコ
中国山地,中国・四国,中国地方南部に広がる山地で、広島県や岡山県にまたがるのはどこですか？,阿蘇山地 四国山地 紀伊山地 赤石山脈 越後山脈 秩父山地 丹沢山地 比良山地 奥羽山脈 日光連山
中国地方,中国・四国,鳥取県や島根県、岡山県などを含む日本の地方はどこですか？,四国地方 九州地方 関東地方 中部地方 近畿地方 東北地方 北海道地方 関西地方 中国地方南部 山陰地方
中東,アジア,アラビア半島やイラン周辺の、石油資源が豊富な地域を何といいますか？,北アフリカ 中央アジア 東南アジア 南アジア 西ヨーロッパ 中央ヨーロッパ 北アメリカ オセアニア カリブ海 バルト海
中部地方,中部,愛知県や長野県、岐阜県などを含む日本の地方はどこですか？,関東地方 近畿地方 中国地方 九州地方 北海道地方 四国地方 東北地方 沖縄地方 関西地方 北陸地方
鳥海山,東北,秋田県と山形県の境にある日本海側の活火山は何ですか？,蔵王山 岩木山 吾妻山 安達太良山 那須岳 飯豊山 磐梯山 月山 八甲田山 栗駒山
長江(チャンチヤン),アジア,中国を東西に流れ、上海で東シナ海に注ぐアジア最長の川は何ですか？,黄河 メコン川 インダス川 ガンジス川 アムール川 シル川 ヤンツェ川 レナ川 オビ川 タリム川
朝鮮半島,アジア,日本の西に位置し、北朝鮮と韓国に分かれる半島はどこですか？,インドシナ半島 アラビア半島 バルカン半島 イベリア半島 スカンディナビア半島 カリブ海 アラスカ半島 ペニンスラ半島 ユカタン半島 マレー半島
チリ,南アメリカ,南アメリカ西岸に細長く伸びる国で、アンデス山脈を有するのはどこですか？,アルゼンチン ブラジル ペルー コロンビア エクアドル ボリビア ウルグアイ パラグアイ ベネズエラ ガイアナ
津軽平野,東北,青森県西部に広がる平野で、リンゴの産地として知られるのはどこですか？,庄内平野 米沢平野 北上平野 仙台平野 郡山平野 山形盆地 阿武隈平野 会津平野 久慈平野 岩手平野
筑紫平野,九州,福岡県南部に広がる平野で、米や野菜の栽培がさかんなのはどこですか？,筑後平野 熊本平野 有明海沿岸平野 佐賀平野 長崎平野 宮崎平野 鹿児島平野 阿蘇盆地 日田盆地 大分平野
燕市,中部,新潟県にあり、金属加工産業で有名な市はどこですか？,新潟市 長岡市 上越市 三条市 柏崎市 佐渡市 十日町市 魚沼市 妙高市 南魚沼市
ツバル,オセアニア,太平洋にある小さな島国で、海面上昇による浸水の危機にある国はどこですか？,マーシャル諸島 キリバス フィジー ナウル サモア ミクロネシア連邦 パラオ トンガ バヌアツ ソロモン諸島
嬬恋村,関東,群馬県にあり、高原野菜のキャベツの生産がさかんな村はどこですか？,甘楽町 草津町 長野原町 中之条町 片品村 川場村 みなかみ町 沼田市 渋川市 前橋市
津和野町,中国・四国,島根県にある「山陰の小京都」として知られる町はどこですか？,安来市 浜田市 益田市 出雲市 松江市 大田市 江津市 雲南市 奥出雲町 飯南町
デカン高原,アジア,インド中央部に広がる台地で、火山活動によって形成された高原はどこですか？,チベット高原 タクラマカン砂漠 ゴビ砂漠 モンゴル高原 カザフ高原 ヒマラヤ山脈 アラビア高原 シベリア高原 イラン高原 トルコ高原
デトロイト,北アメリカ,アメリカのミシガン州にある自動車産業の中心都市はどこですか？,クリーブランド シカゴ シアトル ミネアポリス デンバー ポートランド アトランタ バッファロー ピッツバーグ セントルイス
デンマーク,ヨーロッパ,スカンディナビア半島南部に位置し、首都はコペンハーゲンの国はどこですか？,ノルウェー スウェーデン フィンランド アイスランド アイルランド オランダ ベルギー ドイツ ポーランド チェコ
天竜川,中部,長野県から静岡県に流れ、太平洋に注ぐ川は何ですか？,信濃川 木曽川 球磨川 利根川 吉野川 四万十川 筑後川 最上川 阿武隈川 江の川
ドイツ,ヨーロッパ,ヨーロッパ中部に位置し、ベルリンを首都とする工業の盛んな国はどこですか？,フランス イタリア オーストリア ポーランド チェコ スイス ベルギー オランダ デンマーク スウェーデン
東海,中部,愛知県や静岡県などを含み、工業地帯が発達している日本の地方はどこですか？,関東地方 近畿地方 九州地方 北海道地方 四国地方 東北地方 北陸地方 中国地方 南関東地方 甲信地方
東海市,中部,愛知県にあり、工業地帯の一部として発展した市はどこですか？,豊田市 岡崎市 豊橋市 名古屋市 一宮市 刈谷市 安城市 半田市 知多市 豊川市
東京都,関東,日本の首都であり、政治・経済・文化の中心地はどこですか？,神奈川県 埼玉県 千葉県 茨城県 群馬県 栃木県 山梨県 長野県 新潟県 福島県
東京湾,関東,関東地方にあり、多くの工業地帯や港湾都市が面している湾はどこですか？,大阪湾 伊勢湾 瀬戸内海 駿河湾 播磨灘 内灘 三河湾 青森湾 室蘭湾 八戸湾
東南アジア,アジア,インドシナ半島やマレー半島を含むアジアの熱帯地域はどこですか？,南アジア 中央アジア 東アジア 西アジア 北アジア 南東ヨーロッパ 中東 北アフリカ オセアニア 太平洋地域
東北地方,東北,青森県や宮城県など、東日本の北部に位置する地方はどこですか？,北海道地方 関東地方 中部地方 近畿地方 中国地方 四国地方 九州地方 沖縄地方 北陸地方 東海地方
遠野市,東北,岩手県にあり、民話や伝承で有名な市はどこですか？,一関市 花巻市 盛岡市 宮古市 釜石市 北上市 大船渡市 久慈市 八幡平市 奥州市
十勝岳,北海道,北海道にある活火山で、十勝平野の近くに位置する山は何ですか？,利尻山 羅臼岳 斜里岳 トムラウシ山 旭岳 羊蹄山 幌尻岳 恵山 暑寒別岳 日高山脈
十勝平野,北海道,北海道東部に広がる肥沃な平野で、農業がさかんな地域はどこですか？,石狩平野 根釧平野 宗谷平野 名寄平野 釧路平野 留萌平野 札幌平野 帯広平野 函館平野 室蘭平野
徳島県,中国・四国,四国東部に位置し、阿波踊りで有名な県はどこですか？,愛媛県 高知県 香川県 岡山県 広島県 兵庫県 鳥取県 島根県 山口県 福岡県
栃木県,関東,関東地方北部にあり、日光東照宮がある県はどこですか？,群馬県 茨城県 埼玉県 千葉県 神奈川県 東京都 山梨県 長野県 福島県 新潟県
鳥取県,中国・四国,山陰地方にあり、日本で最も人口が少ない県はどこですか？,岡山県 広島県 山口県 島根県 徳島県 愛媛県 高知県 香川県 福岡県 佐賀県
鳥取砂丘,中国・四国,鳥取県にある日本最大の砂丘はどこですか？,渥美半島 知多半島 志摩半島 佐渡島 隠岐諸島 小豆島 淡路島 大島 利尻島 礼文島
利根川,関東,関東地方を流れ、東京湾に注ぐ日本で最も流域面積の広い川は何ですか？,信濃川 木曽川 荒川 多摩川 淀川 天竜川 吉野川 筑後川 石狩川 阿武隈川
富山県,中部,北陸地方にあり、立山連峰や薬売りの歴史がある県はどこですか？,石川県 福井県 長野県 新潟県 岐阜県 愛知県 群馬県 埼玉県 静岡県 山梨県
豊田市,中部,愛知県にあり、自動車産業で知られる市はどこですか？,岡崎市 豊橋市 名古屋市 刈谷市 一宮市 安城市 半田市 東海市 知多市 豊川市
トルコ,ヨーロッパ,ユーラシア大陸の西端に位置し、イスタンブールがある国はどこですか？,ギリシャ ブルガリア ルーマニア セルビア ジョージア アルバニア クロアチア ハンガリー チェコ スロバキア
十和田湖,東北,青森県と秋田県にまたがるカルデラ湖で、観光地として有名なのはどこですか？,猪苗代湖 霞ヶ浦 琵琶湖 洞爺湖 支笏湖 摩周湖 阿寒湖 屈斜路湖 十勝岳 硫黄山
ナイジェリア,アフリカ,アフリカ最大の人口を持ち、石油産業が盛んな国はどこですか？,エジプト 南アフリカ ケニア タンザニア アルジェリア モロッコ ガーナ コートジボワール スーダン エチオピア
ナイル川,アフリカ,アフリカ大陸を北流し、世界最長の川とされる川は何ですか？,コンゴ川 ザンベジ川 ニジェール川 リンポポ川 セネガル川 オレンジ川 ガンビ川 ルアングワ川 オカバンゴ川 シニ川
長崎県,九州,九州西部にあり、出島や原爆資料館で知られる県はどこですか？,熊本県 鹿児島県 佐賀県 福岡県 大分県 宮崎県 沖縄県 山口県 広島県 宮城県
長野県,中部,本州の中央に位置し、信州と呼ばれる県はどこですか？,岐阜県 群馬県 山梨県 富山県 石川県 福井県 新潟県 静岡県 愛知県 三重県
長野市,中部,長野県の県庁所在地で、1998年冬季オリンピックが開催された都市はどこですか？,松本市 上田市 飯田市 佐久市 諏訪市 岡谷市 茅野市 伊那市 塩尻市 駒ヶ根市
長野盆地,中部,長野県にある盆地で、果樹栽培が盛んな地域はどこですか？,塩尻盆地 諏訪盆地 飯田盆地 佐久盆地 松本盆地 伊那盆地 富士見盆地 木曽盆地 松代盆地 小諸盆地
名古屋市,中部,愛知県の県庁所在地で、中京工業地帯の中心都市はどこですか？,豊田市 岡崎市 刈谷市 豊橋市 一宮市 安城市 半田市 知多市 東海市 豊川市
ナミブ砂漠,アフリカ,アフリカ南西部に広がる世界最古の砂漠はどこですか？,サハラ砂漠 カラハリ砂漠 ゴビ砂漠 タクラマカン砂漠 シリア砂漠 アラビア砂漠 グレートビクトリア砂漠 グレートサンディ砂漠 モハーベ砂漠 ソノラ砂漠
奈良県,近畿,古代の都が置かれた歴史ある県で、奈良公園や大仏で有名なのはどこですか？,京都府 滋賀県 三重県 和歌山県 兵庫県 大阪府 岡山県 広島県 鳥取県 奈良市
奈良市,近畿,奈良県の県庁所在地で、古都として多くの史跡が残る市はどこですか？,京都市 大阪市 神戸市 堺市 和歌山市 彦根市 姫路市 豊岡市 高松市 奈良県
習志野市,関東,千葉県にあり、米軍基地がある市はどこですか？,千葉市 船橋市 松戸市 市川市 柏市 浦安市 八千代市 佐倉市 市原市 四街道市
南国大陸,オセアニア,オーストラリア大陸の別名として使われることがある大陸はどこですか？,南極大陸 アジア大陸 アフリカ大陸 ユーラシア大陸 ヨーロッパ大陸 北アメリカ大陸 南アメリカ大陸 グリーンランド インド亜大陸 太平洋諸島
南西諸島,九州,九州の南から沖縄にかけて連なる島々の総称は何ですか？,小笠原諸島 伊豆諸島 天草諸島 佐渡諸島 隠岐諸島 奄美群島 琉球諸島 北海道諸島 瀬戸内諸島 房総半島
南砺市,中部,富山県にある合併してできた市で、五箇山の合掌造り集落があるのはどこですか？,富山市 高岡市 黒部市 魚津市 滑川市 砺波市 射水市 氷見市 上市町 立山町
新潟県,中部,日本海に面し、米どころとして知られる県はどこですか？,富山県 石川県 福井県 長野県 山形県 秋田県 北海道 青森県 岩手県 宮城県
新居浜市,中国・四国,愛媛県にあり、製紙工業が盛んな市はどこですか？,松山市 今治市 宇和島市 八幡浜市 西条市 四国中央市 大洲市 伊予市 東温市 久万高原町
西アジア,アジア,中東地域を指し、トルコやイラン、サウジアラビアなどが含まれる地域はどこですか？,東アジア 南アジア 中央アジア 東南アジア 北アフリカ 南アフリカ 中央ヨーロッパ バルカン半島 シベリア カフカス
西インド諸島,北アメリカ,カリブ海にある多くの島々からなる地域の総称は何ですか？,バハマ諸島 ハワイ諸島 マルキーズ諸島 フェロー諸島 アゾレス諸島 カナリア諸島 レユニオン諸島 セントラル諸島 コモロ諸島 ソロモン諸島
ニセコ,北海道,北海道にあるスキーリゾートとして有名な山岳地帯はどこですか？,富良野 旭岳 トマム 大雪山 羊蹄山 十勝岳 礼文島 知床 釧路湿原 積丹半島
日光市,関東,栃木県にあり、世界遺産の日光東照宮がある市はどこですか？,宇都宮市 栃木市 足利市 佐野市 鹿沼市 真岡市 那須塩原市 小山市 下野市 大田原市
日本アルプス,中部,本州の中央部にある飛騨山脈、木曽山脈、赤石山脈の総称は何ですか？,秩父山地 奥羽山脈 八ヶ岳連峰 箱根山地 丹沢山地 関東山地 日光山地 四国山地 中国山地 大雪山系
日本海,日本,日本の西側に広がる海域は何ですか？,東シナ海 太平洋 オホーツク海 黄海 南シナ海 バレンツ海 アラル海 カスピ海 地中海 黒海
ニュージーランド,オセアニア,南半球に位置し、北島と南島からなる島国はどこですか？,フィジー パプアニューギニア サモア トンガ バヌアツ ソロモン諸島 ミクロネシア マーシャル諸島 ナウル キリバス
ニューヨーク,北アメリカ,アメリカ合衆国の大都市で、自由の女神がある港湾都市はどこですか？,ロサンゼルス シカゴ ヒューストン マイアミ サンフランシスコ ボストン フィラデルフィア シアトル デトロイト アトランタ
練馬区,関東,東京都23区の一つで、住宅地が多く農業も行われている区はどこですか？,杉並区 世田谷区 板橋区 葛飾区 足立区 北区 豊島区 中野区 江戸川区 大田区
濃尾平野,中部,岐阜県と愛知県にまたがる日本最大の平野はどこですか？,関東平野 大阪平野 筑紫平野 美濃平野 越後平野 庄内平野 十勝平野 房総平野 和泉平野 吉野ヶ里平野
野辺山原,中部,長野県にあり、日本最高所の気象観測所がある高原はどこですか？,美ヶ原高原 八ヶ岳高原 霧ヶ峰高原 浅間高原 乗鞍高原 志賀高原 立山高原 奥日光高原 那須高原 十勝岳高原
ノルウェー,ヨーロッパ,スカンディナビア半島西部に位置し、フィヨルドで有名な国はどこですか？,スウェーデン フィンランド デンマーク アイスランド アイルランド スコットランド ベルギー オランダ ルクセンブルク エストニア
萩市,中国・四国,山口県にあり、幕末の志士ゆかりの地として知られる市はどこですか？,下関市 岩国市 宇部市 防府市 山陽小野田市 周南市 光市 美祢市 柳井市 長門市
パキスタン,アジア,南アジアに位置し、イスラム教を主な宗教とする国はどこですか？,インド バングラデシュ ネパール ブータン モルディブ スリランカ アフガニスタン イラン イラク トルコ
函館市,北海道,北海道南部に位置し、夜景や朝市が有名な港町はどこですか？,小樽市 室蘭市 釧路市 帯広市 旭川市 北見市 網走市 稚内市 苫小牧市 江別市
パタゴニア,南アメリカ,南アメリカ南部に広がる大草原地帯で、アルゼンチンとチリにまたがる地域はどこですか？,パンパ アマゾン川流域 グアテマラ高原 アンデス山脈 マゼラン海峡 グレートビクトリア砂漠 バルデス半島 アタカマ砂漠 ガラパゴス諸島 フォークランド諸島
八王子市,関東,東京都西部に位置し、多摩地区の中心都市の一つはどこですか？,立川市 町田市 府中市 調布市 昭島市 武蔵野市 三鷹市 青梅市 日野市 あきる野市
バチカン市国,ヨーロッパ,ローマ市内に位置し、ローマカトリック教会の本拠地である独立国家はどこですか？,サンマリノ リヒテンシュタイン モナコ アンドラ ルクセンブルク モルドバ セントマーチン ジブラルタル コソボ マルタ
八戸市,東北,青森県東部にある港湾都市で、漁業が盛んな市はどこですか？,弘前市 十和田市 三沢市 むつ市 青森市 秋田市 盛岡市 仙台市 福島市 釜石市
パプアニューギニア,オセアニア,オセアニアに属し、ニューブリテン島などの島々からなる国はどこですか？,フィジー ソロモン諸島 バヌアツ サモア トンガ マーシャル諸島 ミクロネシア連邦 キリバス ナウル ツバル
歯舞群島,北海道,日本が実効支配し、北方領土問題の対象となっている島々はどこですか？,色丹島 国後島 択捉島 礼文島 利尻島 奥尻島 知床半島 佐渡島 隠岐諸島 大島
浜松市,中部,静岡県西部にあり、楽器やバイクの産業が盛んな都市はどこですか？,静岡市 富士市 磐田市 掛川市 藤枝市 御殿場市 三島市 沼津市 島田市 袋井市
パリ,ヨーロッパ,フランスの首都であり、エッフェル塔やルーブル美術館がある都市はどこですか？,リヨン マルセイユ ニース トゥールーズ ストラスブール ナント ボルドー モンペリエ リール カンヌ
ハンガリー,ヨーロッパ,中欧に位置し、ブダペストを首都とする国はどこですか？,チェコ スロバキア ポーランド オーストリア ルーマニア クロアチア セルビア ボスニア・ヘルツェゴビナ スロベニア モルドバ
バングラデシュ,アジア,インドの東に位置し、ガンジス・ブラマプトラ川デルタに広がる国はどこですか？,インド ネパール ブータン ミャンマー タイ パキスタン スリランカ モルディブ カザフスタン モンゴル
磐梯山,東北,福島県にある活火山で、会津地方のシンボルとされる山は何ですか？,安達太良山 蔵王山 鳥海山 秋田駒ヶ岳 岩手山 焼岳 飯豊山 白神山地 八甲田山 栗駒山
パンパ,南アメリカ,アルゼンチンの大草原地帯で、牛の放牧が盛んな地域はどこですか？,パタゴニア アマゾン盆地 グランチャコ グアテマラ高原 ブラジル高原 カラパナ マゼラン海峡 アタカマ砂漠 ウユニ塩湖 アンデス山脈
東南アジア,アジア,インドシナ半島やマレー半島を含む熱帯地域はどこですか？,南アジア 東アジア 中央アジア 西アジア 北アフリカ サハラ砂漠 シベリア オーストラリア大陸 カリブ海 南太平洋
東大阪市,近畿,大阪府にあり、多くの中小企業が集まる工業都市はどこですか？,大阪市 堺市 八尾市 豊中市 吹田市 東淀川区 門真市 守口市 寝屋川市 大東市
東シナ海,世界,日本の南西に位置し、中国や韓国、台湾に囲まれた海域はどこですか？,日本海 太平洋 黄海 東海 南シナ海 バルト海 地中海 黒海 カリブ海 アラビア海
東ヨーロッパ平原,ヨーロッパ,ロシア西部から東ヨーロッパ諸国に広がる広大な平原はどこですか？,北ヨーロッパ平原 中央アジア平原 パンノニア平原 ドナウ平原 ポーランド平原 ヴォルガ平原 ウクライナ平原 バルト平原 バルカン半島 アルプス山脈
日高山脈,北海道,北海道の南部に連なる山脈はどこですか？,石狩山地 十勝山地 阿寒山地 大雪山系 蝦夷山地 後志山地 渡島山地 知床連山 釧路湿原 根室半島
飛騨山脈,中部,日本アルプスの北部にあたる山脈はどこですか？,木曽山脈 赤石山脈 奥羽山脈 秩父山地 丹沢山地 丹波山地 浅間山地 箱根山地 阿蘇山地 妙高山地
ピッツバーグ,北アメリカ,アメリカ合衆国ペンシルベニア州の鉄鋼業で発展した都市はどこですか？,デトロイト シカゴ クリーブランド インディアナポリス ミルウォーキー セントルイス カンザスシティ ミネアポリス ボルチモア フィラデルフィア
ヒマラヤ山脈,アジア,アジア南部に広がる世界最高峰エベレストを含む山脈はどこですか？,カラコルム山脈 パミール高原 アルタイ山脈 天山山脈 ウラル山脈 アルプス山脈 アパラチア山脈 アンデス山脈 ロッキー山脈 カルパティア山脈
姫路市,近畿,兵庫県にあり、世界遺産の姫路城がある市はどこですか？,神戸市 明石市 加古川市 尼崎市 西宮市 宝塚市 川西市 伊丹市 高砂市 加東市
兵庫県,近畿,瀬戸内海と日本海の両方に面し、神戸市がある県はどこですか？,岡山県 鳥取県 島根県 京都府 大阪府 和歌山県 奈良県 滋賀県 福井県 富山県
広島県,中国・四国,中国地方にあり、原爆ドームや宮島で知られる県はどこですか？,山口県 鳥取県 島根県 岡山県 愛媛県 香川県 高知県 徳島県 福岡県 佐賀県
広島市,中国・四国,広島県の県庁所在地で、原爆被害の歴史がある都市はどこですか？,岡山市 松山市 高松市 徳島市 福山市 呉市 廿日市市 岩国市 山口市 下関市
琵琶湖,近畿,日本最大の湖で、滋賀県に位置する湖はどこですか？,霞ヶ浦 猪苗代湖 中禅寺湖 洞爺湖 屈斜路湖 支笏湖 枇杷湖 田沢湖 十和田湖 阿寒湖
フィジー,オセアニア,南太平洋に位置する島国で、多くの島々からなる国はどこですか？,トンガ サモア バヌアツ ソロモン諸島 ニューカレドニア マーシャル諸島 パプアニューギニア ミクロネシア連邦 キリバス ツバル
フィリピン,アジア,東南アジアに位置し、約7000の島々からなる国はどこですか？,インドネシア マレーシア ベトナム タイ カンボジア ラオス ミャンマー シンガポール ブルネイ 東ティモール
房総半島,関東,千葉県に位置し、東京湾と太平洋に面した半島はどこですか？,三浦半島 伊豆半島 知多半島 能登半島 紀伊半島 若狭湾 佐渡島 隠岐諸島 小豆島 淡路島
防府市,中国・四国,山口県にある古い城下町で、人口約12万人の市はどこですか？,下関市 山口市 岩国市 周南市 宇部市 光市 萩市 長門市 美祢市 下松市
北陸,中部,日本海側に位置し、富山県や石川県、福井県を含む地方はどこですか？,東北地方 関東地方 中部地方 近畿地方 中国地方 四国地方 九州地方 北海道地方 東海地方 南関東地方
ボストン,北アメリカ,アメリカ合衆国マサチューセッツ州にある歴史ある港湾都市はどこですか？,ニューヨーク フィラデルフィア ボルチモア シカゴ サンフランシスコ ロサンゼルス デトロイト シアトル ミルウォーキー ポートランド
北海,中部,ヨーロッパの北西部にあり、イギリスやデンマークに面した海はどこですか？,バルト海 地中海 アドリア海 黒海 カリブ海 紅海 ベーリング海 南シナ海 オホーツク海 アラビア海
北海道地方,北海道,日本最北の地方で、札幌市や旭川市があるのはどこですか？,東北地方 関東地方 中部地方 近畿地方 中国地方 四国地方 九州地方 沖縄地方 北陸地方 関西地方
ポーランド,ヨーロッパ,中央ヨーロッパに位置し、ワルシャワを首都とする国はどこですか？,チェコ スロバキア ハンガリー スロベニア クロアチア セルビア ルーマニア ブルガリア ベラルーシ ウクライナ
ポリネシア,オセアニア,太平洋に広がる多くの島々からなる地域の総称は何ですか？,ミクロネシア メラネシア カリブ海諸島 西インド諸島 インド洋諸島 南極諸島 南極大陸 グリーンランド アイスランド ハワイ諸島
ボリビア,南アメリカ,南アメリカに位置し、ラパスとスクレの二つの首都を持つ国はどこですか？,ペルー エクアドル コロンビア ベネズエラ チリ アルゼンチン パラグアイ ウルグアイ ブラジル ガイアナ
本州,日本,日本最大の島で、東京や大阪、名古屋などの大都市がある島はどこですか？,九州 北海道 四国 沖縄 佐渡島 淡路島 隠岐諸島 小豆島 奄美群島 壱岐島
牧ノ原,中部,静岡県にある茶の生産が盛んな台地はどこですか？,遠州台地 富士山麓台地 甲府盆地 甲賀台地 信楽台地 長良川台地 伊勢台地 八ヶ岳台地 美濃台地 知多台地
幕張新都心,関東,千葉市にある大型の再開発地区で、国際展示場や商業施設が集まる地域はどこですか？,お台場 豊洲 六本木 渋谷 銀座 新宿 池袋 秋葉原 品川 有楽町
マチュピチュ,南アメリカ,ペルーにあるインカ帝国の遺跡で、世界遺産に登録されている山上の遺跡はどこですか？,チチェン・イッツァ テオティワカン ティカル カラル モチェ遺跡 モンテ・アルバン パレンケ クスコ カンデルマラル ラパ・ヌイ
松江市,中国・四国,島根県の県庁所在地で、宍道湖に面した都市はどこですか？,出雲市 益田市 浜田市 安来市 江津市 大田市 雲南市 奥出雲町 仁多町 川本町
松本市,中部,長野県にある城下町で、松本城が有名な市はどこですか？,諏訪市 上田市 飯田市 安曇野市 伊那市 茅野市 駒ヶ根市 塩尻市 岡谷市 大町市
マナオス,南アメリカ,ブラジル北部に位置し、アマゾン川の河口近くにある都市はどこですか？,ベレン リオデジャネイロ サンパウロ ブラジリア サルバドール フォルタレザ レシフェ ナタール クイアバ ポルトアレグレ
マラウイ,アフリカ,アフリカ南東部にあり、国土の大部分が湖沼や高原で占められている国はどこですか？,ザンビア タンザニア モザンビーク ジンバブエ マダガスカル ケニア ウガンダ ルワンダ ブルンジ ボツワナ
マリ,アフリカ,西アフリカに位置し、かつてのトンブクトゥが有名な国はどこですか？,ニジェール チャド モーリタニア セネガル ブルキナファソ ギニア コートジボワール ガーナ ベナン トーゴ
マルセイユ,ヨーロッパ,フランス南部の地中海に面し、フランス第2の都市である港湾都市はどこですか？,ニース トゥールーズ リヨン ボルドー ストラスブール モンペリエ レンヌ ナント グルノーブル ル・アーヴル
マレーシア,アジア,東南アジアに位置し、マレー半島とボルネオ島の一部からなる国はどこですか？,インドネシア タイ フィリピン ベトナム シンガポール ブルネイ ラオス カンボジア ミャンマー 東ティモール
三重県,中部,伊勢神宮がある中部地方の県はどこですか？,岐阜県 長野県 静岡県 愛知県 福井県 富山県 石川県 滋賀県 奈良県 和歌山県
ミクロネシア,オセアニア,太平洋の島々からなる地域で、アメリカの自由連合州を含む地域はどこですか？,メラネシア ポリネシア カリブ海諸島 西インド諸島 南太平洋諸島 北マリアナ諸島 ハワイ諸島 マリアナ諸島 サモア諸島 フィジー諸島
ミシシッピ川,北アメリカ,アメリカ合衆国中央部を南に流れ、メキシコ湾に注ぐ大河は何ですか？,ミズーリ川 オハイオ川 コロラド川 リオグランデ川 セントローレンス川 コロンビア川 ユーコン川 アリカンテ川 モンゴメリー川 トリニダード川
水俣市,九州,熊本県にあり、水俣病の発生で知られる市はどこですか？,人吉市 八代市 玉名市 宇城市 荒尾市 球磨村 山鹿市 合志市 菊池市 阿蘇市
南アジア,アジア,インドやパキスタン、バングラデシュなどが含まれるアジアの地域はどこですか？,東南アジア 中央アジア 西アジア 東アジア 南東アジア 北アジア 東インド 中東 インドシナ半島 ヒマラヤ地域
南アフリカ共和国,アフリカ,アフリカ大陸最南端に位置し、ケープタウンを含む国はどこですか？,ナミビア ジンバブエ ボツワナ レソト スワジランド モザンビーク ザンビア アンゴラ コンゴ民主共和国 マラウイ
南アメリカ,南アメリカ,ブラジルやアルゼンチンが位置するアメリカ大陸の南半球の大陸はどこですか？,北アメリカ 中央アメリカ カリブ海地域 メキシコ湾地域 グリーンランド 南極大陸 ユーラシア大陸 アフリカ大陸 オーストラリア大陸 アンタークティカ大陸
南アメリカ大陸,南アメリカ,アンデス山脈やアマゾン川がある大陸はどこですか？,北アメリカ大陸 アフリカ大陸 ユーラシア大陸 オーストラリア大陸 南極大陸 グリーンランド カリブ海諸島 インド亜大陸 マダガスカル ニューギニア
南四国,中国・四国,四国地方の南部を指す地域はどこですか？,北四国 東四国 西四国 南九州 北九州 南中国 北中国 南関東 北関東 南東北
宮城県,東北,東北地方にあり、仙台市が県庁所在地の県はどこですか？,青森県 岩手県 秋田県 山形県 福島県 新潟県 宮崎県 山口県 広島県 兵庫県
宮古市,東北,岩手県にある三陸海岸沿いの市はどこですか？,釜石市 大船渡市 久慈市 陸前高田市 盛岡市 花巻市 北上市 遠野市 一関市 奥州市
宮崎県,九州,九州南東部に位置し、温暖な気候と農業が盛んな県はどこですか？,鹿児島県 熊本県 大分県 長崎県 佐賀県 福岡県 山口県 愛媛県 高知県 徳島県
宮崎平野,九州,宮崎県中央部に広がる肥沃な平野はどこですか？,筑後平野 筑紫平野 日向平野 出水平野 阿蘇平野 八代平野 霧島平野 大隅平野 薩摩平野 五ヶ瀬平野
ミャンマー,アジア,東南アジアにあり、ヤンゴンを旧首都とする国はどこですか？,タイ ラオス カンボジア ベトナム インドネシア マレーシア フィリピン ブルネイ 東ティモール シンガポール
ミラノ,ヨーロッパ,イタリア北部にあるファッションと金融の中心都市はどこですか？,ローマ ナポリ フィレンツェ ヴェネツィア トリノ ジェノヴァ ボローニャ パルマ ヴェローナ バルセロナ
陸奥湾,東北,青森県の下北半島と津軽半島の間にある湾はどこですか？,三陸湾 函館湾 八戸湾 室蘭湾 苫小牧湾 釧路湾 釜石湾 久慈湾 大船渡湾 遠野湾
メキシコ,北アメリカ,マヤ文明やアステカ文明の遺跡が残る国はどこですか？,アメリカ合衆国 カナダ グアテマラ ベリーズ キューバ コスタリカ エルサルバドル パナマ ジャマイカ ドミニカ共和国
メキシコ湾,北アメリカ,アメリカ合衆国とメキシコの間にある大きな湾は何ですか？,カリブ海 ハドソン湾 サンフランシスコ湾 ベーリング海 チェサピーク湾 アラスカ湾 ペルシャ湾 バレンツ海 ベンガル湾 オホーツク海
メッカ,アジア,サウジアラビアにあり、イスラム教の聖地として知られる都市はどこですか？,メディナ リヤド ドバイ カイロ アンカラ イスタンブール アブダビ ドーハ クウェートシティ テヘラン
メラネシア,オセアニア,オセアニアの島々で、フィジーやパプアニューギニアを含む地域はどこですか？,ポリネシア ミクロネシア インドネシア マレー諸島 ニュージーランド タヒチ ソロモン諸島 サモア トンガ バヌアツ
盛岡市,東北,岩手県の県庁所在地で、東北地方の中心都市はどこですか？,仙台市 秋田市 山形市 青森市 福島市 弘前市 北上市 花巻市 一関市 八戸市
モンゴル,アジア,中央アジアに位置し、遊牧文化が盛んな内陸国はどこですか？,カザフスタン ウズベキスタン キルギス タジキスタン トルクメニスタン アフガニスタン ネパール ブータン 中国 ロシア
八尾市,近畿,大阪府にあり、古くから商業が盛んな市はどこですか？,東大阪市 枚方市 寝屋川市 守口市 吹田市 豊中市 堺市 高槻市 和泉市 藤井寺市
屋久島,九州,鹿児島県に属し、世界自然遺産に登録された島はどこですか？,種子島 奄美大島 徳之島 与論島 指宿 硫黄島 喜界島 沖永良部島 口永良部島 宮古島
ヤクーツク,アジア,ロシアのシベリア地方にあり、世界で最も寒い都市の一つとされる都市はどこですか？,ノリリスク イルクーツク オイミャコン ハバロフスク チタ マガダン クラスノヤルスク ウラジオストク バルナウル ウラン・ウデ
山形県,東北,東北地方にあり、さくらんぼの産地として知られる県はどこですか？,秋田県 岩手県 福島県 宮城県 青森県 新潟県 長野県 群馬県 富山県 石川県
山形盆地,東北,山形県の中央に広がる盆地はどこですか？,福島盆地 秋田平野 庄内平野 会津盆地 仙北盆地 盛岡盆地 十和田盆地 田沢湖盆地 新庄盆地 津軽平野
山口県,中国・四国,本州の最西端に位置し、下関市がある県はどこですか？,広島県 岡山県 島根県 鳥取県 愛媛県 福岡県 佐賀県 大分県 徳島県 高知県
山梨県,中部,富士山の北側に位置し、ぶどうやももの産地として知られる県はどこですか？,長野県 静岡県 岐阜県 新潟県 富山県 福井県 三重県 群馬県 埼玉県 茨城県
ユーラシア大陸,世界,世界最大の大陸で、ヨーロッパとアジアを合わせたものは何ですか？,アフリカ大陸 北アメリカ大陸 南アメリカ大陸 オーストラリア大陸 南極大陸 グリーンランド インド亜大陸 アジア大陸 ヨーロッパ大陸 アラビア半島
横浜市,関東,神奈川県の県庁所在地で、東京湾に面した大都市はどこですか？,川崎市 千葉市 さいたま市 東京都 船橋市 横須賀市 市川市 柏市 相模原市 大田区
吉野川,中国・四国,四国を流れ、徳島県を通って太平洋に注ぐ川は何ですか？,那賀川 肱川 仁淀川 四万十川 加古川 揖保川 紀の川 千種川 旭川 高梁川
四日市市,中部,三重県にあり、工業地帯の一部として発展した都市はどこですか？,津市 鈴鹿市 松阪市 伊賀市 桑名市 名張市 伊勢市 尾鷲市 亀山市 いなべ市
淀川,近畿,大阪府を流れ、大阪湾に注ぐ川は何ですか？,大和川 木津川 桂川 宇治川 瀬田川 安威川 神崎川 猪名川 武庫川 芥川
ヨーロッパ州,ヨーロッパ,ユーラシア大陸の西部に位置し、多くの国がある大陸の一部はどこですか？,アジア州 アフリカ州 北アメリカ州 南アメリカ州 オセアニア州 南極州 中東地域 スカンディナビア バルカン半島 中央アジア
ロッテルダム,ヨーロッパ,オランダの港湾都市で、ヨーロッパ最大級の港を持つ都市はどこですか？,アムステルダム ハンブルク アントワープ マルセイユ バルセロナ ブレーメン リスボン ナポリ ジェノバ トリエステ
ローマ,ヨーロッパ,イタリア半島中部に位置し、古代帝国の政治・文化の中心として栄えた都市はどこですか？,ナポリ ミラノ ベネチア フィレンツェ トリノ ボローニャ パレルモ カターニア ジェノバ ペルージャ
ロンドン,ヨーロッパ,イギリスの首都であり、テムズ川沿いに広がる大都市はどこですか？,マンチェスター バーミンガム リバプール ブリストル グラスゴー エディンバラ シェフィールド リーズ ニューカッスル カーディフ
若狭湾,中部,福井県にある入り組んだ海岸線を持つ湾はどこですか？,越前湾 富山湾 七尾湾 小浜湾 駿河湾 相模湾 伊勢湾 津軽海峡 鹿児島湾 東京湾
和歌山県,近畿,紀伊半島の西側に位置し、梅の生産が盛んな県はどこですか？,奈良県 三重県 大阪府 兵庫県 滋賀県 京都府 福井県 岐阜県 愛知県 徳島県
ワシントンD.C.,北アメリカ,アメリカ合衆国の首都で、ホワイトハウスや国会議事堂がある都市はどこですか？,ニューヨーク ボストン シカゴ ヒューストン サンフランシスコ フィラデルフィア ダラス アトランタ ロサンゼルス デトロイト
IC(集積回路),世界,電子機器の基盤となる、小さな半導体素子が集まった回路は何ですか？,トランジスタ コンデンサ ダイオード 抵抗 マイコン 基板 センサー バッテリー 発電機 モーター
Iターン,日本,地方に移住して新たな生活を始めることを何と言いますか？,出稼ぎ 就職氷河期 ニート Uターン Jターン フリーター 移住者 単身赴任 引きこもり 都市労働者
アイヌの人々,北海道,北海道を中心に伝統文化を持つ先住民族は誰ですか？,琉球民族 マオリ ゾミ族 イヌイット サーミ バスク人 ブルトン人 パプア人 モン族 ヤオ族
赤潮,日本,海水中のプランクトンが大量発生し、漁業に被害を与える現象は何ですか？,白潮 汽水帯 漂流潮 沖合流 気温変化 汽水赤変 富栄養化 海水汚濁 海洋酸性化 漂流物
亜寒帯(冷帯),世界,寒帯よりやや暖かく、冬は非常に寒く夏は涼しい気候帯を何といいますか？,熱帯 乾燥帯 温帯 寒帯 砂漠帯 赤道帯 蒸暑帯 台風帯 高山帯 氷雪帯
アグリビジネス,世界,農業と関連産業を一体化した経済活動を何と呼びますか？,第一次産業 農地改革 集約農業 零細農業 フードマイレージ 農協 農園経営 サプライチェーン 遺伝子作物 農地バンク
アジア太平洋経済協力会議(APEC),アジア,アジア太平洋地域の経済協力を目的とする国際会議は何ですか？,ASEAN WTO IMF UNCTAD OECD G7 G20 NAFTA TPP ASEM
アパルトヘイト(人種隔離政策),アフリカ,南アフリカ共和国でかつて行われた人種差別政策を何と言いますか？,ナショナリズム 人種平等 民主主義 帝国主義 反植民地運動 階級闘争 カースト制度 反ユダヤ主義 白豪主義 植民地主義
油やし,世界,熱帯地方で主に栽培され、食用油の原料となる植物は何ですか？,ココヤシ オリーブ ごま 大豆 とうもろこし ひまわり なたね 綿花 バオバブ クルミ
アフリカ連合(AU),アフリカ,アフリカ諸国の地域協力組織で、アフリカ連邦の実現を目指す組織は何ですか？,EU NATO ASEAN MERCOSUR G20 UN WTO OPEC G7 COMESA
アボリジニー,オセアニア,オーストラリアの先住民族を何と呼びますか？,マオリ イヌイット サーミ インディアン ゾミ族 パプア人 バスク人 ネイティブハワイアン チベット人 モン族
アルプス・ヒマラヤ造山帯,世界,ヨーロッパのアルプス山脈からアジアのヒマラヤ山脈まで続く造山帯は何ですか？,環太平洋造山帯 大西洋中央海嶺 インド洋海嶺 赤道造山帯 西アジア高地 アルタイ山脈 高原帯 大地溝帯 プレート境界 中央山脈帯
イスラム教,世界,メッカを聖地とし、ムハンマドを預言者とする宗教は何ですか？,キリスト教 ヒンドゥー教 仏教 ユダヤ教 道教 ゾロアスター教 神道 バハイ教 ジャイナ教 シーク教
緯線,世界,地球上で東西に走り、赤道を基準にして位置を示す線は何ですか？,経線 子午線 本初子午線 軸線 地軸 南極線 北極線 測地線 経度線 回帰線
一般図,日本,地形や道路、建物などを色や記号で表した地図の種類は何ですか？,主題図 白地図 統計図 立体図 交通図 気候図 地質図 路線図 衛星図 気圧図
緯度,世界,地球の赤道からの角度で、南北の位置を表す値は何ですか？,経度 高度 標高 時差 海抜 平均気温 赤道傾斜 自転角 黄道角 傾斜角
稲作,日本,水田で米を栽培する農業の方法を何と呼びますか？,畑作 酪農 果樹栽培 露地栽培 園芸農業 混合農業 輪作 放牧 乾田作 営農
イヌイット,北アメリカ,北極圏に住み、主に狩猟や漁労を営む先住民族は誰ですか？,マオリ アボリジニー サーミ インディアン ゾミ族 パプア人 ヤオ族 ネイティブハワイアン バスク人 チベット人
衣服,日本,人が身体を覆うために着るものを一般に何と呼びますか？,住居 食料 道具 運搬具 防具 文房具 手工芸品 雑貨 履物 装飾品
異文化理解,世界,異なる文化を尊重し、理解しようとする態度や活動を何と言いますか？,国際協力 民族対立 多文化排除 植民政策 言語統一 単一文化 誤解 克服 行動規範 同化政策
移民,世界,他の国や地域に移り住む人を何と呼びますか？,難民 旅行者 観光客 滞在者 帰国者 遠征隊 外交官 船員 留学生 駐在員
印刷業,世界,活版印刷やオフセット印刷など、文字や画像を大量に複製する産業は何ですか？,出版業 放送業 建設業 情報通信業 金融業 教育産業 医療業務 通信販売 漁業 鉱業
インターネット,世界,世界中のコンピュータがつながる巨大な通信ネットワークは何ですか？,イントラネット テレビラジオ 電話回線 電報 通信衛星 SNS クラウド 電波塔 無線通信 モバイル回線
雨温図,日本,月ごとの平均気温と降水量を表したグラフを何といいますか？,円グラフ 棒グラフ 折れ線グラフ 地形図 統計表 年間表 気温曲線 雨量計 温度計 降水図
雨季,世界,熱帯や亜熱帯などで雨が多く降る季節を何といいますか？,乾季 秋 冬 春 霧季 霜季 台風期 旱魃期 夕立期 猛暑期
埋め立て,日本,海や湖を土砂などで埋めて陸地にすることを何といいますか？,開発 干拓 貯水工事 干潮整備 地盤改良 海岸整備 浚渫 工業造成 河口整備 防潮整備
永久凍土,世界,一年中凍ったままの地面を何といいますか？,氷河 地表岩盤 凍結帯 多年草帯 雪原 永久雪 氷床 高山土 冷凍層 凍結層
液状化,日本,地震によって地面が液体のようになる現象を何といいますか？,断層移動 地盤沈下 土砂崩れ 地すべり 津波隆起 地割れ 振動圧密 亀裂変形 余震誘発 土石流
エコツーリズム,世界,自然環境を守りながら観光を行うことを何といいますか？,マスツーリズム 観光開発 商業観光 工業観光 農業体験 宿泊施設滞在 交通観光 リゾート開発 温泉観光 バス旅行
エネルギー資源,世界,発電や燃料に使われる石油・石炭・天然ガスなどの資源を何といいますか？,鉱物資源 食料資源 土壌資源 森林資源 工業製品 水資源 環境資源 漁業資源 地域資源 化学資源
沿岸漁業,日本,陸地から近い海で行われる漁業を何といいますか？,沖合漁業 遠洋漁業 養殖漁業 淡水漁業 潮干狩り 川漁 湖沼漁業 商業漁業 巡回漁業 自営漁業
園芸農業,世界,野菜・花・果物などを栽培する農業のことを何といいますか？,畜産業 酪農業 林業 水稲農業 漁業 畑作農業 集約農業 焼畑農業 乾田農業 稲作農業
遠洋漁業,日本,外洋の遠い海域で長期間にわたって行う漁業を何といいますか？,沿岸漁業 養殖業 内水面漁業 中層漁業 網漁業 沿岸採集 捕鯨 潮間帯漁業 雑魚採取 潜水漁業
オアシス,世界,砂漠の中で水が得られ、植物が育つ場所を何といいますか？,砂丘 乾燥帯 砂漠化 砂漠緑化 乾燥地帯 岩山 高原 砂州 砂嘴 砂礫地
沖合漁業,日本,沿岸から少し離れた海域で行われる漁業を何といいますか？,沿岸漁業 遠洋漁業 養殖漁業 淡水漁業 潮干狩り 川漁 湖沼漁業 商業漁業 巡回漁業 自営漁業
親潮(千島海流),日本,千島列島から南下してくる寒流を何といいますか？,黒潮 暖流 寒暖流 対流 潮流 海流 潮目 潮汐 赤潮 対馬海流
オリーブ,世界,地中海沿岸などの温暖な地域で栽培される油をとる果実は何ですか？,レモン ぶどう ざくろ ナツメ ヤシの実 ココナッツ いちじく アーモンド イチジク ザクロ
温室効果ガス,世界,地球の気温上昇に関わる、二酸化炭素などの気体を何といいますか？,酸素 窒素 メタン 一酸化炭素 アンモニア 硫化水素 オゾン 硫酸 二酸化硫黄 アルゴン
温泉,日本,地中からわき出る温かい水で、観光資源としても利用されるものは何ですか？,井戸 水田 湖沼 河川 湧水 鉱泉 清水 海水 湖水 水道水
温帯,世界,熱帯と寒帯の間にある、四季の変化がある気候帯を何といいますか？,熱帯 寒帯 亜寒帯 亜熱帯 乾燥帯 高山気候 温暖湿潤気候 冷帯温帯 地中海性気候 ステップ気候
温暖湿潤気候,日本,日本の大部分が属し、夏は高温多湿で冬に雪が降る気候区は何ですか？,地中海性気候 亜寒帯気候 冷帯気候 熱帯雨林気候 サバナ気候 ステップ気候 砂漠気候 高山気候 ツンドラ気候 温帯気候
海溝,世界,海底のプレートの境界で見られる、非常に深い谷のような地形を何といいますか？,海山 海嶺 大陸棚 大陸斜面 大陸縁辺海 海丘 海台 海山群 海盆 海峡
海上保安庁,日本,日本の領海を守り、海難救助や海上交通の安全に関わる機関は何ですか？,海上自衛隊 水上警察 海保海軍 沿岸警備隊 海洋警察 海軍 海上警察庁 沿岸警備庁 警察庁 海難救助隊
海上輸送,世界,船を使って人や物を運ぶ交通手段を何といいますか？,陸上輸送 航空輸送 鉄道輸送 道路輸送 パイプライン輸送 空輸 鉄道貨物輸送 自動車輸送 軌道輸送 宇宙輸送
開拓,日本,新しい土地を切り開いて農地などにすることを何といいますか？,耕作 造成 開発 建設 再開発 園芸 農耕 植林 林業 土木工事
開拓使,日本,明治時代に北海道の開発と統治を目的に設置された役所は何ですか？,北海道庁 開拓局 農商務省 蝦夷府 開発局 札幌府 函館府 明治庁 開発省 農務省
海底ケーブル,世界,海の底に敷かれ、通信などに使われるケーブルを何といいますか？,光ファイバー 電話線 電力線 石油パイプライン 鉄道線 燃料パイプライン ガスパイプライン 海底送電線 電子回路 無線通信
カカオ豆,世界,チョコレートの原料となる熱帯作物は何ですか？,コーヒー バナナ サトウキビ トウモロコシ キャッサバ パパイヤ マンゴー ココナッツ ゴム ヤシ
加工貿易,日本,輸入した原料や部品を加工して製品にし、輸出する貿易の形態を何といいますか？,組立貿易 自給自足 貿易摩擦 輸入貿易 輸出貿易 関税障壁 保護貿易 自由貿易 多角貿易 国内貿易
火砕流,日本,火山の噴火によって高温のガスや火山灰・岩石が流れ下る現象は何ですか？,溶岩流 火山灰 火山泥流 噴石 火山ガス 火山爆発 熔岩流 噴火口 火山弾 火山堆積物
火山,日本,地下のマグマが噴き出す場所で、地震や災害の原因にもなる地形は何ですか？,断層 プレート 大地震 マグマ溜まり 火山帯 マグマ火口 噴火口 マグマ上昇帯 地熱地帯 溶岩流
果樹栽培,日本,りんごやみかんなどの果物を育てる農業を何といいますか？,稲作 畜産 野菜栽培 林業 水田耕作 酪農 花卉栽培 農園芸 林業経営 園芸農業
華人,世界,中国から他国に移住し、現地で生活している人々を何と呼びますか？,移民 出稼ぎ 労働者 難民 同胞 同胞社会 少数民族 海外華僑 外国人 漢民族
カースト,世界,インドの伝統的な身分制度を何といいますか？,身分制度 封建制度 階級制度 社会階層 法律 制度 貴族制度 社会制度 階層制度 封建社会
過疎化,日本,人口が減少し、地域社会の維持が困難になる現象を何といいますか？,過密 少子高齢化 都市化 高齢化 地方創生 少子化 住民減少 過密化 都市集中 地域消滅
カトリック,世界,キリスト教の一派で、バチカン市国に総本山がある宗教は何ですか？,プロテスタント 正教会 イスラム教 ユダヤ教 仏教 ヒンドゥー教 神道 キリスト教 バプテスト 教派
カーニバル,世界,ブラジルなどで行われる、音楽や踊りを伴う盛大な祭りは何ですか？,フェスティバル 盆踊り オクトーバーフェスト 花火大会 お祭り ディア・デ・ムエルト イースター ハロウィン ルネサンス祭 ジャズフェス
過密,日本,都市などに人口が集中しすぎて生活や環境に悪影響が出ている状態を何といいますか？,過疎 都市化 地方集中 高密度 住宅過剰 住居不足 交通渋滞 環境悪化 人口密度 住宅密集地
火力発電,日本,石炭・石油・天然ガスなどを燃やして電気をつくる発電方法は何ですか？,水力発電 原子力発電 風力発電 太陽光発電 地熱発電 バイオマス発電 潮力発電 波力発電 燃料電池 発電所
カルデラ,日本,火山の噴火で山頂が陥没してできた大きなくぼ地を何といいますか？,火口 噴火口 マール 火砕丘 火山湖 火山弧 火山帯 噴煙柱 溶岩ドーム 火山群
かんがい,日本,農地に水を引いて農作物の生育を助けることを何といいますか？,排水 乾燥 畜産 施肥 耕作 稲作 肥料 散水 水田耕作 水管理
乾季,世界,年の中で雨がほとんど降らず、乾燥した季節を何といいますか？,雨季 旱魃 雨期 雨量 少雨 乾燥期 湿潤期 乾燥帯 砂漠地帯 乾燥季
環境保全,世界,自然や生活環境を守り、良好な状態に保つ取り組みを何といいますか？,環境破壊 環境改善 環境教育 環境運動 自然保護 環境管理 環境政策 環境修復 環境保護 環境維持
環境問題,世界,地球温暖化や森林破壊など、人間の活動によって生じる自然への影響を何といいますか？,環境汚染 自然破壊 公害 砂漠化 気候変動 森林破壊 大気汚染 水質汚濁 環境負荷 環境破壊
乾燥帯,世界,降水量が少なく、砂漠やステップが広がる気候帯は何ですか？,砂漠気候 乾燥気候 ステップ気候 熱帯雨林気候 温帯気候 寒帯気候 地中海性気候 モンスーン気候 温暖湿潤気候 ツンドラ気候
寒帯,世界,年中気温が低く、樹木が育たない気候帯を何といいますか？,ツンドラ気候 氷雪気候 温帯気候 砂漠気候 熱帯雨林気候 ステップ気候 地中海性気候 モンスーン気候 温暖湿潤気候 サバナ気候
環太平洋造山帯,世界,太平洋を囲むように分布し、地震や火山活動が活発な地域帯は何ですか？,リングオブファイア 太平洋火山帯 アルプスヒマラヤ造山帯 大西洋中央海嶺 地中海造山帯 ユーラシア造山帯 太平洋造山帯 環大西洋造山帯 火山帯 プレート境界
干拓,日本,海や湖を堤防で囲って水を抜き、新しい土地をつくることを何といいますか？,埋め立て 造成 開発 浚渫 灌漑 浸水 排水 水田造成 塩害 防潮堤
関東ローム,関東,関東地方に広がる、火山灰が堆積してできた赤土の層を何といいますか？,関東ローム層 火山灰層 火山土壌 火山灰土壌 堆積層 赤土層 火山灰堆積 火山灰土 火山性土壌 火山灰堆積物
干ばつ,世界,雨が長期間降らず、水不足になる自然災害を何といいますか？,旱魃 乾季 乾燥 大雨 洪水 水害 土砂災害 台風 豪雨 地震
寒流,日本,低い水温の海水が流れる海流で、親潮などが代表的なものは何ですか？,親潮 千島海流 日本海流 黒潮 暖流 北赤道海流 北太平洋海流 南赤道海流 ベーリング海流 赤潮
気温,世界,ある場所の空気の温かさや冷たさを数値で示したものを何といいますか？,温度 湿度 気圧 降水量 風速 風向 日照時間 熱量 放射線 蒸発量
気温風(モンスーン),世界,季節によって風向きが変わり、雨季と乾季をもたらす風を何といいますか？,季節風 貿易風 偏西風 ハリケーン ツンドラ シロッコ 台風 四季風 気団 南東風
北関東工業地域,関東,群馬・栃木・茨城を中心とし、自動車部品などの製造がさかんな工業地域はどこですか？,関東工業地域 京浜工業地帯 阪神工業地帯 中京工業地帯 九州工業地帯 東海工業地帯 筑波研究学園都市 仙台工業地域 札幌工業地域 北海道工業地域
北九州工業地帯,九州,福岡県北部に広がる、かつて製鉄業が中心だった工業地帯はどこですか？,筑豊工業地帯 福岡工業地帯 九州工業地帯 大牟田工業地帯 長崎工業地帯 熊本工業地帯 鹿児島工業地帯 宮崎工業地帯 沖縄工業地帯 佐賀工業地帯
北大西洋海流,ヨーロッパ,ヨーロッパ西岸に暖かい影響をもたらす暖流は何ですか？,メキシコ湾流 黒潮 カリブ海流 東オーストラリア海流 日本海流 ベンゲラ海流 ペルー海流 南赤道海流 親潮 ラブラドル海流
共助,日本,地域の住民同士が助け合って防災や福祉などを支える取り組みを何といいますか？,自助 公助 互助 協働 協力 支え合い ボランティア 地域防災 地域福祉 共同体
共通農業政策,ヨーロッパ,EUが加盟国間で農業の支援や調整を行う政策を何といいますか？,CAP 欧州農業政策 EU農業政策 農業調整政策 農業補助政策 農業支援政策 農業統合 EU政策 欧州連合政策 農政政策
京都議定書,世界,温室効果ガスの削減を先進国に義務づけた1997年に採択された国際的な協定は何ですか？,パリ協定 気候変動枠組条約 COP3 COP21 気候変動協定 地球温暖化防止条約 温室効果ガス削減協定 国際環境協定 気候変動合意 京都会議
極東,アジア,東アジアを中心としたアジアの東端地域を指す地理的名称は何ですか？,東アジア 東南アジア 南アジア 北東アジア 西アジア 南西アジア 中東 アジア太平洋 太平洋地域 東南太平洋
キリスト教,世界,ヨーロッパやアメリカを中心に信者が多い一神教は何ですか？,カトリック プロテスタント 正教会 ユダヤ教 イスラム教 ヒンドゥー教 シク教 仏教 ジャイナ教 バハイ教
近郊農業,日本,大都市周辺で行われる、野菜や花などの新鮮さが求められる農業を何といいますか？,近郊型農業 都市近郊農業 施設園芸 都市農業 露地農業 集約農業 施設農業 農業集約型 農業近郊型 農村農業
空中写真,日本,航空機や人工衛星から地表を撮影して作成される地図資料は何ですか？,航空写真 航空撮影 衛星写真 衛星撮影 リモートセンシング リモセン 航空マッピング リモート写真 地図写真 航空画像
車社会化,日本,交通手段が主に自動車に依存し、人々の生活が車中心になる現象を何といいますか？,自動車社会 モータリゼーション 自動車依存 自動車中心社会 車中心生活 モータリゼーション現象 車利用増加 自動車普及 社会変化 交通社会
黒潮(日本海流),日本,日本の太平洋側を北上する暖流で、気候や漁業に大きな影響を与えるのは何ですか？,黒潮流 日本海流 暖流 親潮 寒流 海流 海流帯 海流流域 海流循環 海流変動
軽工業,日本,衣料・食品・電気製品など比較的軽い製品をつくる工業を何といいますか？,繊維工業 電気機器工業 食品工業 プラスチック工業 紙工業 精密工業 家具工業 軽量工業 軽製造業 重工業
経済格差,世界,国内や国際的に見られる所得や生活水準の差を何といいますか？,所得格差 貧富の差 収入格差 経済的不平等 資産格差 社会格差 貧富格差 貧困格差 生活水準格差 経済的不均衡
経済特区,世界,中国で外国企業の誘致を目的に特別な制度が設けられた地域を何といいますか？,経済開発区 開発特区 自由貿易区 投資特区 経済自由区 開放区 経済ゾーン 特別経済区 経済自由特区 経済特区区域
経線,世界,地球上の南北を結ぶ線で、経度を示すのに使われる線は何ですか？,子午線 経線度 緯線 緯度線 赤道 地軸 緯線度 経線線 地理座標 地平線
経度,世界,本初子午線を基準にして東西の位置を表す数値は何ですか？,本初子午線 緯度 経線度 緯線 赤道 地理座標 地軸 地方子午線 経線線 子午線
京阪神大都市圏,近畿,京都・大阪・神戸を中心とした関西地方の都市圏は何ですか？,関西圏 阪神大都市圏 京滋大都市圏 関東大都市圏 京滋神大都市圏 大阪圏 神戸圏 京都圏 中京工業地帯 阪神工業地帯
京浜工業地帯,関東,東京都から神奈川県にかけて広がる、日本を代表する工業地帯はどこですか？,京葉工業地帯 京阪工業地帯 中京工業地帯 阪神工業地帯 北関東工業地帯 南関東工業地帯 東京工業地帯 神奈川工業地帯 関東工業地帯 京阪神工業地帯
京葉工業地域,関東,千葉県の東京湾岸に広がる、石油化学コンビナートなどがある工業地域はどこですか？,京浜工業地帯 京阪工業地帯 阪神工業地帯 中京工業地帯 関東工業地帯 北関東工業地帯 東京工業地帯 神奈川工業地帯 南関東工業地帯 京阪神工業地帯
ゲルマン系,ヨーロッパ,ドイツやイギリスなどの民族に共通する言語・文化をもつ人々の系統は何ですか？,スラブ系 ラテン系 ケルト系 バルト系 バスク系 フィン・ウゴル系 ギリシャ系 ロマ系 トルコ系 アングロサクソン系
減災,日本,災害による被害をできるだけ小さく抑える取り組みを何と言いますか？,防災 減反 災害対策 災害予防 自助 公助 共助 危機管理 災害緩和 緊急対応
原子力発電,日本,ウランを燃料に使い、核分裂のエネルギーで発電する方法は何ですか？,火力発電 水力発電 太陽光発電 風力発電 地熱発電 バイオマス発電 潮力発電 波力発電 地熱エネルギー LNG発電
減反政策,日本,米の生産を調整するために政府が行った作付面積を減らす政策は何ですか？,増反政策 農地改革 農業近代化 直接支払い制度 生産調整 米価補助 価格支持政策 農地集約 農業振興 農業保護
原油,世界,石油のもとになる地下から採れる液体状の資源は何ですか？,天然ガス 石炭 鉱石 ウラン 炭化水素 重油 ガソリン ディーゼル燃料 バイオマス 潤滑油
合計特殊出生率,日本,1人の女性が一生に産むと予想される子どもの数を何といいますか？,出生率 人口増加率 生殖率 自然増加率 総再生産率 人口動態率 総出生率 死亡率 合計人口増加率 出生人口比率
高山気候,世界,標高が高い山岳地帯に見られる、気温が低くなる気候を何といいますか？,山岳気候 亜寒帯 氷河気候 寒帯気候 温帯気候 亜熱帯気候 温暖湿潤気候 地中海性気候 熱帯雨林気候 砂漠気候
鉱山資源,世界,金・銅・鉄など、地中から採掘される金属資源を何といいますか？,鉱物資源 金属資源 鉱石資源 資源鉱床 非金属資源 エネルギー資源 化石資源 地熱資源 石油資源 鉱床資源
公助,日本,国や自治体などが行う防災や福祉などの支援を何といいますか？,自治体支援 政府支援 自衛隊支援 地域支援 社会福祉 民間支援 ボランティア支援 地域防災 個人支援 緊急支援
洪水,日本,大雨や川の増水によって土地が水に覆われる自然災害を何といいますか？,水害 氾濫 豪雨被害 土砂災害 台風 津波 地震火山 火山灰被害 大雨 洪水被害
降水量,世界,ある期間に地表に降った雨や雪の量を表す指標は何ですか？,雨量 降雨量 降雪量 雪量 蒸発量 湿度 風速 気温 日射量 風向
高速道路,日本,一般道より速度制限が高く、信号のない有料の道路を何といいますか？,有料道路 自動車専用道路 幹線道路 バイパス 道路橋 国道 県道 市道 生活道路 自動車道
交通渋滞,日本,車の量が多すぎて道路がスムーズに進まなくなる現象を何といいますか？,道路渋滞 事故渋滞 交通事故 車両密度 車両混雑 交通規制 速度低下 自動車集中 交通集中 交通量過多
公用語,世界,国や地域で公に使用が定められている言語を何といいますか？,国語 標準語 公式言語 準公用語 共通語 母語 地方語 外国語 外来語 方言
高齢化,日本,総人口に占める65歳以上の割合が高くなる現象を何といいますか？,超高齢社会 少子高齢社会 少子化 人口減少 高齢者増加 年金問題 老人医療介護 老人福祉 若年人口減少 高齢社会
国際河川,世界,複数の国を流れるために国際的な取り決めが必要な河川を何といいますか？,越境河川 国際水系 独立河川 国内河川 河口 河川流域 河川支流 河川湖 河川盆地 河川勾配
国内総生産,世界,ある国の中で1年間に生み出された財やサービスの総額を何といいますか？,国民総生産 一人当たり所得 経済成長率 国民所得 純国内生産 労働生産性 物価指数 消費支出 投資総額 政府支出
穀物メジャー,世界,世界の穀物の流通を支配している巨大な多国籍企業群を何といいますか？,農業資本家 農業財閥 穀物カルテル 食品メーカー 農業協同組合 農業投資会社 食品輸出企業 農産物商社 農業関連企業 食料供給企業
国旗,世界,国の象徴として掲げられる旗を何といいますか？,旗印 国章 国紋 旗幟 国標 紋章 国旗図 国旗標識 国旗シンボル 国旗エンブレム
国境,世界,国と国との境界線を何といいますか？,国界 境界線 領土線 国土境界 境界 国土線 境目 国家ライン 領海 外郭線
コーヒー豆,世界,ブラジルなどで多く生産され、飲料の原料として利用される農産物は何ですか？,紅茶 豆茶 カカオ 豆類 緑茶 茶葉 香辛料 砂糖 サトウキビ 茶
小麦,世界,パンや麺などの原料になる、温帯で広く栽培されている穀物は何ですか？,トウモロコシ 大麦 ライ麦 米 粟 雑穀 そば オート麦 キビ 粟米
米,日本,日本やアジアで主食として多く食べられる、稲からとれる穀物は何ですか？,小麦 大麦 とうもろこし 大豆 そば 雑穀 もち米 粟 ひえ きび
混合農業,世界,ヨーロッパに多く見られる、畑作と家畜の飼育を組み合わせた農業は何といいますか？,畑作農業 酪農業 牧畜農業 園芸農業 乾燥農業 施設農業 露地農業 有機農業 集約農業 集団農業
コンテナ船,世界,大量の貨物を箱に詰めて運ぶ、国際貿易で使われる船を何といいますか？,タンカー フェリー 貨客船 バルクキャリア コンテナトレーラー クルーズ船 ロロ船 漁船 客船 タグボート
コンビニエンスストア,日本,24時間営業や多様なサービスで知られる小規模な店舗を何といいますか？,スーパーマーケット ドラッグストア 百貨店 ホームセンター デパート チェーン店 地域商店 商店街 市場 居酒屋
再開発,日本,都市の老朽化した建物や機能を新しく整備し直すことを何といいますか？,都市改造 土地区画整理 市街地整理 住宅再建 地区計画 土地造成 建築改修 土地再生 都市整備 区画整理
再生可能エネルギー,世界,太陽光・風力など、繰り返し利用できるエネルギーを何といいますか？,化石燃料 原子力 天然ガス 石炭 石油 バイオマス 水力 エネルギー貯蔵 燃料電池 火力
栽培漁業,日本,魚の卵や稚魚を育てて放流し、成長した魚を再びとる漁業を何といいますか？,養殖漁業 近海漁業 遠洋漁業 沖合漁業 漁撈業 海面漁業 養魚業 捕鯨 漁村漁業 水産加工業
砂漠,世界,年間降水量が非常に少なく、植物がほとんど育たない土地を何といいますか？,ステップ サバンナ ツンドラ 草原 熱帯雨林 温帯林 硬葉樹林 乾燥帯 砂丘 岩石砂漠
砂漠気候,世界,乾燥帯の中でも特に降水量が少ない気候区は何といいますか？,ステップ気候 熱帯雨林気候 サバナ気候 ツンドラ気候 温帯気候 地中海性気候 温暖湿潤気候 寒帯気候 地中海気候 温帯冬季少雨気候
サバナ,世界,草とまばらな木が混じった熱帯の草原地帯を何といいますか？,サバナ草原 ステップ 草地 ツンドラ 熱帯雨林 乾燥地帯 砂漠 地中海性気候 温帯林 亜熱帯林
サバナ気候,世界,雨季と乾季がはっきり分かれており、サバナが見られる熱帯の気候を何といいますか？,熱帯雨林気候 ステップ気候 砂漠気候 温暖湿潤気候 温帯湿潤気候 地中海性気候 亜寒帯湿潤気候 温帯冬季少雨気候 ツンドラ気候 寒帯気候
サービス業,日本,飲食店・教育・医療・観光など、人にサービスを提供する産業を何といいますか？,第三次産業 第二次産業 第一産業 第四次産業 製造業 農業 漁業 建設業 運輸業 情報通信業
三角州,日本,川が海や湖に流れ込むところに土砂がたまってできる地形を何といいますか？,河口 沖積平野 砂州 氾濫原 湾岸 三角地帯 土手 岬 半島 湖岸
産業の空洞化,日本,工場の海外移転などにより、国内の製造業が衰退していく現象を何といいますか？,海外移転 工場撤退 衰退 雇用減少 経済収縮 経済縮小 グローバル化 製造業空洞化 産業再編 経済構造変化
三大都市圏,日本,東京・名古屋・大阪を中心とした大都市の集まりを何といいますか？,首都圏 京阪神大都市圏 東海圏 中京圏 関西圏 関東圏 近畿圏 名古屋圏 西日本圏 南関東圏
山形,日本,日本の地形の特徴として、山が多く平地が少ない様子を一言で何といいますか？,多山多峰 多山多谷 多山平地 平坦地 多峰多谷 多丘陵 多峰多平野 山地 平野 少地
サンベルト,北アメリカ,アメリカ南部から西部にかけて広がる新しい工業地域を何といいますか？,コーストベルト 鉄鋼ベルト 環太平洋ベルト 産業ベルト 西海岸ベルト 鉄鉱石ベルト 鉄道ベルト マグネシウムベルト ベルト地域 鉄鉱帯
山脈,世界,山が帯状に連なっている地形を何といいますか？,山岳帯 連峰 山地 高原 台地 谷 丘陵 山丘 平地 渓谷
自衛隊,日本,日本の防衛や災害救助などを目的に活動する組織は何ですか？,防衛隊 陸上自衛隊 海上自衛隊 警察隊 消防隊 警備隊 保安隊 海上保安庁 軍隊 民間防衛隊
シエスタ,ヨーロッパ,スペインなどで見られる、暑い時間帯に昼休みを取る習慣を何といいますか？,昼寝 午睡 昼休憩 休憩 休息 午後休憩 昼休み 夕寝 夕休み 夜休憩
シェールガス,世界,地下深くの頁岩層から採取される天然ガスを何といいますか？,天然ガス メタンガス 石油 石炭 バイオガス ガスハイドレート LPG 石油ガス LPGガス プロパンガス
潮目(塩境),日本,暖流と寒流がぶつかり、好漁場となる海の境界を何といいますか？,潮境 潮流境界 潮境界 海流境界 水温境界 寒暖境界 海流衝突境界 漁場境界 海水境界 海洋境界
四季,日本,日本の気候の特徴である、春・夏・秋・冬のような季節の区分を何といいますか？,季節 春夏秋冬 季節区分 季節変動 季節分け 季節変遷 季節変化 変季 気候変動 気温変動
時差,世界,地球の自転により地域ごとに生じる標準時の違いを何といいますか？,タイムゾーン 世界標準時 標準時差 地方時 経度基準 日付変更線 差時計 緯度差 交替時間 時間帯
自助,日本,防災において、自分の身は自分で守るという考え方を何といいますか？,自己防衛 自律 自立 自警 自活 自衛 共助 公助 自律防災 防犯
地震,日本,日本で多く発生する、地面が揺れる自然現象を何といいますか？,地震動 震動 断層活動 震災 プレート運動 津波 火山噴火 地割れ 地滑り 土砂崩れ
施設園芸農業,日本,ビニールハウスなどの施設を使って野菜や果物を栽培する農業を何といいますか？,温室栽培 ビニールハウス農業 屋内農業 水耕栽培 養液栽培 有機農業 土耕栽培 露地栽培 伝統農業 自然農法
自然災害,日本,台風・地震・津波など、自然が原因で起こる災害を何といいますか？,地震 津波 台風 洪水 土砂災害 火山噴火 竜巻 雷害 人災 災害
持続可能な社会,日本,将来の世代の生活も考えて、資源や環境を守りながら発展していく社会を何といいますか？,サステナブル社会 持続可能社会 環境共生社会 環境持続型社会 環境保全社会 環境調和社会 グリーン社会 循環型社会 エコ社会 環境破壊社会
自動車工業,日本,日本の代表的な輸出産業で、自動車を製造する産業を何といいますか？,機械工業 電気工業 鉄鋼工業 精密機械工業 造船工業 化学工業 プラスチック工業 繊維工業 食品工業 農業
自動車輸送,日本,道路を使ってトラックなどで物を運ぶ輸送方法を何といいますか？,トラック輸送 貨物輸送 バス輸送 鉄道輸送 航空輸送 海上輸送 内陸水運 パイプライン輸送 軌道輸送 自転車輸送
地場産業,日本,その地域に根ざし、伝統や地元資源を生かした産業を何といいますか？,伝統工芸 郷土産業 地域産業 地域工業 地元産業 特産品産業 地域資源産業 地域経済産業 地方産業 産業廃棄物
死亡率,世界,ある地域で一定期間に亡くなる人の割合を何といいますか？,死亡率比 死亡割合 死亡比率 死亡指数 死者率 死亡人口比 死者数 死亡数 死亡指標 死亡率変動
島国,日本,周囲を海に囲まれている国のことを何といいますか？,島嶼国 群島国 海洋国家 環礁国 半島国 島国国家 大陸国 大陸国家 大陸島 国土国家
じゃがいも,日本,北海道で多く生産される、でんぷんを多く含む根菜類の作物は何ですか？,さつまいも 里芋 山芋 大根 ごぼう 蓮根 玉ねぎ 人参 かぼちゃ トマト
州,世界,アメリカやオーストラリアなどで使われる地方行政の単位を何といいますか？,省 県 自治州 地方自治区 自治区 行政区 管区 地方区 分州 連邦区
重化学工業,日本,鉄鋼・機械・化学製品など、重くて大型な製品をつくる工業を何といいますか？,重工業 鉄鋼工業 機械工業 化学工業 造船業 電気工業 電子工業 軽工業 製造業 金属加工業
住居,日本,人々が生活するための建物のことを何といいますか？,住宅 家 一戸建て 住まい 屋敷 アパート マンション ハウス 長屋 団地
宗教,世界,神や仏を信じる信仰や儀式などの体系を何といいますか？,信仰 教義 宗派 教派 宗教体系 神道 仏教 キリスト教 霊教 精神文化
縮尺,日本,地図上の距離と実際の距離の比率を何といいますか？,比率 スケール 割合 比例比 地図尺度 測量尺度 目盛り 拡大率 縮小率 縮尺記号
主食,日本,日本などで主に食べられている米のような中心となる食べ物を何といいますか？,穀物 ご飯 米飯 粗食 麦 パン 麺類 食糧 食料 穀類
主題図,日本,地図の中で特定の事柄（人口・気候・産業など）を表した地図を何といいますか？,統計地図 専門地図 テーマ地図 分布図 地形図 人口図 略地図 工業図 経済地図 一般図
出生率,世界,人口に対するある期間の出生数の割合を何といいますか？,出生人口 出生数 出生割合 新生児率 人口動態 人口増加率 人口成長率 赤ちゃん率 子供数 誕生率
首都,世界,国の政治や行政の中心となる都市を何といいますか？,首府 中心都市 都市 国家首都 都 会 市街 地方都市 政治中心 大都市
省エネルギー,日本,エネルギーの無駄をなくして効率的に使おうとする取り組みを何といいますか？,節電 エネルギー効率 エネルギー節約 省電力 エコ 活用効率 エネルギー対策 エネルギー管理 省資源 資源節約
商業,日本,商品を売買する活動や、それを行う産業を何といいますか？,販売 流通 小売業 販売業 取引 売買 商店 商社 買い物 商売
少子化,日本,子どもが生まれる数が減少する現象を何といいますか？,出生率低下 出生減 少子社会 子供減 少産児数 子供減少 出生減少 人口減少 社会変化 人口減
少子高齢社会,日本,子どもの割合が減り、高齢者の割合が増えている社会を何といいますか？,高齢社会 少子化 高齢化 社会構造変化 高齢者増加 子供減少 人口構造変化 高齢人口増加 人口問題 高齢人口比率
少数民族,世界,国の中で人口が少なく、独自の言語や文化を持つ民族を何といいますか？,マイノリティ 民族集団 民族グループ 民族コミュニティ 民族 集団 独自文化 独自言語 マイノリティグループ 少数派
情報格差,日本,インターネットやパソコンの利用の有無によって生まれる情報の差を何といいますか？,情報差 ICT格差 ネット格差 情報不平等 情報アクセス格差 デジタル格差 技術格差 情報アクセス差 電子格差 通信格差
情報通信,日本,電話やインターネットなどを使って情報をやり取りすることを何といいますか？,コミュニケーション 情報伝達 情報交換 ネットワーク 通信 通信手段 電話 インターネット デジタル通信 電話通信
情報通信技術(ICT)関連産業,日本,コンピュータやネットワークを利用する産業を何といいますか？,ソフトウェア産業 通信産業 ハードウェア産業 ネットワーク運用産業 デジタルコンテンツ産業 電子商取引産業 ITサービス産業 クラウドサービス産業 インターネットサービス産業 コンピュータ製造産業
食文化,日本,地域や国によって異なる、食べ物や食事に関する習慣のことを何といいますか？,食習慣 食事様式 料理文化 飲食習慣 伝統食 食生活 地域料理 風土食 食習慣文化 食作法
植民地,世界,外国によって政治・経済の支配を受けていた地域を何といいますか？,植民地支配 植民地化 支配地域 旧植民地 保護領 租界 支配地 宗主国 従属国 コロニー
食料自給率,日本,国内の食料消費量に対して、どれだけ自国でまかなえているかを示す割合を何といいますか？,自給率 食糧自給率 食物自給率 国内生産率 食料供給率 食料生産率 国内自給率 自給率指標 食料供給割合 食料自足率
ショッピングセンター,日本,多くの店舗が集まった、大型の買い物施設を何といいますか？,デパート モール 商店街 百貨店 スーパー マーケット モール街 屋台 市場 商業施設
第1次産業,日本,農業・林業・水産業など、自然の恵みを利用する産業を何といいますか？,第2次産業 第3次産業 製造業 商業 サービス業 金融業 建設業 漁業 運輸業 情報通信業
第3次産業,日本,商業・運輸・サービス業など、人の働きが中心の産業を何といいますか？,第1次産業 第2次産業 農業 製造業 建設業 林業 水産業 医療業 教育業 観光業
大豆,日本,日本で味噌・豆腐・しょうゆなどに使われる主要な作物は何ですか？,小麦 とうもろこし じゃがいも さつまいも りんご ぶどう 米 大根 たまねぎ ほうれん草
対せき点,日本,海の水がぶつかり合い、潮目となる海の地点を何といいますか？,潮目 湾岸 岬 河口 海峡 海溝 海盆 沖合 島嶼 海岸線
台地,日本,周囲よりも高く、比較的平らな地形を何といいますか？,丘陵 山地 平野 峡谷 盆地 高原 渓谷 山脈 平地 高地
第2次産業,日本,鉱工業・建設業など、ものをつくる産業を何といいますか？,第1次産業 第3次産業 農業 商業 サービス業 運輸業 林業 漁業 情報通信業 金融業
台風,日本,夏から秋にかけて日本に接近・上陸する熱帯性の低気圧を何といいますか？,竜巻 豪雨 地震 噴火 低気圧 高気圧 大雪 豪雪 洪水 線状降水帯
太平洋ベルト,日本,東京から北九州にかけて工業が集中している地帯を何といいますか？,瀬戸内工業地域 京浜工業地帯 中京工業地帯 北関東工業地域 東海工業地域 南九州工業地域 関東平野 中部地方 近畿地方 北海道
大洋,世界,太平洋や大西洋のような、広い海域のことを何といいますか？,海峡 海盆 湾 岬 半島 大陸棚 大陸湾 海洋 太洋 大海
太陽光発電,日本,太陽の光エネルギーを利用して電気をつくる発電方法を何といいますか？,風力発電 水力発電 火力発電 原子力発電 地熱発電 バイオマス発電 洋上風力発電 潮力発電 石炭火力発電 メタンハイドレート発電
大陸,世界,ユーラシア・アフリカなど、広大な陸地を何といいますか？,島 半島 大陸棚 海峡 洋上 平原 盆地 山脈 氷床 大陸塊
大陸棚,世界,大陸の周辺に広がる、比較的浅く平らな海底のことを何といいますか？,大陸斜面 海溝 海盆 洋上棚 河口 三角州 峡谷 海峡 沖合 浅瀬
高潮,日本,台風などの影響で海面が異常に高くなる現象を何といいますか？,津波 黒潮 潮汐 親潮 海面上昇 気候変動 赤潮 海流変動 波浪 温暖化
高床,日本,湿気や洪水を避けるために、床を高くした住居の構造を何といいますか？,平屋 切妻屋根 平家 建築 構造 高層ビル アパート マンション 木造住宅 瓦葺
多国籍企業,世界,複数の国に支社や工場を持つ大規模な企業を何といいますか？,国際企業 地方企業 中小企業 多国間組織 NGO 政府系企業 国内企業 合弁企業 企業グループ グローバル企業
多文化社会,日本,さまざまな国や文化を持つ人々が共に暮らす社会を何といいますか？,単一民族社会 同質社会 多言語社会 国際社会 移民社会 市民社会 伝統社会 共同体 社会主義社会 多様性社会
ターミナル駅,日本,複数の鉄道路線が集まり、乗り換えの中心となる駅を何といいますか？,始発駅 終着駅 停車駅 快速駅 特急駅 主要駅 地方駅 郊外駅 中央駅 駅前
ダム,日本,川の水をせき止めて貯水や発電などを行う施設を何といいますか？,水門 水路 水道 池 湖 海峡 河川 溜池 貯水池 運河
ため池,日本,農業用水などのために作られた、小規模な人工の池を何といいますか？,貯水池 湖 ダム 川 海 洋池 水門 池塘 溜池 灌漑池
タンカー,世界,石油やガスなどの液体を大量に運ぶ専用の船を何といいますか？,貨物船 コンテナ船 フェリー 漁船 タグボート 輸送船 客船 巡視船 哨戒船 駆逐艦
単作,世界,同じ土地で1年に1種類の作物だけを育てる農業を何といいますか？,輪作 混作 集約農業 畑作 水田 農園 林業 酪農 牧畜 園芸
暖流,世界,周囲の海水よりも水温が高く、温かい海流を何といいますか？,寒流 潮流 海流 潮汐 満潮 干潮 沖合 深層流 表層流 巡航流
地域おこし,日本,過疎化などに悩む地域を活性化しようとする取り組みを何といいますか？,過疎化 地域振興 地域開発 地域再生 都市化 過密化 地域活性化 地方創生 市街化 持続可能性
地域区分,日本,日本を気候や地形などの特徴で分けた地域の分け方を何といいますか？,行政区分 気候区分 土地利用区分 文化圏区分 経済圏区分 自然区分 人口区分 地形区分 交通区分 商業区分
地球温暖化,世界,温室効果ガスの増加により地球の気温が上昇する現象を何といいますか？,酸性雨 オゾン層破壊 地球寒冷化 温室効果 気候変動 大気汚染 エルニーニョ 珊瑚白化 酸素不足 二酸化炭素増加
地球儀,日本,地球の表面を球体に縮小して表した模型を何といいますか？,地図 地形模型 地図帳 地理模型 世界地図 大陸模型 海洋模型 気候模型 天体模型 地形図
畜産,日本,牛・豚・鶏などの家畜を育てて肉や乳製品を生産する産業を何といいますか？,農業 水産業 林業 漁業 製造業 養殖業 鉱業 サービス業 工業 商業
地形図,日本,等高線を使って土地の高低や地形を詳しく表した地図を何といいますか？,道路地図 観光地図 世界地図 地図帳 気候図 行政地図 地理院地図 衛星写真 トポグラフィー図 海図
地図記号,日本,地図上で建物や施設などを表すために使われる統一された記号を何といいますか？,等高線 縮尺 目盛り 凡例 図例 記号 表記 図示 表示 マーク
地図帳,日本,地理の学習に使う、さまざまな地図がまとめられた本を何といいますか？,辞書 事典 教科書 図鑑 百科事典 地理書 年鑑 報告書 手帳 年表
地中海式農業,世界,夏に乾燥し冬に雨が多い気候で、オリーブやブドウなどを育てる農業を何といいますか？,畑作 酪農 稲作 混作 集約農業 牧畜 林業 漁業 園芸 農園
地中海性気候,世界,夏は高温乾燥、冬は温暖湿潤になる、地中海沿岸に多く見られる気候を何といいますか？,熱帯雨林気候 砂漠気候 温帯湿潤気候 ツンドラ気候 亜寒帯気候 ステップ気候 高山気候 サバナ気候 西岸海洋性気候 モンスーン気候
地熱,日本,地下の熱エネルギーを利用する自然現象や資源を何といいますか？,太陽光 火山活動 風力 波力 潮力 地球内部 熱帯夜 乾燥 地層 圧力
地熱発電,日本,地下の熱を使って発電する方法を何といいますか？,火力発電 水力発電 風力発電 太陽光発電 原子力発電 バイオマス発電 洋上風力発電 潮力発電 ガス発電 石炭火力発電
茶,日本,日本の静岡県や鹿児島県で多く生産される飲料の原料となる植物は何ですか？,コーヒー カカオ トウモロコシ 大豆 小麦 ジャガイモ 米 サトウキビ ぶどう りんご
中京工業地帯,中部,愛知県を中心に広がる、日本有数の工業地域を何といいますか？,京浜工業地帯 瀬戸内工業地域 北九州工業地帯 京葉工業地域 中京圏 東海地方 関東地方 近畿地方 九州地方 四国地方
中小企業,日本,日本の産業の中心を担い、大企業よりも規模の小さい会社を何といいますか？,大企業 ベンチャー企業 外資系企業 上場企業 非上場企業 公企業 独立企業 合同会社 合資会社 有限会社
調整池,日本,都市の洪水対策のために作られる一時的に水をためる池を何といいますか？,貯水池 ダム 河川 溜池 池塘 湖 水門 水路 河川敷 一時池
通信衛星,世界,人工衛星を使ってテレビや電話などの信号を中継するものを何といいますか？,気象衛星 GPS衛星 通信ケーブル 宇宙望遠鏡 人工衛星ロケット 宇宙ステーション 地球観測衛星 軍事衛星 レーダー衛星 電波望遠鏡
通信販売,日本,電話やインターネットで商品を注文し、配送してもらう販売方法を何といいますか？,店舗販売 直販 店頭販売 卸売り 市場販売 セールスプロモーション 展示会 販売所 代理店 販売店
対馬海流,日本,日本海を北上し朝鮮半島や対馬の近くを通る暖流を何といいますか？,親潮 黒潮 千島海流 リマン海流 東シナ海流 対流 潮流 海流 潮汐 海峡
津波,日本,地震などの影響で海底が動き、大きな波が陸地に押し寄せる現象を何といいますか？,高潮 津波警報 海流 波浪 洪水 地滑り 津波対策 防災 地震波 津波被害
梅雨,日本,6月ごろに日本で見られる長期間の雨が続く季節を何といいますか？,乾季 雨季 台風 秋雨季 春雨季 梅雨前線 霧雨 豪雨 集中豪雨 降雨期
ツンドラ気候,世界,北極圏に見られる、夏でも木が育たない寒冷な気候を何といいますか？,寒帯気候 温帯気候 亜寒帯気候 亜熱帯気候 熱帯気候 温暖湿潤気候 地中海性気候 砂漠気候 サバナ気候 西岸海洋性気候
泥炭地,日本,湿地で植物が分解されずに積もり、泥炭となっている土地を何といいますか？,湿地帯 砂地 砂漠 森林 草原 湖沼 河川 沼地 高原 山地
TPP(環太平洋経済連携協定),世界,太平洋周辺の国々で関税の撤廃などを目指す経済連携協定を何といいますか？,NAFTA EU ASEAN WTO GATT OECD OPEC ODA FTA IMF
堤防,日本,洪水から土地や住民を守るために川沿いに作られる構造物を何といいますか？,護岸 堤防堤 扇状地 河岸 堰 ダム 水門 橋梁 水路 運河
出稼ぎ,日本,住んでいる地域を離れて働きに出ることを何といいますか？,内職 通勤 失業 移住 帰郷 出張 就職 転職 就労 雇用
適地適作,日本,その土地の気候や風土に合った農作物を育てることを何といいますか？,輪作 混作 集約農業 耕作放棄地 地産地消 有機農業 省力化農業 環境保全型農業 水田 畑作
鉄鋼業,日本,鉄鉱石を原料にして鉄や鋼を作る工業を何といいますか？,化学工業 食品工業 製紙工業 電子工業 繊維工業 製造業 機械工業 鉱業 自動車工業 建設業
鉄鉱石,世界,鉄を含む鉱石で、鉄鋼業の原料となるものを何といいますか？,銅鉱石 ボーキサイト 金鉱石 鉛鉱石 石炭 石油 天然ガス 石灰石 ニッケル鉱石 ウラン鉱石
デパート,日本,多くの売り場や商品がある大型の百貨店を何といいますか？,スーパー コンビニエンスストア モール ショッピングセンター 百貨店 商店街 ドラッグストア ホームセンター 市場 商業施設
テーマパーク,日本,遊園地や動物園などが集まった娯楽施設を何といいますか？,遊園地 動物園 博物館 水族館 美術館 スポーツ施設 映画館 ショッピングモール ホテル 観光地
電気機械工業,日本,電気を利用した機械や部品を製造する工業を何といいますか？,鉄鋼業 化学工業 繊維工業 食品工業 自動車工業 電子工業 製紙工業 建設業 鉱業 石油化学工業
転作,日本,米などの作物から他の作物に切り替えて栽培することを何といいますか？,輪作 混作 集約農業 休耕田 耕作放棄地 水田 畑作 有機農業 地産地消 省力化農業
電照栽培,日本,電気の光を利用して植物の生育を調整する栽培方法を何といいますか？,施設園芸農業 水耕栽培 露地栽培 有機農業 集約農業 省力化農業 畜産 混作 輪作 畑作
伝統行事,日本,古くから伝わる季節や地域の祭りや行事を何といいますか？,現代行事 祭典 新年行事 季節行事 宗教行事 地域行事 行政行事 文化祭 学園祭 伝統芸能
伝統的工芸品,日本,地域に伝わる技術で作られる手工芸品を何といいますか？,民芸品 工業製品 大量生産品 工芸品 美術品 工芸技術 手作り製品 工房製品 産業製品 伝統工芸
天然ガス,世界,地中に存在する燃料用の気体状の資源を何といいますか？,石油 石炭 天然石油 石灰石 鉱石 硫黄 メタン ガスハイドレート バイオガス 液化石油ガス
天然ゴム,日本,ゴムの木から採取される自然のゴムを何といいますか？,合成ゴム 石油ゴム ゴム樹脂 プラスチック ポリマー ナイロン ビニール シリコン 樹脂 エラストマー
東海工業地域,日本,愛知県を中心とした、日本有数の工業地域を何といいますか？,京浜工業地帯 阪神工業地帯 北九州工業地帯 中京工業地帯 瀬戸内工業地域 鹿島臨海工業地域 北陸工業地域 東北工業地域 京葉工業地域 山陽工業地域
東京大都市圏,日本,東京を中心とする、日本最大の都市圏を何といいますか？,大阪大都市圏 名古屋大都市圏 札幌都市圏 福岡都市圏 広島都市圏 神戸都市圏 横浜都市圏 仙台都市圏 川崎都市圏 京都都市圏
東経,世界,グリニッジ子午線の東側の経度を何といいますか？,西経 緯度 子午線 赤道 本初子午線 北緯 南緯 緯線 南極 北極
統計資料,日本,人口や産業などの数値をまとめた資料を何といいますか？,地図 年表 表計算 地理資料 統計グラフ 調査報告 経済白書 研究報告 政策資料 図鑑
等高線,日本,地図上で標高の高さを表す曲線を何といいますか？,等圧線 等温線 等線 等位線 地形線 地図線 高度線 地表線 傾斜線 起伏線
東南アジア諸国連合(ASEAN),アジア,東南アジアの国々が経済協力などを目的に結成した組織を何といいますか？,EU NAFTA AU TPP WTO OPEC NATO MERCOSUR APEC SAARC
東北地方太平洋沖地震(東日本大震災),日本,2011年に発生した大地震と津波で甚大な被害をもたらした災害を何といいますか？,阪神淡路大震災 関東大震災 能登半島地震 熊本地震 新潟中越地震 北海道胆振東部地震 伊豆大島噴火 雲仙普賢岳噴火 十勝沖地震 神戸地震
とうもろこし,日本,飼料や食用に使われる、主に北海道やアメリカで栽培される穀物を何といいますか？,米 小麦 大豆 そば 麦 あわ ひえ ごま 稗 黍
特別区,日本,東京都にある23区のように特別な区分けをされた区を何といいますか？,市 村 町 区 行政区 地区 都道府県 都市圏 政令指定都市 政令市
都市問題,日本,交通渋滞や環境汚染など都市で起こるさまざまな課題を何といいますか？,過疎問題 少子化 高齢化 自然災害 公害問題 空き家問題 ゴミ問題 住宅問題 労働問題 教育問題
都心,日本,都市の中心部で、商業や行政の中心が集まる地域を何といいますか？,郊外 中心街 繁華街 ビジネス街 街中 駅前 中央区 都市部 市街地 区役所前
土石流,日本,豪雨などで土砂や岩が急激に流れ下る自然災害を何といいますか？,地すべり 崖崩れ 洪水 津波 火山噴火 強風 高波 雷 落石 豪雨
土地利用,日本,人々が土地をどのように使っているかの状態を何といいますか？,都市開発 農地整備 森林管理 水利用 資源開発 都市化 土地改良 地価調査 環境整備 住宅地造成
都道府県,日本,日本を47に分けた行政区画を何といいますか？,市区町村 郡 市町村 区画 管轄 区分 地方 国 都 地域
都道府県庁所在地,日本,都道府県の行政の中心となる都市を何といいますか？,市役所 政令市 中心市 地方都市 地方中枢都市 区役所 地方庁所在地 中核市 中心区 主要都市
奴隷,世界,自由を奪われて他人に支配される人を何といいますか？,移民 労働者 囚人 百姓 農奴 浪人 奴婢 傭兵 捕虜 工夫
屯田兵,日本,明治時代に北海道開拓のために派遣された兵士を何といいますか？,農兵 開拓団 鉄道員 渡航者 郵便兵 義勇兵 兵卒 志願兵 入植者 兵農分離
内陸国,日本,海に面していない国を何といいますか？,沿岸国 離島国家 島国 平野国 砂漠国 山岳国 氷雪国 湿地国 高原国 港湾国
名古屋大都市圏,日本,名古屋市を中心とした都市圏を何といいますか？,大阪大都市圏 東京大都市圏 福岡都市圏 札幌都市圏 仙台都市圏 広島都市圏 北九州都市圏 京都都市圏 神戸都市圏 横浜都市圏
なつめやし,世界,砂漠地帯で栽培される果実をつける植物は何ですか？,オリーブ ぶどう いちじく ココナッツ バナナ マンゴー アボカド デーツ ドリアン グアバ
7地方区分,日本,日本の地方区分で、本州を東北・関東・中部などに分ける方法を何といいますか？,8地方区分 5地方区分 地域分け 都道府県区分 地理的区分 地方分類 国土区分 県別区分 市町村区分 広域区分
二期作,日本,日本の温暖な地域で、一年に二回作物を育てる農業を何といいますか？,二毛作 単作 連作 輪作 交互作 栽培転換 収穫増産 反復耕作 多段作 栽培転作
二酸化炭素,日本,地球温暖化の原因となる温室効果ガスの一つは何ですか？,メタン 一酸化炭素 窒素 酸素 水蒸気 フロン ガスエネルギー 石炭ガス 亜酸化窒素 塩素
日系人,世界,日本から移住した人の子孫を何といいますか？,移民 日本人 外国人 永住者 帰国者 海外邦人 海外在住者 ハーフ ニュージーランド人 日中ハーフ
二毛作,日本,1年に2種類の作物を順に栽培する農業を何といいますか？,二期作 単作 連作 輪作 交互作 栽培転換 反復栽培 畑作 農耕法 年間作
ニュータウン,日本,都市の周辺に計画的に作られた新しい住宅地を何といいますか？,団地 街並み サテライトシティ 住宅団地 新興住宅地 街づくり 再開発地 郊外都市 郊外型都市 ベッドタウン
ネイティブアメリカン,北アメリカ,アメリカ大陸の先住民族を何といいますか？,インディアン エスキモー アボリジニ イヌイット ハワイアン モンゴロイド ヒスパニック アメリンド メソアメリカ先住民 マヤ人
熱帯,世界,赤道付近に広がる、高温で一年中温暖な気候帯を何といいますか？,温帯 寒帯 砂漠帯 亜寒帯 地中海性気候 熱帯雨林気候 乾燥帯 高山気候 サバナ気候 モンスーン気候
熱帯雨林気候,世界,年間を通して降水量が多く、熱帯に多い気候を何といいますか？,サバナ気候 砂漠気候 ステップ気候 地中海性気候 温帯湿潤気候 モンスーン気候 高山気候 熱帯気候 亜熱帯気候 亜寒帯気候
濃霧,日本,視界が非常に悪くなるほど発生する霧を何といいますか？,朝霧 夜霧 海霧 山霧 蒸気霧 冷却霧 放射霧 気象霧 霧雨 霞
バイオ燃料,世界,植物や動物の有機物から作られる燃料を何といいますか？,再生可能エネルギー エタノール バイオディーゼル バイオガス 化石燃料 天然ガス 水素燃料 電気燃料 太陽光燃料 合成燃料
バイオマス,世界,生物由来の有機物資源の総称を何といいますか？,化石燃料 再生エネルギー 生態資源 木質資源 有機燃料 植物資源 燃焼資源 生物資源 燃料作物 グリーン資源
排他的経済水域,世界,沿岸国が資源を独占的に利用できる海域を何といいますか？,領海 公海 国際水域 接続水域 内水 外海 海域主権 特定海域 領海線 国際領域
パイプライン,世界,原油や天然ガスを陸上や海底で輸送するための管を何といいますか？,タンカー ホース 石油輸送管 ガス管 地中配管 エネルギー管線 液体輸送管 圧送管 高圧管 地下パイプ
ハザードマップ,日本,災害の危険性を示した地図を何といいますか？,防災マップ 避難地図 危険予測図 地震マップ 津波マップ 洪水マップ 土砂災害マップ 火山マップ 緊急避難マップ 防災図
畑作,日本,野菜や果物などを畑で栽培する農業を何といいますか？,水田作 施設園芸 露地栽培 酪農 果樹園芸 園芸農業 野菜作 果樹栽培 畑地農業 作物農業
発展途上国,世界,工業化が遅れて経済発展が進んでいない国を何といいますか？,先進国 新興国 新興工業国 工業国 開発国 後進国 資源国 農業国 経済国 開発途上国
ハブ空港,世界,多くの航空路線が集中し乗り換えが行われる空港を何といいますか？,国際空港 地方空港 拠点空港 都市空港 中継空港 集中空港 基幹空港 主要空港 メガ空港 輸送空港
ハリケーン,世界,北大西洋やカリブ海で発生する強い熱帯低気圧を何といいますか？,台風 サイクロン トルネード 低気圧 竜巻 熱帯低気圧 嵐 季節風 高気圧 モンスーン
阪神工業地帯,日本,大阪・神戸・尼崎を中心とした工業地域を何といいますか？,京浜工業地帯 中京工業地帯 北九州工業地帯 瀬戸内工業地域 東海工業地域 北陸工業地域 近畿工業地域 南関東工業地帯 関西工業地域 山陽工業地帯
干潟,日本,潮の満ち引きで海水が引いたときに現れる泥や砂の平らな海岸地形を何といいますか？,三角州 砂浜 サンゴ礁 海岸段丘 海食崖 潮間帯 潟湖 泥干潟 遠浅海岸 沖積地
ヒスパニック,世界,主にラテンアメリカ系のスペイン語を話す人々を何といいますか？,ラティーノ アングロサクソン メスティーソ ネイティブアメリカン カリブ系 ヨーロッパ系 アジア系 アフリカ系 多民族系 ラテン系
日付変更線,世界,地球上で日付が変わる基準となっている経線は何ですか？,本初子午線 東経180度線 西経180度線 標準時子午線 国際線 日界線 緯度線 緯線 経度線 地球時間線
ヒートアイランド現象,日本,都市部の気温が周辺より高くなる現象を何といいますか？,都市温暖化 都市気温上昇 都市化現象 温暖化現象 局所気候変化 気温集中現象 環境変化 都市集中現象 局地的気温上昇 暑熱現象
一人っ子政策,世界,中国が人口増加抑制のために実施した政策は何ですか？,人口調整政策 少子化政策 家族制限政策 人口制限法 出生制限政策 出生抑制制度 出産管理政策 子供制限法 児童抑制法 人口抑制条例
ビニールハウス,日本,野菜や果物を温度や湿度を調整して栽培する施設を何といいますか？,温室 ハウス栽培 グリーンハウス 加温栽培 施設栽培 栽培施設 園芸ハウス ガラス温室 半透明ハウス 密閉栽培
日干しれんが,世界,泥を日光で乾かして作る建築材料を何といいますか？,アドベ 日干しブロック 泥レンガ 土ブロック サンブリック 粘土ブロック 乾燥レンガ 天日レンガ 乾式レンガ ドライブロック
白夜,世界,極地で夏に一日中太陽が沈まない現象を何といいますか？,極夜 永昼 極昼 長日 現象日 夏至現象 地軸傾斜現象 太陽留まり 明るい夜 高緯度現象
兵庫県南部地震(阪神・淡路大震災),日本,1995年に発生し、多くの被害を出した関西地方の地震を何といいますか？,東日本大震災 関東大震災 中越地震 能登半島地震 福岡県西方沖地震 新潟地震 熊本地震 伊豆地震 南海地震 静岡地震
標準時,世界,地域ごとに定められた公式の時刻を何といいますか？,現地時 刻時 地方時 世界時 協定世界時 タイムゾーン 国際時 刻度時 緯度時 経度時
標準時子午線,世界,各標準時の基準となる経線を何といいますか？,本初子午線 緯度線 東経基準線 GMT線 世界時子午線 時刻基準線 タイムゾーン線 時間子午線 地球基準線 東西基準線
氷雪気候,世界,一年中寒冷で氷や雪が多い気候を何といいますか？,ツンドラ気候 寒帯気候 極地気候 極寒気候 永久凍土地帯 亜寒帯気候 高山気候 凍結地帯 極寒帯 霜雪気候
ヒンドゥー教,世界,インドを中心に信仰される多神教の宗教を何といいますか？,仏教 イスラム教 ジャイナ教 シーク教 キリスト教 道教 バラモン教 儒教 ゾロアスター教 土着信仰
ファーストフード店,世界,短時間で食べられる料理を提供する飲食店を何といいますか？,ファミリーレストラン 軽食店 スナック店 テイクアウト専門店 レストラン フードコート カフェテリア 立ち食い店 フードスタンド 飲食チェーン
フィヨルド,世界,氷河によって作られた入り江で、急な崖に囲まれた地形を何といいますか？,リアス海岸 三角江 湾入地形 入江 氷食谷 海岸段丘 崖地形 海食崖 氷河谷 陸中入り江
風力,世界,風の力を利用して発電するエネルギーを何といいますか？,水力 太陽光 地熱 バイオマス 潮力 火力 再生可能エネルギー 燃料電池 洋上風力 水車発電
フェアトレード,世界,発展途上国の生産者を支援するための公正な貿易を何といいますか？,国際貿易 公平取引 支援貿易 公正輸入 エシカルトレード 支援取引 国際支援取引 持続可能取引 発展支援貿易 倫理的貿易
フェリー,日本,船で人や車を運ぶ交通手段を何といいますか？,客船 貨客船 渡し船 船便 海上バス 観光船 通勤船 定期船 高速船 航送船
フォッサマグナ,日本,日本列島を東西に分ける大きな断層帯を何といいますか？,中央構造線 糸魚川静岡構造線 プレート境界 地溝帯 地質帯 分岐帯 火山帯 大断層 活断層 地溝構造
副都心,日本,大都市の中心市街地の周辺に計画的に整備された商業や業務の中心地区を何といいますか？,郊外中心地 新都市圏 地方中枢都市 中心街 ベッドタウン 郊外都市 新業務地 中心業務地区 第二都心 都市副区域
仏教,世界,インドで始まり、日本や東アジアに広がった宗教を何といいますか？,ヒンドゥー教 キリスト教 イスラム教 道教 神道 ジャイナ教 ゾロアスター教 シーク教 儒教 土着信仰
物流センター,日本,情報システムを活用し、商品の在庫管理から配送まで一括して行う大型の物流拠点を何といいますか？,倉庫 配送所 集配所 トラックターミナル 集中出荷所 ロジティクスセンター 貨物ターミナル 集荷センター 運送拠点 商品センター
ぶどう,日本,ワインや果物として栽培される、粒が集まった果実を何といいますか？,さくらんぼ いちご りんご メロン みかん ブルーベリー すもも もも キウイフルーツ パイナップル
プランテーション,世界,熱帯地域で大規模に単一作物を栽培する農園を何といいますか？,農場 農園 牧場 単作農園 農業団地 作物集中地 サトウキビ農場 バナナ園 綿花農場 農地開発地
プレート,世界,地球の表面を覆う大きな岩盤のかたまりを何といいますか？,地殻 マントル 地層 地盤 岩石層 地球層 地圏 地帯 地塊 断層体
プロテスタント,世界,キリスト教の一派で、カトリックと対立した宗派を何といいますか？,正教会 ルター派 カルヴァン派 東方正教会 アングリカン 派生宗派 キリスト教徒 宗教改革派 メソジスト 福音派
噴火,日本,火山からマグマや火山灰が噴き出す現象を何といいますか？,地震 地滑り 土石流 火災爆発 火山爆発 火山活動 噴煙放出 火砕流 山体崩壊 噴気現象
文化財,日本,歴史的・文化的価値が高い建造物や美術品などを何といいますか？,重要建築物 美術品 伝統建築 歴史的遺物 国宝 史跡 文化資産 有形資産 歴史的建造物 保護遺産
文献資料,日本,過去の情報を知るために書かれた書物や資料を何といいますか？,古文書 歴史資料 書籍 記録書 手稿 史料 書簡 古書 公文書 伝承記録
分布,日本,あるものがどこにどのくらい広がっているかを示すことを何といいますか？,分散 集中 分域 分離 配置 展開 所在 展示 範囲 所在地
平均寿命,日本,ある集団の人が平均して生きる年数を何といいますか？,平均年齢 期待寿命 生存年数 生涯年数 生存期間 人口寿命 長寿年数 生年数 寿命中央値 老年平均
平野,日本,周囲よりも低くて広い、比較的平らな土地を何といいますか？,盆地 台地 低地 高原 丘陵 谷地 低平地 干拓地 沖積地 川沿い地形
平和記念都市,日本,戦争の悲惨さを伝え、平和を願う都市のことを何といいますか？,戦争遺跡都市 慰霊都市 平和都市 平和博物館都市 記念碑都市 歴史保存都市 慰霊記念都市 恒久平和都市 平和協定都市 世界遺産都市
ベビーブーム,日本,戦後に出生率が急増した時期を何といいますか？,出生増加期 少子化前期 出生ラッシュ期 子ども増加期 出産集中期 戦後出生期 子育て期 出産ブーム期 家族増加期 人口急増期
偏西風,世界,中緯度地域に吹く西から東へ向かう風を何といいますか？,貿易風 季節風 モンスーン 極風 偏東風 恒常風 気圧風 周極風 風帯 高気圧風
貿易摩擦,世界,国と国の間で貿易条件をめぐって生じる対立を何といいますか？,関税争い 国際摩擦 取引摩擦 経済戦争 輸出入摩擦 輸出競争 輸入制限問題 通商摩擦 経済摩擦 国際対立
防災,日本,災害の被害を減らすための対策や取り組みを何といいますか？,減災 災害対策 危機管理 守災 避難訓練 災害準備 防衛策 防災管理 災害対応 危険回避
放牧,日本,家畜を草地で飼い育てることを何といいますか？,飼育 放し飼い 牧畜 放畜 野外飼育 草地畜産 群れ育成 草原放牧 草原育成 放牧管理
ボーキサイト,世界,アルミニウムの原料となる鉱石を何といいますか？,鉄鉱石 銅鉱石 錫鉱石 マンガン鉱石 亜鉛鉱石 鉛鉱石 クロム鉱石 モリブデン鉱石 レアメタル 石灰石
牧畜,日本,牛や羊などの家畜を飼育する農業を何といいますか？,畑作 稲作 果樹栽培 施設園芸 混合農業 放牧 酪農 養豚 養鶏 魚類養殖
北洋漁業,日本,日本の漁船が主に北太平洋やオホーツク海で行う漁業を何といいますか？,沖合漁業 遠洋漁業 沿岸漁業 養殖漁業 底引き網漁業 近海漁業 トロール漁業 北海漁業 北極漁業 近隣国漁業
北方領土,日本,日本とロシアが領有権を争っている四島を何といいますか？,千島列島 南樺太 小笠原諸島 対馬諸島 尖閣諸島 竹島 択捉国後色丹歯舞 四島列島 北千島 ロシア領土
本州四国連絡橋,日本,本州と四国を結ぶ橋やトンネルの総称を何といいますか？,明石海峡大橋 瀬戸大橋 しまなみ海道 大鳴門橋 津軽海峡連絡橋 九州本州連絡橋 海峡大橋 西瀬戸自動車道 本四架橋 瀬戸内橋
本初子午線,世界,経度0度の基準となる子午線を何といいますか？,東経 西経 赤道 北緯 南緯 国際日付変更線 世界標準時経線 経度基準線 グリニッジ経線 地球基準線
盆地,日本,周囲を山に囲まれた平地の地形を何といいますか？,平野 高原 台地 丘陵 谷地 山地 低地 河岸段丘 山間地 干拓地
マオリ,オセアニア,ニュージーランドの先住民族を何といいますか？,アボリジニ インディアン サモア人 タスマニア人 イヌイット パプア人 フィジー人 トレス諸島民 ネイティブオセアニアン ポリネシア人
祭り,日本,地域の伝統や季節を祝う行事を何といいますか？,年中行事 儀式 伝統行事 神事 イベント 宗教儀式 収穫祭 民俗行事 神楽 行列行事
マングローブ,世界,熱帯の海岸に生える塩に強い植物を何といいますか？,ヤシ サボテン バオバブ アカシア マホガニー ウユニソウ シーグラス ココヤシ パンダナス ヒルギ類
みかん,日本,日本の温暖な地域で多く栽培される柑橘類の果物は何ですか？,ゆず すだち だいだい ポンカン きんかん ネーブル はっさく グレープフルーツ レモン かぼす
民族,世界,共通の文化や言語を持つ人々の集団を何といいますか？,人種 国民 部族 民間集団 民俗 集団社会 国家単位 言語圏 民族群 民族団体
銘柄米,日本,ブランドとして知られる特定の品種の米を何といいますか？,コシヒカリ ササニシキ あきたこまち ひとめぼれ ミルキークイーン はえぬき つや姫 ななつぼし 夢ごこち ゆめぴりか
メスチーソ,世界,ヨーロッパ系と先住民族の混血を指す言葉は何ですか？,ムラート サンボ クレオール ハーフ エスニック ミスティーソ ネオメスチーソ メスティーソ ラティーノ メティ
メタンハイドレート,世界,海底や永久凍土に存在する燃料として注目される天然資源を何といいますか？,シェールガス 天然ガス 原油 可燃氷 石炭 ガスハイドレート 潜在エネルギー 液化ガス 凍結燃料 凍結ガス
綿花,世界,繊維の原料となる植物で、主に熱帯で栽培されるのは何ですか？,麻 ジュート サイザル麻 茶 サトウキビ ゴム バナナ トウモロコシ 小麦 大豆
モノカルチャー経済,世界,一つの産業や作物に依存する経済を何といいますか？,一次産品依存 単一産業経済 従属経済 資源依存型経済 一極集中経済 多角経済 重工業経済 持続可能経済 自給的経済 特化型経済
野外調査,日本,自然環境や地形を現地で観察・記録する調査方法を何といいますか？,室内調査 資料調査 インタビュー 文献調査 統計調査 実験調査 野外観察 現地踏査 フィールドワーク 実地観察
焼き畑農業,世界,森林を焼いてできた土地で作物を栽培する農業を何といいますか？,移動耕作 森林伐採農業 焼却農業 伐採耕作 焼畑 移動農業 潅漑農業 雨緑農業 熱帯農業 放火農業
やませ,東北,東北地方で夏に吹く冷たく湿った風を何といいますか？,フェーン 西風 季節風 貿易風 北風 偏西風 海風 陸風 東風 濃霧風
遊牧,世界,家畜とともに草原を移動しながら生活する牧畜の方法を何といいますか？,定住牧畜 移動農業 放牧 集約畜産 放し飼い牧畜 半遊牧 家畜流動型牧畜 旅牧 遊動牧畜 キャラバン牧畜
輸送園芸農業,日本,都市近郊で新鮮な野菜や花を生産し、すぐに出荷する農業を何といいますか？,近郊農業 集約農業 野菜農業 市場向け農業 園芸農業 施設園芸 軽作物農業 輸送農業 都市農業 出荷型農業
輸送機械工業,日本,自動車や鉄道車両などの輸送用機械を製造する工業を何といいますか？,機械組立工業 重工業 自動車工業 精密機械工業 製造機械工業 車両工業 輸送製品工業 交通機械工業 運搬機械工業 移動体工業
Uターン,日本,地方から都市に出た人が再び地元に戻ることを何といいますか？,Iターン Jターン Oターン 都市回帰 地元帰省 地域回帰 都市脱出 故郷移住 地元転居 地方再定住
油田,世界,石油が地中にたくさん溜まっている場所を何といいますか？,ガス田 石炭層 資源層 採掘地 鉱区 掘削地 石油鉱区 石油層 掘削場 原油田
ユーロ,世界,欧州連合の一部の国で使われている共通通貨を何といいますか？,ドル ポンド フラン クローナ ペセタ マルク リラ ドラクマ フィンマルク ペソ
養蚕,日本,カイコを飼育して繭から絹を作る産業を何といいますか？,絹織業 製糸業 蚕業 養毛業 繊維業 製繭業 絹糸業 繭業 カイコ飼育業 生糸業
養殖業,日本,魚や貝などを人工的に育てる漁業を何といいますか？,捕獲漁業 栽培漁業 放流漁業 網漁業 飼育漁業 人工漁業 人工育成漁業 水産養殖 魚類養殖 稚魚育成
抑制栽培,日本,植物の成長をコントロールして出荷時期を調整する栽培技術を何といいますか？,制限栽培 温度調整栽培 時期調整栽培 抑圧栽培 ハウス抑制 成長制御栽培 反季節栽培 コントロール栽培 計画栽培 調整栽培
ヨーロッパ共同体(EC),ヨーロッパ,ヨーロッパの経済統合を目的とした組織の旧称は何ですか？,EFTA NATO GATT COMECON WTO ECSC EEC 西欧同盟 欧州共同体 ヨーロッパ経済機構
ヨーロッパ連合(EU),ヨーロッパ,現在のヨーロッパの政治・経済統合を進める組織を何といいますか？,UNESCO NATO WTO OECD EC OPEC UN ILO WHO EU
酪農,日本,牛乳や乳製品を生産する農業を何といいますか？,畜産 飼育 放牧 酪農経営 乳牛産業 酪農場 牧畜業 乳業 牛飼い 牧場経営
ラテン系,ヨーロッパ,ヨーロッパのラテン語を起源とする文化圏の人々を何といいますか？,ゲルマン系 スラブ系 ケルト系 ノルマン系 バスク系 フィン系 イタリア系 フランス系 スペイン系 ポルトガル系
リアス海岸,日本,日本の入り組んだ海岸線を持つ地域を何といいますか？,断層海岸 海食崖 海岸段丘 潮汐海岸 砂浜海岸 火山海岸 海溝海岸 入江海岸 入り組み海岸 山陰海岸
リサイクル(再資源化),日本,資源を再利用するために製品を再生処理することを何といいますか？,再利用 再生資源 再製造 リユース 分別回収 資源回収 環境保全 廃品回収 資源循環 資源活用
離島,日本,本州や主要な島から離れた小さな島を何といいますか？,孤島 小島 僻地 離れ島 小離島 孤立島 外れ島 外島 無人島 孤在地
略地図,日本,主要な情報だけを簡略に示した地図を何といいますか？,概略図 簡易地図 概念地図 シンプルマップ イラストマップ 粗略図 スケッチマップ 概図 要点図 簡略版
流域面積,世界,川が流れる範囲の面積を何といいますか？,流域規模 流域範囲 流域広さ 流域分布 流域圏 流域地域 流域寸法 河川面積 水系面積 流域地形
流氷,日本,冬にオホーツク海などに見られる、海面に浮かぶ氷を何といいますか？,海氷 氷片 氷床 氷海 漂流氷 氷の海 砕氷 氷塊 氷雪 氷層
領域,日本,国家や地域が支配・管理している空間の範囲を何といいますか？,行政区 政治区画 支配地 範囲地域 統治圏 国土範囲 管轄区域 地域単位 管理区 範囲区分
領海,日本,国が主権を持つ海の範囲を何といいますか？,排他的海域 沿岸海域 海上領域 公海近辺 海洋権域 主権水域 海境界 海の領域 海上国境 沿岸範囲
領土,日本,国家が主権を持つ土地や島の範囲を何といいますか？,国土 所有地 主権地域 国家範囲 支配領域 統治地域 国家地 土地境界 国境内地 統治圏
臨海部,日本,海に面して都市が発展している地域を何といいますか？,湾岸部 港湾地域 沿岸部 海辺地域 海沿い都市 沿海工業地 臨海地域 沿岸帯 湾岸都市 海際地域
りんご,日本,主に東北地方や長野県で多く栽培される果物は何ですか？,もも なし ぶどう さくらんぼ かき いちご すもも みかん ざくろ キウイ
輪作,日本,畑で異なる作物を順番に栽培する農業の方法を何といいますか？,交代作物 交互作 再作 交作 交代農法 多様作物 多品目栽培 輪農法 交代栽培 周作
ルール工業地域,ヨーロッパ,ドイツのライン川流域にある工業地域を何といいますか？,ライン工業地帯 エッセン地域 西ドイツ工業地帯 炭鉱地帯 中央ヨーロッパ工業地帯 工業都市群 ドイツ重工地帯 ルール地帯 炭田地域 ドルトムント地域
レアメタル,世界,電子機器などに使われる希少な金属資源を何といいますか？,希少資源 貴金属 特殊金属 希土類 金属資材 新素材 レアアース 戦略金属 鉱物資源 先端素材
冷害,日本,気温が低く農作物の生育が悪くなる被害を何といいますか？,寒害 気温障害 異常低温 作物障害 天候被害 異常気象 冷気被害 農作損害 気象障害 作物不良
老年人口,日本,65歳以上の高齢者の人口を何といいますか？,高齢人口 高齢者数 老人層 高齢化率 シニア人口 年長者人口 高年齢人口 高齢者比率 高齢社会層 老年層
露店堀り,日本,江戸時代に行われた小規模な鉱山の採掘方法を何といいますか？,手掘り 坑道掘り 小規模採掘 表面採掘 土砂掘り 人力採掘 地表掘り 鉱山労働 土堀り 簡易採掘
ワーキングホリデー,世界,若者が一定期間、観光と就労を組み合わせて海外滞在する制度を何といいますか？,海外就労 観光就労制度 若者滞在制度 海外体験留学 留学兼労働 青年交流制度 国際経験制度 働きながら観光 外国滞在制度 海外労働滞在
